"Time (s)","Magnetic Field x (µT)","Magnetic Field y (µT)","Magnetic Field z (µT)","Absolute field (µT)"
3.977429200E-2,-3.393750000E1,3.943125153E1,3.506250143E0,5.214279714E1
4.977429200E-2,-3.418125153E1,3.900000000E1,3.975000143E0,5.201113902E1
5.977429200E-2,-3.421875000E1,3.960000229E1,3.918750048E0,5.248275559E1
6.977429200E-2,-3.390000153E1,3.916875076E1,4.406250000E0,5.198861586E1
7.977429200E-2,-3.388125229E1,3.924375153E1,4.406250000E0,5.203293505E1
8.977429200E-2,-3.416250229E1,3.930000305E1,4.050000191E0,5.222996558E1
9.977429200E-2,-3.386250305E1,3.915000153E1,4.050000191E0,5.192103845E1
1.097742920E-1,-3.388125229E1,3.909375000E1,4.143750191E0,5.189827754E1
1.197742920E-1,-3.367500305E1,3.926250076E1,4.181250095E0,5.189443755E1
1.297742920E-1,-3.363750076E1,3.926250076E1,4.050000191E0,5.185969461E1
1.397742920E-1,-3.358125305E1,3.898125076E1,4.218750000E0,5.162398976E1
1.497742920E-1,-3.367500305E1,3.920625305E1,4.256250381E0,5.185799626E1
1.597742920E-1,-3.373125076E1,3.922500229E1,4.200000286E0,5.190412397E1
1.697742920E-1,-3.346875000E1,3.924375153E1,4.275000095E0,5.175427409E1
1.797742920E-1,-3.388125229E1,3.943125153E1,4.275000095E0,5.216357426E1
1.897742920E-1,-3.380625153E1,3.941250229E1,4.125000000E0,5.208861300E1
1.997742920E-1,-3.391875076E1,3.943125153E1,4.237500191E0,5.218487959E1
2.097742920E-1,-3.378750229E1,3.943125153E1,4.237500191E0,5.209966714E1
2.197742920E-1,-3.382500076E1,3.967500305E1,4.162500381E0,5.230260943E1
2.297742920E-1,-3.390000153E1,3.950625229E1,3.806250095E0,5.219618389E1
2.397742920E-1,-3.406875229E1,3.961875153E1,3.843750238E0,5.239369973E1
2.497742920E-1,-3.401250076E1,3.963750076E1,4.012500286E0,5.238398451E1
2.597742920E-1,-3.388125229E1,3.961875153E1,4.050000191E0,5.228754374E1
2.697742920E-1,-3.393750000E1,3.975000000E1,4.050000191E0,5.242345761E1
2.797742920E-1,-3.406875229E1,3.956250000E1,3.787500143E0,5.234707677E1
2.897742920E-1,-3.423750305E1,3.965625000E1,3.787500143E0,5.252780156E1
2.997742920E-1,-3.401250076E1,3.941250229E1,3.675000191E0,5.218909054E1
3.097742920E-1,-3.395625305E1,3.965625000E1,3.862500191E0,5.235039821E1
3.197742920E-1,-3.384375000E1,3.976875305E1,3.787500143E0,5.235740913E1
3.297742920E-1,-3.384375000E1,3.973125076E1,3.750000238E0,5.232622863E1
3.397742920E-1,-3.367500305E1,3.967500305E1,3.506250143E0,5.215750653E1
3.497742920E-1,-3.360000229E1,3.980625153E1,3.525000095E0,5.221037675E1
3.597742920E-1,-3.354375076E1,3.982500076E1,3.731250048E0,5.220283640E1
3.697742920E-1,-3.339375305E1,3.997500229E1,3.787500143E0,5.222536461E1
3.797742920E-1,-3.345000076E1,4.023750305E1,3.693750143E0,5.245572412E1
3.897742920E-1,-3.335625076E1,4.025625229E1,3.525000095E0,5.239876849E1
3.997742920E-1,-3.330000305E1,4.010625076E1,3.562500238E0,5.225029150E1
4.097742920E-1,-3.331875229E1,4.035000229E1,3.450000048E0,5.244201025E1
4.197742920E-1,-3.322500229E1,4.057500076E1,3.656250238E0,5.256994987E1
4.297742920E-1,-3.320625305E1,4.042500305E1,3.600000143E0,5.243849840E1
4.397742920E-1,-3.330000305E1,4.042500305E1,3.262500048E0,5.247585141E1
4.497742920E-1,-3.328125000E1,4.053750229E1,3.281250238E0,5.255185341E1
4.597742920E-1,-3.322500229E1,4.055625153E1,3.225000143E0,5.252723999E1
4.697742920E-1,-3.326250076E1,4.051875305E1,3.168750048E0,5.251860892E1
4.797742920E-1,-3.326250076E1,4.072500229E1,3.206250191E0,5.268016523E1
4.897742920E-1,-3.305625153E1,4.068750000E1,3.131250143E0,5.251659879E1
4.997742920E-1,-3.296250153E1,4.061250305E1,2.850000143E0,5.238343643E1
5.097742920E-1,-3.298125076E1,4.098750305E1,2.887500048E0,5.268848038E1
5.197742920E-1,-3.305625153E1,4.110000229E1,3.093750238E0,5.283462164E1
5.297742920E-1,-3.294375229E1,4.098750305E1,2.943750143E0,5.266812970E1
5.397742920E-1,-3.286875153E1,4.106250000E1,2.793750048E0,5.267151766E1
5.497742920E-1,-3.296250153E1,4.095000076E1,3.000000000E0,5.265386092E1
5.597742920E-1,-3.251250076E1,4.080000305E1,2.625000000E0,5.223594146E1
5.697742920E-1,-3.262500000E1,4.081875229E1,2.681250095E0,5.232351542E1
5.797742920E-1,-3.281250000E1,4.089375305E1,2.868750095E0,5.250894135E1
5.897742920E-1,-3.281250000E1,4.076250076E1,2.700000048E0,5.239782080E1
5.997742920E-1,-3.260625076E1,4.098750305E1,2.643750191E0,5.244170488E1
6.097742920E-1,-3.251250076E1,4.113750076E1,2.681250095E0,5.250281685E1
6.197742920E-1,-3.249375153E1,4.117500305E1,2.906250000E0,5.253257136E1
6.297742920E-1,-3.230625153E1,4.149375153E1,2.775000095E0,5.266047786E1
6.397742920E-1,-3.243750000E1,4.168125153E1,3.112500191E0,5.290752113E1
6.497742920E-1,-3.241875076E1,4.160625076E1,3.093750238E0,5.283584762E1
6.597742920E-1,-3.228750229E1,4.166250229E1,3.225000143E0,5.280764648E1
6.697742920E-1,-3.228750229E1,4.155000305E1,3.450000048E0,5.273317796E1
6.797742920E-1,-3.200625229E1,4.149375153E1,3.412500143E0,5.251453854E1
6.897742920E-1,-3.219375229E1,4.149375153E1,3.637500048E0,5.264409282E1
6.997742920E-1,-3.219375229E1,4.128750229E1,3.881250143E0,5.249913937E1
7.097742920E-1,-3.215625000E1,4.108125305E1,3.787500143E0,5.230715939E1
7.197742920E-1,-3.208125305E1,4.089375305E1,3.843750238E0,5.211794558E1
7.297742920E-1,-3.206250000E1,4.066875076E1,3.956250191E0,5.193845503E1
7.397742920E-1,-3.210000229E1,4.059375000E1,4.012500286E0,5.190725233E1
7.497742920E-1,-3.230625153E1,4.053750229E1,3.843750238E0,5.197843202E1
7.597742920E-1,-3.255000305E1,4.033125305E1,3.956250191E0,5.197850120E1
7.697742920E-1,-3.256875229E1,4.021875000E1,3.825000048E0,5.189317973E1
7.797742920E-1,-3.273750305E1,4.035000229E1,3.825000048E0,5.210083892E1
7.897742920E-1,-3.286875153E1,4.035000229E1,4.050000191E0,5.220038327E1
7.997742920E-1,-3.307500076E1,4.021875000E1,4.312500000E0,5.225037017E1
8.097742920E-1,-3.331875229E1,4.051875305E1,4.575000286E0,5.265775565E1
8.197742920E-1,-3.339375305E1,4.063125229E1,4.293750286E0,5.276815040E1
8.297742920E-1,-3.313125229E1,4.072500229E1,4.500000000E0,5.269208375E1
8.397742920E-1,-3.337500000E1,4.076250076E1,4.537500381E0,5.287779310E1
8.497742920E-1,-3.361875153E1,4.061250305E1,4.762500286E0,5.293654000E1
8.597742920E-1,-3.375000000E1,4.044375229E1,4.668750286E0,5.288248130E1
8.697742920E-1,-3.403125000E1,4.061250305E1,4.706250191E0,5.319445621E1
8.797742920E-1,-3.450000000E1,4.070625305E1,4.462500095E0,5.354589568E1
8.897742920E-1,-3.472500229E1,4.061250305E1,4.368750095E0,5.361237885E1
8.997742920E-1,-3.510000229E1,4.050000000E1,4.537500381E0,5.378521238E1
9.097742920E-1,-3.583125305E1,4.036875153E1,4.612500191E0,5.417370167E1
9.197742920E-1,-3.596250153E1,4.035000229E1,4.987500191E0,5.427982460E1
9.297742920E-1,-3.628125000E1,4.044375229E1,4.950000286E0,5.455757238E1
9.397742920E-1,-3.678750229E1,4.044375229E1,5.231250286E0,5.492161144E1
9.497742920E-1,-3.688125229E1,4.035000229E1,5.456250191E0,5.493742005E1
9.597742920E-1,-3.686250305E1,4.033125305E1,5.550000191E0,5.492045708E1
9.697742920E-1,-3.727500153E1,4.048125076E1,5.475000381E0,5.530038907E1
9.797742920E-1,-3.757500076E1,4.035000229E1,5.418750286E0,5.540186118E1
9.897742920E-1,-3.768750000E1,4.029375076E1,5.400000095E0,5.543549412E1
9.997742920E-1,-3.815625000E1,4.046250153E1,5.118750095E0,5.585082852E1
1.009774292E0,-3.840000153E1,4.036875153E1,5.118750095E0,5.594995817E1
1.019774292E0,-3.843750000E1,4.050000000E1,4.987500191E0,5.605859938E1
1.029774292E0,-3.875625229E1,4.044375229E1,4.706250191E0,5.621292540E1
1.039774292E0,-3.915000153E1,4.065000153E1,4.706250191E0,5.663297656E1
1.049774292E0,-3.937500000E1,4.048125076E1,4.856250286E0,5.668073266E1
1.059774292E0,-3.978750229E1,4.057500076E1,5.306250095E0,5.707479580E1
1.069774292E0,-3.999375153E1,4.063125229E1,5.493750095E0,5.727634864E1
1.079774292E0,-4.021875000E1,4.053750229E1,5.681250095E0,5.738565627E1
1.089774292E0,-4.066875076E1,4.080000305E1,5.718750000E0,5.789034150E1
1.099774292E0,-4.149375153E1,4.093125153E1,5.700000286E0,5.856269094E1
1.109774292E0,-4.198125076E1,4.096875000E1,5.943750381E0,5.895924067E1
1.119774292E0,-4.275000000E1,4.108125305E1,6.262500286E0,5.961921471E1
1.129774292E0,-4.342500305E1,4.132500076E1,6.375000477E0,6.028372259E1
1.139774292E0,-4.391250229E1,4.179375076E1,6.450000286E0,6.096415310E1
1.149774292E0,-4.460625076E1,4.201875305E1,6.562500477E0,6.163083342E1
1.159774292E0,-4.531875229E1,4.243125153E1,6.525000095E0,6.242416232E1
1.169774292E0,-4.601250076E1,4.258125305E1,6.881250381E0,6.306873191E1
1.179774292E0,-4.655625153E1,4.265625000E1,7.162500381E0,6.354794750E1
1.189774292E0,-4.781250000E1,4.305000305E1,7.443750381E0,6.476686914E1
1.199774292E0,-4.845000076E1,4.312500000E1,7.425000191E0,6.528628360E1
1.209774292E0,-4.920000076E1,4.321875000E1,7.856250286E0,6.595620589E1
1.219774292E0,-5.008125305E1,4.314375305E1,7.950000286E0,6.657865904E1
1.229774292E0,-5.118750381E1,4.329375076E1,7.950000286E0,6.751082807E1
1.239774292E0,-5.218125153E1,4.323750305E1,8.287500381E0,6.827186348E1
1.249774292E0,-5.351250076E1,4.335000229E1,8.287500381E0,6.936492701E1
1.259774292E0,-5.456250381E1,4.350000000E1,8.362500191E0,7.027978537E1
1.269774292E0,-5.553750229E1,4.351875305E1,8.550000191E0,7.107319137E1
1.279774292E0,-5.673750305E1,4.366875076E1,8.681250572E0,7.212120463E1
1.289774292E0,-5.795625305E1,4.385625076E1,8.531250000E0,7.317841366E1
1.299774292E0,-5.906250381E1,4.395000076E1,8.718750000E0,7.413500203E1
1.309774292E0,-6.024375153E1,4.408125305E1,9.056250572E0,7.519629075E1
1.319774292E0,-6.125625229E1,4.411875153E1,9.150000572E0,7.604285102E1
1.329774292E0,-6.217500305E1,4.419375229E1,9.506250381E0,7.687124002E1
1.339774292E0,-6.309375381E1,4.426875305E1,9.731250763E0,7.768681683E1
1.349774292E0,-6.393750381E1,4.417500305E1,9.862500191E0,7.833711891E1
1.359774292E0,-6.515625000E1,4.400625229E1,9.750000000E0,7.922720274E1
1.369774292E0,-6.648750305E1,4.398750305E1,9.881250381E0,8.033136122E1
1.379774292E0,-6.808125305E1,4.411875153E1,1.010625076E1,8.175363942E1
1.389774292E0,-6.948750305E1,4.400625229E1,1.014375019E1,8.287314999E1
1.399774292E0,-7.126875305E1,4.417500305E1,1.042500019E1,8.449465477E1
1.409774292E0,-7.301250458E1,4.417500305E1,1.044375038E1,8.597283665E1
1.419774292E0,-7.498125458E1,4.430625153E1,1.061250019E1,8.773743570E1
1.429774292E0,-7.706250000E1,4.443750000E1,1.087500000E1,8.961911592E1
1.439774292E0,-7.925625610E1,4.475625229E1,1.140000057E1,9.173132651E1
1.449774292E0,-8.133750153E1,4.498125076E1,1.183125019E1,9.369674784E1
1.459774292E0,-8.338125610E1,4.507500076E1,1.215000057E1,9.556051526E1
1.469774292E0,-8.572500610E1,4.554375076E1,1.245000076E1,9.786732051E1
1.479774292E0,-8.808750153E1,4.584375000E1,1.256250095E1,1.000943244E2
1.489774292E0,-9.048750305E1,4.618125153E1,1.282500076E1,1.023971525E2
1.499774292E0,-9.318750000E1,4.650000000E1,1.321875095E1,1.049804531E2
1.509774292E0,-9.573750305E1,4.691250229E1,1.331250095E1,1.074414959E2
1.519774292E0,-9.855000305E1,4.713750076E1,1.361250019E1,1.100879069E2
1.529774292E0,-1.015875015E2,4.734375000E1,1.383750057E1,1.129288606E2
1.539774292E0,-1.049250031E2,4.747500229E1,1.381875038E1,1.159917668E2
1.549774292E0,-1.080375061E2,4.736250305E1,1.406250095E1,1.187984148E2
1.559774292E0,-1.115250015E2,4.732500076E1,1.447500038E1,1.220123244E2
1.569774292E0,-1.148812561E2,4.743750000E1,1.479375076E1,1.251673858E2
1.579774292E0,-1.190625076E2,4.775625229E1,1.500000095E1,1.291570377E2
1.589774292E0,-1.234687576E2,4.809375381E1,1.537500095E1,1.333939051E2
1.599774292E0,-1.275562515E2,4.846875381E1,1.576875019E1,1.373625527E2
1.609774292E0,-1.319625092E2,4.884375381E1,1.591875076E1,1.416094020E2
1.619774292E0,-1.362375031E2,4.927500153E1,1.631250000E1,1.457901940E2
1.629774292E0,-1.410937500E2,4.972500229E1,1.676250076E1,1.505357219E2
1.639774292E0,-1.457437592E2,5.006250381E1,1.683750153E1,1.550193507E2
1.649774292E0,-1.508062592E2,5.002500153E1,1.698750114E1,1.597923771E2
1.659774292E0,-1.551562500E2,4.980000305E1,1.719375038E1,1.638570330E2
1.669774292E0,-1.593750000E2,4.961250305E1,1.725000000E1,1.678074897E2
1.679774292E0,-1.641937561E2,4.946250153E1,1.713750076E1,1.723363645E2
1.689774292E0,-1.685625000E2,4.927500153E1,1.723125076E1,1.764603587E2
1.699774292E0,-1.727625122E2,4.888125229E1,1.717500114E1,1.803641958E2
1.709774292E0,-1.768875122E2,4.869375229E1,1.693125153E1,1.842469559E2
1.719774292E0,-1.811812592E2,4.837500381E1,1.681875038E1,1.882808010E2
1.729774292E0,-1.852500000E2,4.811250305E1,1.650000000E1,1.921057663E2
1.739774292E0,-1.894312592E2,4.770000076E1,1.584375095E1,1.959860109E2
1.749774292E0,-1.938187561E2,4.691250229E1,1.531875038E1,2.000028930E2
1.759774292E0,-1.977187653E2,4.606875229E1,1.451250076E1,2.035329279E2
1.769774292E0,-2.017687531E2,4.496250153E1,1.366875076E1,2.071692328E2
1.779774292E0,-2.062125092E2,4.408125305E1,1.295625019E1,2.112690707E2
1.789774292E0,-2.103187561E2,4.316250229E1,1.224375057E1,2.150509014E2
1.799774292E0,-2.143312531E2,4.250625229E1,1.168125057E1,2.188175476E2
1.809774292E0,-2.185500031E2,4.151250076E1,1.128750038E1,2.227437973E2
1.819774292E0,-2.225062561E2,4.068750000E1,1.102500057E1,2.264642517E2
1.829774292E0,-2.261812592E2,3.971250153E1,1.063125038E1,2.298870772E2
1.839774292E0,-2.300812531E2,3.894375229E1,1.029375076E1,2.335807358E2
1.849774292E0,-2.339812622E2,3.849375153E1,1.006875038E1,2.373402193E2
1.859774292E0,-2.374312592E2,3.781875229E1,9.543750763E0,2.406136821E2
1.869774292E0,-2.408812561E2,3.684375000E1,8.887500763E0,2.438446824E2
1.879774292E0,-2.439937592E2,3.571875000E1,8.287500381E0,2.467335937E2
1.889774292E0,-2.469000092E2,3.483750153E1,7.631250381E0,2.494624261E2
1.899774292E0,-2.498250122E2,3.412500000E1,6.975000381E0,2.522413586E2
1.909774292E0,-2.526375122E2,3.376875305E1,6.412500381E0,2.549650200E2
1.919774292E0,-2.553375092E2,3.301875305E1,6.075000286E0,2.575352156E2
1.929774292E0,-2.578875122E2,3.232500076E1,5.700000286E0,2.599680069E2
1.939774292E0,-2.603437500E2,3.183750153E1,5.381250381E0,2.623384313E2
1.949774292E0,-2.625937500E2,3.155625153E1,5.287500381E0,2.645358808E2
1.959774292E0,-2.653687744E2,3.103125191E1,4.950000286E0,2.672228050E2
1.969774292E0,-2.677312622E2,3.082500076E1,4.518750191E0,2.695378054E2
1.979774292E0,-2.703187561E2,3.020625114E1,4.106250286E0,2.720321834E2
1.989774292E0,-2.729812622E2,2.943750191E1,3.450000048E0,2.745855760E2
1.999774292E0,-2.759625244E2,2.881875038E1,2.943750143E0,2.774788297E2
2.009774292E0,-2.789062500E2,2.786250114E1,2.287500143E0,2.803038493E2
2.019774292E0,-2.824125061E2,2.668125153E1,1.743750095E0,2.836754368E2
2.029774292E0,-2.861062622E2,2.553750038E1,8.250000477E-1,2.872449091E2
2.039774292E0,-2.893687744E2,2.458125114E1,-5.625000224E-2,2.904109651E2
2.049774292E0,-2.930437622E2,2.343750000E1,-6.937500238E-1,2.939803467E2
2.059774292E0,-2.965875244E2,2.236875153E1,-1.181250095E0,2.974322041E2
2.069774292E0,-3.003000183E2,2.145000076E1,-1.762500048E0,3.010702741E2
2.079774292E0,-3.032062683E2,2.077500153E1,-2.531250000E0,3.039277037E2
2.089774292E0,-3.060375061E2,2.028750038E1,-3.375000238E0,3.067277758E2
2.099774292E0,-3.087750244E2,2.021250153E1,-4.237500191E0,3.094648887E2
2.109774292E0,-3.112875061E2,1.991250038E1,-4.856250286E0,3.119615398E2
2.119774292E0,-3.132937622E2,1.959375000E1,-5.756250381E0,3.139586452E2
2.129774292E0,-3.149812622E2,1.923750114E1,-7.106250286E0,3.156481836E2
2.139774292E0,-3.159187622E2,1.897500038E1,-8.418750763E0,3.166000479E2
2.149774292E0,-3.165937500E2,1.858125114E1,-9.656250000E0,3.172855317E2
2.159774292E0,-3.168187561E2,1.811250114E1,-1.078125000E1,3.175191683E2
2.169774292E0,-3.171937561E2,1.766250038E1,-1.179375076E1,3.179039720E2
2.179774292E0,-3.167812500E2,1.706250000E1,-1.275000095E1,3.174965382E2
2.189774292E0,-3.164062500E2,1.702500153E1,-1.383750057E1,3.171659536E2
2.199774292E0,-3.164437561E2,1.708125114E1,-1.440000057E1,3.172314296E2
2.209774292E0,-3.160687561E2,1.734375000E1,-1.453125095E1,3.168776128E2
2.219774292E0,-3.160312500E2,1.758750153E1,-1.488750076E1,3.168701767E2
2.229774292E0,-3.160875244E2,1.813125038E1,-1.475625038E1,3.169508042E2
2.239774292E0,-3.163687744E2,1.863750076E1,-1.498125076E1,3.172711707E2
2.249774292E0,-3.164812622E2,1.903125000E1,-1.498125076E1,3.174067039E2
2.259774292E0,-3.168375244E2,1.920000076E1,-1.501875019E1,3.177738500E2
2.269774292E0,-3.171750183E2,1.886250114E1,-1.486875057E1,3.180831117E2
2.279774292E0,-3.172312622E2,1.845000076E1,-1.511250019E1,3.181264904E2
2.289774292E0,-3.178125000E2,1.803750038E1,-1.515000057E1,3.186842624E2
2.299774292E0,-3.182250061E2,1.779375076E1,-1.533750057E1,3.190909134E2
2.309774292E0,-3.186375122E2,1.726875114E1,-1.543125057E1,3.194780078E2
2.319774292E0,-3.189937744E2,1.661250114E1,-1.537500095E1,3.197958630E2
2.329774292E0,-3.191250000E2,1.608750153E1,-1.560000038E1,3.199108209E2
2.339774292E0,-3.193500061E2,1.578750038E1,-1.586250019E1,3.201332386E2
2.349774292E0,-3.195375061E2,1.558125019E1,-1.608750153E1,3.203214025E2
2.359774292E0,-3.200250244E2,1.569375038E1,-1.605000114E1,3.208113349E2
2.369774292E0,-3.199687500E2,1.569375038E1,-1.635000038E1,3.207703498E2
2.379774292E0,-3.201937561E2,1.556250095E1,-1.627500153E1,3.209845924E2
2.389774292E0,-3.202875061E2,1.571250057E1,-1.659375000E1,3.211017312E2
2.399774292E0,-3.204750061E2,1.543125057E1,-1.670625114E1,3.212809547E2
2.409774292E0,-3.210562744E2,1.545000076E1,-1.672500038E1,3.218626407E2
2.419774292E0,-3.211687622E2,1.543125057E1,-1.665000153E1,3.219700605E2
2.429774292E0,-3.211687622E2,1.531875038E1,-1.670625114E1,3.219676020E2
2.439774292E0,-3.211125183E2,1.496250057E1,-1.663125038E1,3.218908578E2
2.449774292E0,-3.216375122E2,1.468125057E1,-1.663125038E1,3.224016546E2
2.459774292E0,-3.219187622E2,1.436250019E1,-1.665000153E1,3.226688603E2
2.469774292E0,-3.221812744E2,1.387500095E1,-1.659375000E1,3.229065527E2
2.479774292E0,-3.222562561E2,1.385625076E1,-1.676250076E1,3.229892749E2
2.489774292E0,-3.221812744E2,1.355625057E1,-1.661250114E1,3.228939775E2
2.499774292E0,-3.226687622E2,1.329375076E1,-1.659375000E1,3.233685304E2
2.509774292E0,-3.230812683E2,1.293750095E1,-1.629375076E1,3.237504767E2
2.519774292E0,-3.232875061E2,1.282500076E1,-1.608750153E1,3.239415070E2
2.529774292E0,-3.233812561E2,1.282500076E1,-1.561875057E1,3.240121337E2
2.539774292E0,-3.234375000E2,1.263750076E1,-1.528125095E1,3.240448109E2
2.549774292E0,-3.236812744E2,1.237500095E1,-1.475625038E1,3.242536892E2
2.559774292E0,-3.236625061E2,1.207500076E1,-1.436250019E1,3.242059606E2
2.569774292E0,-3.235875244E2,1.207500076E1,-1.419375038E1,3.241236711E2
2.579774292E0,-3.234937744E2,1.177500057E1,-1.380000019E1,3.240020258E2
2.589774292E0,-3.235875244E2,1.188750076E1,-1.355625057E1,3.240894484E2
2.599774292E0,-3.236812744E2,1.164375019E1,-1.333125019E1,3.241648756E2
2.609774292E0,-3.237375183E2,1.128750038E1,-1.335000038E1,3.242092086E2
2.619774292E0,-3.236812744E2,1.111875057E1,-1.314375019E1,3.241387854E2
2.629774292E0,-3.234562683E2,1.098750019E1,-1.297500038E1,3.239028146E2
2.639774292E0,-3.236625061E2,1.100625038E1,-1.288125038E1,3.241056649E2
2.649774292E0,-3.238125000E2,1.070625019E1,-1.273125076E1,3.242394851E2
2.659774292E0,-3.237750244E2,1.051875019E1,-1.258125019E1,3.241900652E2
2.669774292E0,-3.234562683E2,1.023750019E1,-1.260000038E1,3.238634341E2
2.679774292E0,-3.232125244E2,1.020000076E1,-1.261875057E1,3.236195433E2
2.689774292E0,-3.227812500E2,9.806250572E0,-1.254375076E1,3.231737050E2
2.699774292E0,-3.224625244E2,9.487500191E0,-1.291875076E1,3.228606300E2
2.709774292E0,-3.220687561E2,9.150000572E0,-1.325625038E1,3.224712923E2
2.719774292E0,-3.218625183E2,8.493750572E0,-1.355625057E1,3.222598275E2
2.729774292E0,-3.213750000E2,8.100000381E0,-1.368750095E1,3.217683147E2
2.739774292E0,-3.210937500E2,7.743750095E0,-1.395000076E1,3.214899135E2
2.749774292E0,-3.209437561E2,7.200000286E0,-1.406250095E1,3.213323646E2
2.759774292E0,-3.205875244E2,6.506250381E0,-1.432500076E1,3.209733599E2
2.769774292E0,-3.203250122E2,6.393750191E0,-1.434375095E1,3.207097390E2
2.779774292E0,-3.202312622E2,6.206250191E0,-1.395000076E1,3.205950426E2
2.789774292E0,-3.199500122E2,6.206250191E0,-1.395000076E1,3.203141120E2
2.799774292E0,-3.196312561E2,6.150000095E0,-1.355625057E1,3.199777091E2
2.809774292E0,-3.195187683E2,6.000000000E0,-1.357500076E1,3.198632895E2
2.819774292E0,-3.190687561E2,5.981250286E0,-1.346250057E1,3.194086495E2
2.829774292E0,-3.187125244E2,6.206250191E0,-1.359375095E1,3.190626597E2
2.839774292E0,-3.183375244E2,6.637500286E0,-1.335000038E1,3.186864578E2
2.849774292E0,-3.183000183E2,6.731250286E0,-1.361250019E1,3.186620648E2
2.859774292E0,-3.179437561E2,7.181250095E0,-1.387500095E1,3.183273756E2
2.869774292E0,-3.179250183E2,7.237500191E0,-1.391250038E1,3.183115712E2
2.879774292E0,-3.176062622E2,7.481250286E0,-1.404375076E1,3.180046129E2
2.889774292E0,-3.175500183E2,7.706250191E0,-1.406250095E1,3.179546420E2
2.899774292E0,-3.174937744E2,8.062500000E0,-1.421250057E1,3.179139756E2
2.909774292E0,-3.175875244E2,8.006250381E0,-1.432500076E1,3.180112283E2
2.919774292E0,-3.177375183E2,7.875000477E0,-1.456875038E1,3.181688147E2
2.929774292E0,-3.173812561E2,7.931250095E0,-1.460625076E1,3.178161560E2
2.939774292E0,-3.174187622E2,7.500000477E0,-1.462500095E1,3.178440046E2
2.949774292E0,-3.174187622E2,7.275000095E0,-1.462500095E1,3.178387750E2
2.959774292E0,-3.177187500E2,7.200000286E0,-1.473750019E1,3.181418520E2
2.969774292E0,-3.176437683E2,7.312500477E0,-1.462500095E1,3.180643439E2
2.979774292E0,-3.176812744E2,7.125000477E0,-1.440000057E1,3.180872801E2
2.989774292E0,-3.175875244E2,7.106250286E0,-1.400625038E1,3.179756429E2
2.999774292E0,-3.174937744E2,7.106250286E0,-1.374375057E1,3.178705495E2
3.009774292E0,-3.175312500E2,7.181250095E0,-1.336875057E1,3.178936749E2
3.019774292E0,-3.175500183E2,7.368750095E0,-1.316250038E1,3.179081063E2
3.029774292E0,-3.174000244E2,7.593750477E0,-1.295625019E1,3.177551022E2
3.039774292E0,-3.170437622E2,7.800000191E0,-1.271250057E1,3.173943837E2
3.049774292E0,-3.169500122E2,7.781250477E0,-1.256250095E1,3.172943027E2
3.059774292E0,-3.169125061E2,7.762500286E0,-1.243125057E1,3.172512079E2
3.069774292E0,-3.167062683E2,7.893750191E0,-1.233750057E1,3.170447691E2
3.079774292E0,-3.165187683E2,7.931250095E0,-1.230000019E1,3.168569479E2
3.089774292E0,-3.163687744E2,7.950000286E0,-1.230000019E1,3.167075843E2
3.099774292E0,-3.163125000E2,7.875000477E0,-1.226250076E1,3.166480415E2
3.109774292E0,-3.162750244E2,7.950000286E0,-1.222500038E1,3.166110298E2
3.119774292E0,-3.163312683E2,8.025000572E0,-1.207500076E1,3.166633506E2
3.129774292E0,-3.164062500E2,8.212500572E0,-1.220625019E1,3.167480904E2
3.139774292E0,-3.162750244E2,8.343750000E0,-1.216875076E1,3.166189946E2
3.149774292E0,-3.161437683E2,8.493750572E0,-1.215000057E1,3.164911508E2
3.159774292E0,-3.163125000E2,8.812500000E0,-1.231875038E1,3.166749271E2
3.169774292E0,-3.164812622E2,8.662500381E0,-1.224375057E1,3.168364526E2
3.179774292E0,-3.164812622E2,8.868750572E0,-1.228125095E1,3.168436100E2
3.189774292E0,-3.165187683E2,8.906250000E0,-1.241250038E1,3.168872389E2
3.199774292E0,-3.165562744E2,8.943750381E0,-1.260000038E1,3.169331563E2
3.209774292E0,-3.165187683E2,8.775000572E0,-1.263750076E1,3.168924703E2
3.219774292E0,-3.164812622E2,8.775000572E0,-1.284375095E1,3.168633016E2
3.229774292E0,-3.165750122E2,8.681250572E0,-1.310625076E1,3.169651026E2
3.239774292E0,-3.167250061E2,8.437500000E0,-1.291875076E1,3.171006386E2
3.249774292E0,-3.166875000E2,8.681250572E0,-1.314375019E1,3.170790043E2
3.259774292E0,-3.166500244E2,8.606250763E0,-1.336875057E1,3.170489379E2
3.269774292E0,-3.165375061E2,8.493750572E0,-1.348125076E1,3.169382916E2
3.279774292E0,-3.164437561E2,8.062500000E0,-1.344375038E1,3.168317994E2
3.289774292E0,-3.164250183E2,7.818750381E0,-1.351875019E1,3.168101666E2
3.299774292E0,-3.164625244E2,7.781250477E0,-1.361250019E1,3.168507178E2
3.309774292E0,-3.165937500E2,7.987500191E0,-1.346250057E1,3.169805067E2
3.319774292E0,-3.162562561E2,7.818750381E0,-1.370625019E1,3.166496703E2
3.329774292E0,-3.164437561E2,7.612500191E0,-1.355625057E1,3.168254612E2
3.339774292E0,-3.164250183E2,7.575000286E0,-1.353750038E1,3.168050453E2
3.349774292E0,-3.166312561E2,7.518750191E0,-1.365000057E1,3.170145209E2
3.359774292E0,-3.168187561E2,7.875000477E0,-1.387500095E1,3.172202003E2
3.369774292E0,-3.169125061E2,7.743750095E0,-1.374375057E1,3.173048895E2
3.379774292E0,-3.169125061E2,7.706250191E0,-1.381875038E1,3.173072339E2
3.389774292E0,-3.170812683E2,7.368750095E0,-1.381875038E1,3.174677733E2
3.399774292E0,-3.173437500E2,7.256250381E0,-1.380000019E1,3.177265315E2
3.409774292E0,-3.173437500E2,7.256250381E0,-1.380000019E1,3.177265315E2
3.419774292E0,-3.175312500E2,7.068750381E0,-1.395000076E1,3.179161281E2
3.429774292E0,-3.176250000E2,6.975000381E0,-1.366875076E1,3.179954811E2
3.439774292E0,-3.176062622E2,6.675000191E0,-1.366875076E1,3.179703259E2
3.449774292E0,-3.178500061E2,6.787500381E0,-1.387500095E1,3.182250967E2
3.459774292E0,-3.182062683E2,6.787500381E0,-1.402500057E1,3.185875076E2
3.469774292E0,-3.181312561E2,6.675000191E0,-1.417500019E1,3.185168479E2
3.479774292E0,-3.183562622E2,6.543750286E0,-1.430625057E1,3.187447241E2
3.489774292E0,-3.183937683E2,6.506250381E0,-1.451250076E1,3.187907396E2
3.499774292E0,-3.183375244E2,6.450000286E0,-1.440000057E1,3.187283200E2
3.509774292E0,-3.183375244E2,6.543750286E0,-1.481250095E1,3.187491338E2
3.519774292E0,-3.183000183E2,6.712500095E0,-1.473750019E1,3.187117086E2
3.529774292E0,-3.182625122E2,6.825000286E0,-1.483125019E1,3.186809898E2
3.539774292E0,-3.181875000E2,6.768750191E0,-1.460625076E1,3.185944816E2
3.549774292E0,-3.183375244E2,6.975000381E0,-1.449375057E1,3.187436256E2
3.559774292E0,-3.181312561E2,7.350000381E0,-1.441875076E1,3.185426486E2
3.569774292E0,-3.182437744E2,7.368750095E0,-1.456875038E1,3.186622772E2
3.579774292E0,-3.182625122E2,7.631250381E0,-1.460625076E1,3.186888847E2
3.589774292E0,-3.180750122E2,7.668750286E0,-1.438125038E1,3.184922974E2
3.599774292E0,-3.183187561E2,7.818750381E0,-1.443750095E1,3.187419094E2
3.609774292E0,-3.182062683E2,7.912500381E0,-1.438125038E1,3.186293414E2
3.619774292E0,-3.181312561E2,8.325000763E0,-1.470000076E1,3.185794905E2
3.629774292E0,-3.181500244E2,8.456250191E0,-1.481250095E1,3.186068995E2
3.639774292E0,-3.180750122E2,8.625000000E0,-1.468125057E1,3.185304430E2
3.649774292E0,-3.179437561E2,8.700000763E0,-1.471875095E1,3.184031465E2
3.659774292E0,-3.179250183E2,8.850000381E0,-1.464375019E1,3.183851115E2
3.669774292E0,-3.179250183E2,9.150000572E0,-1.451250076E1,3.183875821E2
3.679774292E0,-3.176250000E2,9.168750763E0,-1.458750057E1,3.180919706E2
3.689774292E0,-3.173250122E2,9.056250572E0,-1.445625019E1,3.177832000E2
3.699774292E0,-3.171937561E2,8.831250191E0,-1.415625095E1,3.176322864E2
3.709774292E0,-3.170625000E2,8.737500191E0,-1.440000057E1,3.175095791E2
3.719774292E0,-3.169312744E2,8.550000191E0,-1.455000019E1,3.173802730E2
3.729774292E0,-3.166125183E2,8.606250763E0,-1.462500095E1,3.170669408E2
3.739774292E0,-3.165187683E2,8.343750000E0,-1.481250095E1,3.169750133E2
3.749774292E0,-3.162375183E2,8.025000572E0,-1.496250057E1,3.166929823E2
3.759774292E0,-3.159000244E2,7.725000381E0,-1.485000038E1,3.163432053E2
3.769774292E0,-3.158250122E2,7.875000477E0,-1.486875057E1,3.162728786E2
3.779774292E0,-3.155625000E2,7.931250095E0,-1.492500019E1,3.160147968E2
3.789774292E0,-3.154687500E2,8.100000381E0,-1.473750019E1,3.159166601E2
3.799774292E0,-3.154500122E2,8.156250000E0,-1.462500095E1,3.158941678E2
3.809774292E0,-3.156562500E2,8.231250763E0,-1.438125038E1,3.160908762E2
3.819774292E0,-3.156750183E2,8.250000000E0,-1.430625057E1,3.161067043E2
3.829774292E0,-3.158250122E2,8.287500381E0,-1.426875019E1,3.162557798E2
3.839774292E0,-3.159375000E2,8.587500572E0,-1.440000057E1,3.163820619E2
3.849774292E0,-3.159937744E2,8.512500763E0,-1.449375057E1,3.164405109E2
3.859774292E0,-3.161250000E2,8.662500381E0,-1.456875038E1,3.165790628E2
3.869774292E0,-3.161062622E2,8.493750572E0,-1.464375019E1,3.165592397E2
3.879774292E0,-3.161062622E2,8.606250763E0,-1.477500057E1,3.165683768E2
3.889774292E0,-3.161812744E2,8.400000572E0,-1.492500019E1,3.166447756E2
3.899774292E0,-3.160125122E2,8.287500381E0,-1.483125019E1,3.164688871E2
3.909774292E0,-3.161437683E2,8.437500000E0,-1.496250057E1,3.166100915E2
3.919774292E0,-3.164437561E2,8.306250572E0,-1.503750038E1,3.169097206E2
3.929774292E0,-3.167625122E2,8.250000000E0,-1.511250019E1,3.172301047E2
3.939774292E0,-3.169500122E2,7.950000286E0,-1.550625038E1,3.174286637E2
3.949774292E0,-3.170812683E2,7.987500191E0,-1.567500019E1,3.175689476E2
3.959774292E0,-3.173250122E2,7.631250381E0,-1.580625057E1,3.178100642E2
3.969774292E0,-3.172312622E2,7.631250381E0,-1.593750095E1,3.177230140E2
3.979774292E0,-3.171937561E2,7.743750095E0,-1.603125000E1,3.176930052E2
3.989774292E0,-3.173250122E2,7.406250477E0,-1.612500000E1,3.178207538E2
3.999774292E0,-3.172875061E2,7.631250381E0,-1.603125000E1,3.177838865E2
4.009774292E0,-3.171937561E2,7.631250381E0,-1.612500000E1,3.176950275E2
4.019774292E0,-3.170062561E2,7.762500286E0,-1.593750095E1,3.175015382E2
4.029774292E0,-3.167250061E2,7.743750095E0,-1.608750153E1,3.172278406E2
4.039774292E0,-3.167625122E2,7.875000477E0,-1.599375057E1,3.172637780E2
4.049774292E0,-3.168375244E2,7.950000286E0,-1.601250076E1,3.173414873E2
4.059774292E0,-3.172125244E2,8.118750572E0,-1.614375114E1,3.177268016E2
4.069774292E0,-3.172312622E2,8.625000000E0,-1.593750095E1,3.177484355E2
4.079774292E0,-3.172500000E2,8.381250381E0,-1.605000114E1,3.177662827E2
4.089774292E0,-3.170812683E2,8.625000000E0,-1.591875076E1,3.175977455E2
4.099774292E0,-3.170812683E2,8.643750191E0,-1.575000095E1,3.175898419E2
4.109774292E0,-3.172312622E2,8.868750572E0,-1.516875076E1,3.177175152E2
4.119774292E0,-3.168375244E2,8.962500572E0,-1.490625095E1,3.173145752E2
4.129774292E0,-3.167437744E2,9.150000572E0,-1.479375076E1,3.172210526E2
4.139774292E0,-3.165375061E2,9.318750381E0,-1.453125095E1,3.170078692E2
4.149774292E0,-3.162187500E2,9.262500763E0,-1.449375057E1,3.166862179E2
4.159774292E0,-3.159000244E2,9.581250191E0,-1.436250019E1,3.163714703E2
4.169774292E0,-3.156000061E2,9.787500381E0,-1.417500019E1,3.160697544E2
4.179774292E0,-3.155250244E2,1.003125000E1,-1.406250095E1,3.159975015E2
4.189774292E0,-3.152437744E2,1.005000019E1,-1.440000057E1,3.157324814E2
4.199774292E0,-3.151875000E2,1.036875057E1,-1.466250038E1,3.156986856E2
4.209774292E0,-3.151500244E2,1.065000057E1,-1.447500038E1,3.156619807E2
4.219774292E0,-3.146250000E2,1.080000019E1,-1.460625076E1,3.151489698E2
4.229774292E0,-3.146437683E2,1.113750076E1,-1.473750019E1,3.151855624E2
4.239774292E0,-3.146812744E2,1.136250019E1,-1.475625038E1,3.152319111E2
4.249774292E0,-3.149437561E2,1.147500038E1,-1.471875095E1,3.154962548E2
4.259774292E0,-3.146812744E2,1.158750057E1,-1.496250057E1,3.152498233E2
4.269774292E0,-3.147937622E2,1.183125019E1,-1.492500019E1,3.153693816E2
4.279774292E0,-3.146437683E2,1.190625000E1,-1.475625038E1,3.152145407E2
4.289774292E0,-3.143250122E2,1.183125019E1,-1.462500095E1,3.148874123E2
4.299774292E0,-3.145687561E2,1.175625038E1,-1.462500095E1,3.151279143E2
4.309774292E0,-3.144562683E2,1.145625019E1,-1.455000019E1,3.150010998E2
4.319774292E0,-3.143437500E2,1.134375000E1,-1.453125095E1,3.148838374E2
4.329774292E0,-3.141937561E2,1.121250057E1,-1.466250038E1,3.147354849E2
4.339774292E0,-3.145687561E2,1.096875000E1,-1.440000057E1,3.150891553E2
4.349774292E0,-3.143437500E2,1.070625019E1,-1.413750076E1,3.148435896E2
4.359774292E0,-3.145312500E2,1.040625000E1,-1.417500019E1,3.150224244E2
4.369774292E0,-3.146812744E2,1.021875000E1,-1.415625095E1,3.151652372E2
4.379774292E0,-3.147000122E2,1.003125000E1,-1.381875038E1,3.151629444E2
4.389774292E0,-3.145687561E2,1.016250038E1,-1.361250019E1,3.150271082E2
4.399774292E0,-3.147187500E2,1.012500000E1,-1.359375095E1,3.151748678E2
4.409774292E0,-3.150187683E2,9.693750381E0,-1.361250019E1,3.154617145E2
4.419774292E0,-3.151500244E2,1.006875038E1,-1.365000057E1,3.156061472E2
4.429774292E0,-3.154500122E2,1.001250076E1,-1.363125038E1,3.159031044E2
4.439774292E0,-3.155062561E2,1.001250076E1,-1.350000095E1,3.159536324E2
4.449774292E0,-3.154687500E2,1.005000019E1,-1.366875076E1,3.159246263E2
4.459774292E0,-3.156562500E2,1.012500000E1,-1.370625019E1,3.161158729E2
4.469774292E0,-3.158250122E2,1.003125000E1,-1.402500057E1,3.162953761E2
4.479774292E0,-3.156937561E2,9.975000381E0,-1.402500057E1,3.161625356E2
4.489774292E0,-3.155812683E2,1.006875038E1,-1.387500095E1,3.160465667E2
4.499774292E0,-3.153937683E2,9.712500572E0,-1.391250038E1,3.158498368E2
4.509774292E0,-3.153187561E2,9.993750572E0,-1.410000038E1,3.157920249E2
4.519774292E0,-3.152062683E2,1.018125057E1,-1.408125019E1,3.156848603E2
4.529774292E0,-3.153937683E2,1.023750019E1,-1.421250057E1,3.158797725E2
4.539774292E0,-3.150750122E2,1.027500057E1,-1.438125038E1,3.155703714E2
4.549774292E0,-3.148687744E2,1.014375019E1,-1.419375038E1,3.153517137E2
4.559774292E0,-3.149812622E2,1.021875000E1,-1.408125019E1,3.154614081E2
4.569774292E0,-3.147937622E2,1.070625019E1,-1.417500019E1,3.152945720E2
4.579774292E0,-3.147000122E2,1.104375076E1,-1.410000038E1,3.152092513E2
4.589774292E0,-3.144750061E2,1.085625076E1,-1.395000076E1,3.149714117E2
4.599774292E0,-3.144187622E2,1.085625076E1,-1.408125019E1,3.149210978E2
4.609774292E0,-3.145312500E2,1.091250038E1,-1.365000057E1,3.150163685E2
4.619774292E0,-3.147562561E2,1.091250038E1,-1.376250076E1,3.152459196E2
4.629774292E0,-3.151312561E2,1.104375076E1,-1.383750057E1,3.156281822E2
4.639774292E0,-3.150750122E2,1.115625000E1,-1.389375019E1,3.155784554E2
4.649774292E0,-3.151687622E2,1.087500000E1,-1.383750057E1,3.156597705E2
4.659774292E0,-3.150187683E2,1.072500038E1,-1.370625019E1,3.154991463E2
4.669774292E0,-3.151687622E2,1.095000076E1,-1.387500095E1,3.156640094E2
4.679774292E0,-3.152250061E2,1.106250000E1,-1.380000019E1,3.157207997E2
4.689774292E0,-3.147937622E2,1.110000038E1,-1.413750076E1,3.153065043E2
4.699774292E0,-3.146625061E2,1.113750076E1,-1.400625038E1,3.151709246E2
4.709774292E0,-3.143437500E2,1.128750038E1,-1.395000076E1,3.148555277E2
4.719774292E0,-3.143062744E2,1.117500019E1,-1.383750057E1,3.148091345E2
4.729774292E0,-3.143250122E2,1.138125038E1,-1.387500095E1,3.148368813E2
4.739774292E0,-3.145875244E2,1.145625019E1,-1.389375019E1,3.151025111E2
4.749774292E0,-3.144937744E2,1.138125038E1,-1.372500038E1,3.149987978E2
4.759774292E0,-3.144187622E2,1.140000057E1,-1.376250076E1,3.149262207E2
4.769774292E0,-3.146062622E2,1.156875038E1,-1.368750095E1,3.151163022E2
4.779774292E0,-3.144562683E2,1.160625076E1,-1.368750095E1,3.149679308E2
4.789774292E0,-3.144000244E2,1.175625038E1,-1.353750038E1,3.149108583E2
4.799774292E0,-3.142875061E2,1.190625000E1,-1.348125076E1,3.148017462E2
4.809774292E0,-3.139312744E2,1.175625038E1,-1.335000038E1,3.144348533E2
4.819774292E0,-3.137625122E2,1.177500057E1,-1.346250057E1,3.142718626E2
4.829774292E0,-3.136687622E2,1.196250057E1,-1.361250019E1,3.141918108E2
4.839774292E0,-3.137437744E2,1.186875057E1,-1.363125038E1,3.142639563E2
4.849774292E0,-3.138187561E2,1.155000019E1,-1.346250057E1,3.143196671E2
4.859774292E0,-3.138562622E2,1.185000038E1,-1.331250095E1,3.143618910E2
4.869774292E0,-3.137812500E2,1.156875038E1,-1.340625095E1,3.142805059E2
4.879774292E0,-3.137625122E2,1.183125019E1,-1.353750038E1,3.142771969E2
4.889774292E0,-3.139125061E2,1.215000057E1,-1.336875057E1,3.144318805E2
4.899774292E0,-3.138937683E2,1.213125038E1,-1.323750019E1,3.144068963E2
4.909774292E0,-3.138937683E2,1.211250019E1,-1.310625076E1,3.144006747E2
4.919774292E0,-3.137625122E2,1.237500095E1,-1.303125095E1,3.142767383E2
4.929774292E0,-3.136312561E2,1.250625038E1,-1.306875038E1,3.141524524E2
4.939774292E0,-3.137250061E2,1.239375019E1,-1.323750019E1,3.142486530E2
4.949774292E0,-3.138000183E2,1.261875057E1,-1.312500095E1,3.143277748E2
4.959774292E0,-3.138750000E2,1.248750019E1,-1.297500038E1,3.143911639E2
4.969774292E0,-3.141562500E2,1.215000057E1,-1.310625076E1,3.146641793E2
4.979774292E0,-3.139875183E2,1.207500076E1,-1.299375057E1,3.144881633E2
4.989774292E0,-3.139687500E2,1.205625057E1,-1.306875038E1,3.144718133E2
4.999774292E0,-3.140437622E2,1.194375038E1,-1.344375038E1,3.145582175E2
5.009774292E0,-3.140250244E2,1.224375057E1,-1.359375095E1,3.145574915E2
5.019774292E0,-3.139687500E2,1.230000019E1,-1.357500076E1,3.145026973E2
5.029774292E0,-3.140062561E2,1.211250019E1,-1.368750095E1,3.145377389E2
5.039774292E0,-3.138562622E2,1.211250019E1,-1.381875038E1,3.143937402E2
5.049774292E0,-3.136125183E2,1.246875095E1,-1.370625019E1,3.141594224E2
5.059774292E0,-3.136875000E2,1.254375076E1,-1.376250076E1,3.142397170E2
5.069774292E0,-3.139687500E2,1.224375057E1,-1.348125076E1,3.144964698E2
5.079774292E0,-3.139125061E2,1.209375095E1,-1.325625038E1,3.144249489E2
5.089774292E0,-3.137250061E2,1.173750019E1,-1.306875038E1,3.142163914E2
5.099774292E0,-3.135937500E2,1.158750057E1,-1.284375095E1,3.140704891E2
5.109774292E0,-3.137062683E2,1.166250038E1,-1.276875019E1,3.141825547E2
5.119774292E0,-3.139125061E2,1.151250076E1,-1.275000095E1,3.143821905E2
5.129774292E0,-3.140437622E2,1.130625057E1,-1.310625076E1,3.145204122E2
5.139774292E0,-3.138375244E2,1.128750038E1,-1.335000038E1,3.143240715E2
5.149774292E0,-3.136875000E2,1.151250076E1,-1.351875019E1,3.141896592E2
5.159774292E0,-3.136500244E2,1.141875076E1,-1.335000038E1,3.141416053E2
5.169774292E0,-3.140062561E2,1.171875000E1,-1.350000095E1,3.145147183E2
5.179774292E0,-3.139875183E2,1.170000076E1,-1.370625019E1,3.145042336E2
5.189774292E0,-3.139312744E2,1.185000038E1,-1.374375057E1,3.144553358E2
5.199774292E0,-3.137250061E2,1.188750076E1,-1.365000057E1,3.142467417E2
5.209774292E0,-3.135562744E2,1.183125019E1,-1.335000038E1,3.140632710E2
5.219774292E0,-3.138562622E2,1.200000000E1,-1.306875038E1,3.143573533E2
5.229774292E0,-3.138750000E2,1.194375038E1,-1.291875076E1,3.143677193E2
5.239774292E0,-3.140625000E2,1.203750038E1,-1.291875076E1,3.145584992E2
5.249774292E0,-3.138375244E2,1.198125076E1,-1.293750095E1,3.143325008E2
5.259774292E0,-3.139125061E2,1.203750038E1,-1.271250057E1,3.144003349E2
5.269774292E0,-3.139687500E2,1.213125038E1,-1.250625038E1,3.144518238E2
5.279774292E0,-3.141937561E2,1.246875095E1,-1.246875095E1,3.146881883E2
5.289774292E0,-3.144187622E2,1.254375076E1,-1.246875095E1,3.149158196E2
5.299774292E0,-3.145125122E2,1.231875038E1,-1.252500057E1,3.150027739E2
5.309774292E0,-3.144750061E2,1.218750095E1,-1.261875057E1,3.149639622E2
5.319774292E0,-3.143062744E2,1.203750038E1,-1.269375038E1,3.147927363E2
5.329774292E0,-3.142500000E2,1.198125076E1,-1.256250095E1,3.147291364E2
5.339774292E0,-3.143625183E2,1.179375076E1,-1.263750076E1,3.148374055E2
5.349774292E0,-3.145875244E2,1.140000057E1,-1.280625057E1,3.150543931E2
5.359774292E0,-3.146250000E2,1.087500000E1,-1.282500076E1,3.150740181E2
5.369774292E0,-3.147187500E2,1.081875038E1,-1.297500038E1,3.151718382E2
5.379774292E0,-3.147937622E2,1.078125000E1,-1.273125076E1,3.152355196E2
5.389774292E0,-3.148875122E2,1.053750038E1,-1.278750038E1,3.153231746E2
5.399774292E0,-3.151687622E2,1.053750038E1,-1.273125076E1,3.156017622E2
5.409774292E0,-3.153562622E2,1.046250057E1,-1.254375076E1,3.157790077E2
5.419774292E0,-3.154687500E2,1.048125076E1,-1.252500057E1,3.158912225E2
5.429774292E0,-3.150750122E2,1.074375057E1,-1.250625038E1,3.155060979E2
5.439774292E0,-3.151125183E2,1.076250076E1,-1.235625076E1,3.155382822E2
5.449774292E0,-3.150187683E2,1.076250076E1,-1.222500038E1,3.154395448E2
5.459774292E0,-3.148687744E2,1.089375019E1,-1.267500019E1,3.153120272E2
5.469774292E0,-3.148500061E2,1.115625000E1,-1.252500057E1,3.152964698E2
5.479774292E0,-3.148687744E2,1.141875076E1,-1.235625076E1,3.153179505E2
5.489774292E0,-3.150562744E2,1.141875076E1,-1.239375019E1,3.155066544E2
5.499774292E0,-3.150562744E2,1.151250076E1,-1.230000019E1,3.155063925E2
5.509774292E0,-3.152625122E2,1.134375000E1,-1.215000057E1,3.157004194E2
5.519774292E0,-3.149437561E2,1.123125076E1,-1.239375019E1,3.153875640E2
5.529774292E0,-3.147937622E2,1.110000038E1,-1.228125095E1,3.152287294E2
5.539774292E0,-3.148500061E2,1.111875057E1,-1.222500038E1,3.152833703E2
5.549774292E0,-3.147375183E2,1.104375076E1,-1.220625019E1,3.151676735E2
5.559774292E0,-3.146062622E2,1.096875000E1,-1.235625076E1,3.150398239E2
5.569774292E0,-3.142687683E2,1.093125057E1,-1.235625076E1,3.147014902E2
5.579774292E0,-3.141187744E2,1.074375057E1,-1.248750019E1,3.145504257E2
5.589774292E0,-3.141000061E2,1.065000057E1,-1.260000038E1,3.145329813E2
5.599774292E0,-3.145125122E2,1.096875000E1,-1.250625038E1,3.149521235E2
5.609774292E0,-3.144937744E2,1.115625000E1,-1.260000038E1,3.149437348E2
5.619774292E0,-3.144750061E2,1.104375076E1,-1.246875095E1,3.149158041E2
5.629774292E0,-3.144000244E2,1.113750076E1,-1.252500057E1,3.148464624E2
5.639774292E0,-3.143437500E2,1.081875038E1,-1.250625038E1,3.147784059E2
5.649774292E0,-3.143437500E2,1.083750057E1,-1.263750076E1,3.147842928E2
5.659774292E0,-3.142125244E2,1.119375038E1,-1.256250095E1,3.146627194E2
5.669774292E0,-3.140062561E2,1.113750076E1,-1.254375076E1,3.144540006E2
5.679774292E0,-3.137812500E2,1.087500000E1,-1.241250038E1,3.142149084E2
5.689774292E0,-3.139312744E2,1.085625076E1,-1.222500038E1,3.143567303E2
5.699774292E0,-3.139687500E2,1.091250038E1,-1.211250019E1,3.143917481E2
5.709774292E0,-3.141562500E2,1.106250000E1,-1.222500038E1,3.145885868E2
5.719774292E0,-3.140625000E2,1.136250019E1,-1.196250057E1,3.144955671E2
5.729774292E0,-3.140437622E2,1.153125000E1,-1.175625038E1,3.144752196E2
5.739774292E0,-3.142687683E2,1.141875076E1,-1.171875000E1,3.146944164E2
5.749774292E0,-3.144000244E2,1.168125057E1,-1.155000019E1,3.148288892E2
5.759774292E0,-3.145125122E2,1.183125019E1,-1.147500038E1,3.149440815E2
5.769774292E0,-3.146625061E2,1.198125076E1,-1.177500057E1,3.151106056E2
5.779774292E0,-3.146812744E2,1.186875057E1,-1.175625038E1,3.151243899E2
5.789774292E0,-3.147750244E2,1.158750057E1,-1.162500000E1,3.152026757E2
5.799774292E0,-3.149625244E2,1.141875076E1,-1.171875000E1,3.153872362E2
5.809774292E0,-3.150562744E2,1.123125076E1,-1.196250057E1,3.154832776E2
5.819774292E0,-3.151312561E2,1.108125019E1,-1.186875057E1,3.155493146E2
5.829774292E0,-3.154125061E2,1.106250000E1,-1.205625057E1,3.158366367E2
5.839774292E0,-3.153562622E2,1.111875057E1,-1.226250076E1,3.157903856E2
5.849774292E0,-3.150562744E2,1.087500000E1,-1.211250019E1,3.154765195E2
5.859774292E0,-3.148500061E2,1.076250076E1,-1.213125038E1,3.152673865E2
5.869774292E0,-3.146250000E2,1.091250038E1,-1.218750095E1,3.150500095E2
5.879774292E0,-3.147375183E2,1.091250038E1,-1.215000057E1,3.151609281E2
5.889774292E0,-3.145312500E2,1.083750057E1,-1.183125019E1,3.149402120E2
5.899774292E0,-3.145125122E2,1.095000076E1,-1.190625000E1,3.149282166E2
5.909774292E0,-3.143062744E2,1.076250076E1,-1.196250057E1,3.147179165E2
5.919774292E0,-3.141562500E2,1.059375000E1,-1.190625000E1,3.145602259E2
5.929774292E0,-3.144187622E2,1.059375000E1,-1.181250000E1,3.148188697E2
5.939774292E0,-3.147187500E2,1.072500038E1,-1.198125076E1,3.151292871E2
5.949774292E0,-3.148125000E2,1.091250038E1,-1.168125057E1,3.152180903E2
5.959774292E0,-3.146625061E2,1.106250000E1,-1.153125000E1,3.150679949E2
5.969774292E0,-3.150562744E2,1.121250057E1,-1.164375019E1,3.154706851E2
5.979774292E0,-3.150750122E2,1.117500019E1,-1.156875038E1,3.154853086E2
5.989774292E0,-3.151500244E2,1.121250057E1,-1.136250019E1,3.155540595E2
5.999774292E0,-3.153562622E2,1.140000057E1,-1.134375000E1,3.157660729E2
6.009774292E0,-3.152062683E2,1.138125038E1,-1.136250019E1,3.156162715E2
6.019774292E0,-3.148875122E2,1.147500038E1,-1.111875057E1,3.152926380E2
6.029774292E0,-3.147750244E2,1.136250019E1,-1.134375000E1,3.151842367E2
6.039774292E0,-3.148500061E2,1.123125076E1,-1.168125057E1,3.152667425E2
6.049774292E0,-3.147375183E2,1.121250057E1,-1.162500000E1,3.151516559E2
6.059774292E0,-3.147000122E2,1.126875019E1,-1.162500000E1,3.151162056E2
6.069774292E0,-3.146625061E2,1.145625019E1,-1.162500000E1,3.150855107E2
6.079774292E0,-3.144750061E2,1.138125038E1,-1.153125000E1,3.148920959E2
6.089774292E0,-3.143250122E2,1.153125000E1,-1.145625019E1,3.147450217E2
6.099774292E0,-3.143437500E2,1.145625019E1,-1.160625076E1,3.147664911E2
6.109774292E0,-3.142500000E2,1.143750000E1,-1.183125019E1,3.146805640E2
6.119774292E0,-3.141750183E2,1.151250076E1,-1.183125019E1,3.146084206E2
6.129774292E0,-3.140062561E2,1.171875000E1,-1.183125019E1,3.144475099E2
6.139774292E0,-3.139312744E2,1.173750019E1,-1.194375038E1,3.143775869E2
6.149774292E0,-3.140437622E2,1.160625076E1,-1.207500076E1,3.144900559E2
6.159774292E0,-3.141750183E2,1.160625076E1,-1.220625019E1,3.146261905E2
6.169774292E0,-3.146062622E2,1.166250038E1,-1.235625076E1,3.150647411E2
6.179774292E0,-3.146062622E2,1.203750038E1,-1.239375019E1,3.150803178E2
6.189774292E0,-3.145125122E2,1.213125038E1,-1.226250076E1,3.149851687E2
6.199774292E0,-3.143625183E2,1.218750095E1,-1.216875076E1,3.148339349E2
6.209774292E0,-3.145500183E2,1.192500019E1,-1.233750057E1,3.150176718E2
6.219774292E0,-3.146062622E2,1.173750019E1,-1.241250038E1,3.150697372E2
6.229774292E0,-3.144187622E2,1.156875038E1,-1.222500038E1,3.148689325E2
6.239774292E0,-3.143250122E2,1.156875038E1,-1.233750057E1,3.147797058E2
6.249774292E0,-3.141000061E2,1.153125000E1,-1.233750057E1,3.145536480E2
6.259774292E0,-3.144187622E2,1.117500019E1,-1.224375057E1,3.148554400E2
6.269774292E0,-3.144750061E2,1.098750019E1,-1.231875038E1,3.149079330E2
6.279774292E0,-3.146812744E2,1.091250038E1,-1.235625076E1,3.151127799E2
6.289774292E0,-3.148125000E2,1.110000038E1,-1.231875038E1,3.152489045E2
6.299774292E0,-3.148125000E2,1.106250000E1,-1.226250076E1,3.152453933E2
6.309774292E0,-3.150187683E2,1.111875057E1,-1.241250038E1,3.154592227E2
6.319774292E0,-3.153375244E2,1.113750076E1,-1.239375019E1,3.157774585E2
6.329774292E0,-3.154500122E2,1.104375076E1,-1.233750057E1,3.158842961E2
6.339774292E0,-3.154687500E2,1.126875019E1,-1.243125057E1,3.159146292E2
6.349774292E0,-3.159187622E2,1.121250057E1,-1.245000076E1,3.163627459E2
6.359774292E0,-3.160125122E2,1.123125076E1,-1.237500095E1,3.164540875E2
6.369774292E0,-3.159562683E2,1.126875019E1,-1.231875038E1,3.163970604E2
6.379774292E0,-3.160875244E2,1.151250076E1,-1.222500038E1,3.165332706E2
6.389774292E0,-3.163312683E2,1.164375019E1,-1.215000057E1,3.167785832E2
6.399774292E0,-3.165187683E2,1.177500057E1,-1.188750076E1,3.169607137E2
6.409774292E0,-3.168937683E2,1.173750019E1,-1.171875000E1,3.173275254E2
6.419774292E0,-3.169875183E2,1.147500038E1,-1.171875000E1,3.174115491E2
6.429774292E0,-3.169875183E2,1.164375019E1,-1.156875038E1,3.174121921E2
6.439774292E0,-3.172312622E2,1.175625038E1,-1.143750000E1,3.176550008E2
6.449774292E0,-3.174750061E2,1.158750057E1,-1.130625057E1,3.178875288E2
6.459774292E0,-3.177750244E2,1.151250076E1,-1.145625019E1,3.181898010E2
6.469774292E0,-3.176437683E2,1.140000057E1,-1.128750038E1,3.180486303E2
6.479774292E0,-3.176250000E2,1.104375076E1,-1.113750076E1,3.180120265E2
6.489774292E0,-3.174937744E2,1.110000038E1,-1.132500076E1,3.178895444E2
6.499774292E0,-3.177750244E2,1.113750076E1,-1.123125076E1,3.181684319E2
6.509774292E0,-3.180375061E2,1.098750019E1,-1.125000000E1,3.184260400E2
6.519774292E0,-3.179250183E2,1.095000076E1,-1.141875076E1,3.183184061E2
6.529774292E0,-3.181875000E2,1.102500057E1,-1.126875019E1,3.185778092E2
6.539774292E0,-3.183000183E2,1.115625000E1,-1.095000076E1,3.186836458E2
6.549774292E0,-3.185250244E2,1.132500076E1,-1.087500000E1,3.189117628E2
6.559774292E0,-3.186375122E2,1.170000076E1,-1.072500038E1,3.190325686E2
6.569774292E0,-3.189375000E2,1.190625000E1,-1.040625000E1,3.193292623E2
6.579774292E0,-3.190687561E2,1.216875076E1,-1.003125000E1,3.194582533E2
6.589774292E0,-3.190500183E2,1.271250057E1,-9.487500191E0,3.194441023E2
6.599774292E0,-3.193687744E2,1.323750019E1,-8.568750381E0,3.197578286E2
6.609774292E0,-3.192375183E2,1.372500038E1,-7.987500191E0,3.196322401E2
6.619774292E0,-3.191062622E2,1.436250019E1,-6.825000286E0,3.195022201E2
6.629774292E0,-3.191250000E2,1.516875076E1,-5.681250095E0,3.195358090E2
6.639774292E0,-3.188625183E2,1.642500114E1,-4.537500381E0,3.193175146E2
6.649774292E0,-3.184500122E2,1.785000038E1,-2.925000191E0,3.189633026E2
6.659774292E0,-3.176062622E2,1.955625153E1,-9.937500358E-1,3.182093215E2
6.669774292E0,-3.165187683E2,2.143125153E1,1.068750024E0,3.172452860E2
6.679774292E0,-3.149062500E2,2.317500114E1,2.868750095E0,3.157708927E2
6.689774292E0,-3.129750061E2,2.544375038E1,4.893750191E0,3.140456777E2
6.699774292E0,-3.106312561E2,2.767500114E1,6.375000477E0,3.119267920E2
6.709774292E0,-3.079687500E2,2.973750114E1,7.987500191E0,3.095042328E2
6.719774292E0,-3.048187561E2,3.131250191E1,9.562500000E0,3.065719952E2
6.729774292E0,-3.009562683E2,3.296250153E1,1.091250038E1,3.029526112E2
6.739774292E0,-2.968875122E2,3.431250000E1,1.196250057E1,2.991030658E2
6.749774292E0,-2.927625122E2,3.525000000E1,1.260000038E1,2.951460843E2
6.759774292E0,-2.883750000E2,3.641250229E1,1.331250095E1,2.909694720E2
6.769774292E0,-2.838562622E2,3.684375000E1,1.398750019E1,2.865789414E2
6.779774292E0,-2.795062561E2,3.780000305E1,1.486875057E1,2.824423254E2
6.789774292E0,-2.749312744E2,3.894375229E1,1.539375019E1,2.781021198E2
6.799774292E0,-2.708812561E2,4.021875000E1,1.590000057E1,2.743118896E2
6.809774292E0,-2.673750000E2,4.123125076E1,1.650000000E1,2.710381092E2
6.819774292E0,-2.638312683E2,4.201875305E1,1.663125038E1,2.676735180E2
6.829774292E0,-2.600437622E2,4.241250229E1,1.711875153E1,2.640352822E2
6.839774292E0,-2.562750244E2,4.190625000E1,1.696875000E1,2.602325122E2
6.849774292E0,-2.525250092E2,4.106250000E1,1.674375153E1,2.563890840E2
6.859774292E0,-2.481937561E2,3.870000076E1,1.614375114E1,2.517110473E2
6.869774292E0,-2.437312622E2,3.553125000E1,1.531875038E1,2.467834314E2
6.879774292E0,-2.385187531E2,3.138750076E1,1.410000038E1,2.409879266E2
6.889774292E0,-2.322187653E2,2.626875114E1,1.241250038E1,2.340292127E2
6.899774292E0,-2.252437592E2,2.026875114E1,1.063125038E1,2.264036148E2
6.909774292E0,-2.172375031E2,1.363125038E1,8.325000763E0,2.178238953E2
6.919774292E0,-2.081062622E2,6.262500286E0,6.187500477E0,2.082923917E2
6.929774292E0,-1.966312561E2,-1.818750024E0,3.712500095E0,1.966747096E2
6.939774292E0,-1.838437500E2,-1.021875000E1,1.181250095E0,1.841313189E2
6.949774292E0,-1.696312561E2,-1.888125038E1,-1.181250095E0,1.706829224E2
6.959774292E0,-1.551750031E2,-2.735625076E1,-3.168750048E0,1.575997684E2
6.969774292E0,-1.408500061E2,-3.534375000E1,-5.437500000E0,1.453185167E2
6.979774292E0,-1.268812561E2,-4.260000229E1,-7.481250286E0,1.340506712E2
6.989774292E0,-1.137187576E2,-4.895625305E1,-9.731250763E0,1.241908523E2
6.999774292E0,-1.012687531E2,-5.401875305E1,-1.203750038E1,1.154048848E2
7.009774292E0,-9.037500000E1,-5.810625076E1,-1.473750019E1,1.084489323E2
7.019774292E0,-8.092500305E1,-6.093750381E1,-1.723125076E1,1.027577320E2
7.029774292E0,-7.303125000E1,-6.296250153E1,-1.936875153E1,9.835135287E1
7.039774292E0,-6.592500305E1,-6.440625000E1,-2.092500114E1,9.450992932E1
7.049774292E0,-5.986875153E1,-6.523125458E1,-2.126250076E1,9.105755280E1
7.059774292E0,-5.471250153E1,-6.598125458E1,-2.040000153E1,8.810870468E1
7.069774292E0,-5.038125229E1,-6.650625610E1,-1.822500038E1,8.540201006E1
7.079774292E0,-4.683750153E1,-6.691875458E1,-1.515000057E1,8.307462778E1
7.089774292E0,-4.483125305E1,-6.680625153E1,-1.102500057E1,8.120632445E1
7.099774292E0,-4.353750229E1,-6.686250305E1,-6.300000191E0,8.003623193E1
7.109774292E0,-4.275000000E1,-6.673125458E1,-9.750000238E-1,7.925637806E1
7.119774292E0,-4.310625076E1,-6.631875610E1,3.993750095E0,7.919770392E1
7.129774292E0,-4.366875076E1,-6.590625000E1,9.131250381E0,7.958626336E1
7.139774292E0,-4.477500153E1,-6.491250610E1,1.368750095E1,8.003612867E1
7.149774292E0,-4.650000000E1,-6.341250229E1,1.822500038E1,8.071893263E1
7.159774292E0,-4.936875153E1,-6.135000229E1,2.287500000E1,8.200220749E1
7.169774292E0,-5.184375381E1,-5.908125305E1,2.739375114E1,8.323933489E1
7.179774292E0,-5.435625076E1,-5.668125153E1,3.133125114E1,8.455183954E1
7.189774292E0,-5.576250076E1,-5.458125305E1,3.461250305E1,8.536155483E1
7.199774292E0,-5.499375153E1,-5.302500153E1,3.699375153E1,8.487933285E1
7.209774292E0,-5.201250076E1,-5.199375153E1,3.825000000E1,8.289579563E1
7.219774292E0,-4.631250000E1,-5.146875381E1,3.855000305E1,7.924634383E1
7.229774292E0,-3.781875229E1,-5.182500076E1,3.746250153E1,7.429352428E1
7.239774292E0,-2.703750038E1,-5.293125153E1,3.465000153E1,6.879946526E1
7.249774292E0,-1.597500038E1,-5.482500076E1,3.076875114E1,6.486676647E1
7.259774292E0,-4.837500095E0,-5.666250229E1,2.701875114E1,6.296072971E1
7.269774292E0,5.606250286E0,-5.835000229E1,2.351250076E1,6.315845550E1
7.279774292E0,1.475625038E1,-5.962500381E1,2.092500114E1,6.489024332E1
7.289774292E0,2.238750076E1,-6.039375305E1,1.880625153E1,6.709903647E1
7.299774292E0,2.820000076E1,-6.103125381E1,1.713750076E1,6.938117841E1
7.309774292E0,3.217500305E1,-6.127500153E1,1.584375095E1,7.099916251E1
7.319774292E0,3.536250305E1,-6.151875305E1,1.528125095E1,7.258498626E1
7.329774292E0,3.851250076E1,-6.150000381E1,1.466250038E1,7.403007566E1
7.339774292E0,4.185000229E1,-6.165000153E1,1.320000076E1,7.567288418E1
7.349774292E0,4.518750000E1,-6.183750153E1,1.098750019E1,7.737255270E1
7.359774292E0,4.867500305E1,-6.210000229E1,7.725000381E0,7.928014781E1
7.369774292E0,5.197500229E1,-6.258750153E1,3.937500238E0,8.144998538E1
7.379774292E0,5.525625229E1,-6.298125076E1,-2.250000089E-1,8.378509408E1
7.389774292E0,5.788125229E1,-6.330000305E1,-4.818750381E0,8.590896407E1
7.399774292E0,6.003750229E1,-6.346875381E1,-9.131250381E0,8.784169924E1
7.409774292E0,6.163125229E1,-6.346875381E1,-1.290000057E1,8.940416089E1
7.419774292E0,6.307500076E1,-6.309375381E1,-1.569375038E1,9.058460848E1
7.429774292E0,6.418125153E1,-6.273750305E1,-1.869375038E1,9.167706169E1
7.439774292E0,6.526875305E1,-6.232500076E1,-2.148750114E1,9.276922200E1
7.449774292E0,6.579375458E1,-6.166875076E1,-2.418750191E1,9.336427695E1
7.459774292E0,6.585000610E1,-6.084375381E1,-2.668125153E1,9.354183484E1
7.469774292E0,6.673125458E1,-6.000000381E1,-2.868750191E1,9.421270382E1
7.479774292E0,6.755625153E1,-5.881875229E1,-3.108750153E1,9.481521762E1
7.489774292E0,6.868125153E1,-5.760000229E1,-3.356250000E1,9.571476365E1
7.499774292E0,7.025625610E1,-5.610000229E1,-3.690000153E1,9.718416482E1
7.509774292E0,7.233750153E1,-5.400000381E1,-3.997500229E1,9.872545440E1
7.519774292E0,7.518750000E1,-5.141250229E1,-4.331250000E1,1.008582084E2
7.529774292E0,7.897500610E1,-4.820625305E1,-4.685625076E1,1.037130785E2
7.539774292E0,8.353125000E1,-4.438125229E1,-5.045625305E1,1.072054045E2
7.549774292E0,8.872500610E1,-4.050000000E1,-5.392500305E1,1.114463219E2
7.559774292E0,9.433125305E1,-3.660000229E1,-5.643750381E1,1.158582639E2
7.569774292E0,1.003875046E2,-3.230625153E1,-5.868750381E1,1.206878953E2
7.579774292E0,1.058062515E2,-2.861250114E1,-6.024375153E1,1.250717701E2
7.589774292E0,1.110562515E2,-2.542500114E1,-6.105000305E1,1.292556558E2
7.599774292E0,1.150500031E2,-2.268750000E1,-6.073125076E1,1.320587395E2
7.609774292E0,1.182937546E2,-2.090625000E1,-5.966250229E1,1.341271704E2
7.619774292E0,1.205812531E2,-1.972500038E1,-5.805000305E1,1.352727507E2
7.629774292E0,1.218000031E2,-1.893750000E1,-5.610000229E1,1.354292432E2
7.639774292E0,1.225500031E2,-1.816875076E1,-5.431875229E1,1.352742902E2
7.649774292E0,1.225875015E2,-1.805625153E1,-5.235000229E1,1.345148560E2
7.659774292E0,1.230187531E2,-1.766250038E1,-5.071875381E1,1.342310304E2
7.669774292E0,1.235812531E2,-1.670625114E1,-4.923750305E1,1.340736985E2
7.679774292E0,1.244625015E2,-1.569375038E1,-4.846875381E1,1.344857918E2
7.689774292E0,1.260000076E2,-1.415625095E1,-4.816875076E1,1.356341768E2
7.699774292E0,1.280062561E2,-1.276875019E1,-4.800000000E1,1.373049256E2
7.709774292E0,1.295437622E2,-1.126875019E1,-4.831875229E1,1.387201243E2
7.719774292E0,1.314375000E2,-9.750000000E0,-4.875000381E1,1.405255912E2
7.729774292E0,1.334625092E2,-8.362500191E0,-4.927500153E1,1.425138538E2
7.739773435E0,1.352812500E2,-7.162500381E0,-4.946250153E1,1.442180886E2
7.749773435E0,1.369687500E2,-6.562500477E0,-4.944375229E1,1.457675874E2
7.759773435E0,1.389187622E2,-6.000000000E0,-4.901250076E1,1.474335366E2
7.769773435E0,1.401937561E2,-6.056250095E0,-4.828125381E1,1.483982712E2
7.779773435E0,1.418625031E2,-6.000000000E0,-4.698750305E1,1.495620113E2
7.789773435E0,1.439062500E2,-5.850000381E0,-4.516875076E1,1.509418674E2
7.799773435E0,1.462687531E2,-5.906250000E0,-4.323750305E1,1.526398165E2
7.809774268E0,1.489125061E2,-5.756250381E0,-4.083750153E1,1.545178644E2
7.819774268E0,1.519875031E2,-5.662500381E0,-3.821250153E1,1.568198338E2
7.829774268E0,1.552875061E2,-5.531250000E0,-3.532500076E1,1.593507451E2
7.839774268E0,1.588687592E2,-5.175000191E0,-3.135000038E1,1.620150789E2
7.849774268E0,1.631250000E2,-4.500000000E0,-2.688750076E1,1.653872828E2
7.859774268E0,1.671375122E2,-4.106250286E0,-2.238750076E1,1.686801988E2
7.869774268E0,1.710937500E2,-3.393750191E0,-1.740000153E1,1.720097348E2
7.879774268E0,1.746000061E2,-2.512500048E0,-1.231875038E1,1.750520677E2
7.889774268E0,1.781250000E2,-1.518750072E0,-7.087500095E0,1.782724176E2
7.899774268E0,1.812562561E2,-2.062500119E-1,-1.668750048E0,1.812640550E2
7.909774268E0,1.840875092E2,1.331250072E0,3.487500191E0,1.841253538E2
7.919774268E0,1.866187592E2,2.943750143E0,7.406250477E0,1.867888634E2
7.929774268E0,1.891500092E2,4.856250286E0,1.100625038E1,1.895321785E2
7.939774268E0,1.920562592E2,7.500000477E0,1.368750095E1,1.926893987E2
7.949774268E0,1.959562531E2,1.085625076E1,1.503750038E1,1.968320038E2
7.959774268E0,2.012437592E2,1.505625057E1,1.481250095E1,2.023490832E2
7.969774268E0,2.074500122E2,2.010000038E1,1.245000076E1,2.087930078E2
7.979774268E0,2.141625061E2,2.516250038E1,8.025000572E0,2.157849186E2
7.989774268E0,2.210625153E2,3.003750038E1,2.681250095E0,2.231100092E2
7.999774268E0,2.277937622E2,3.423750305E1,-2.568750143E0,2.303666712E2
8.009774268E0,2.343375092E2,3.834375000E1,-7.462500095E0,2.375710426E2
8.019774268E0,2.403750153E2,4.237500000E1,-1.166250038E1,2.443599855E2
8.029774268E0,2.453062592E2,4.597500229E1,-1.441875076E1,2.499935239E2
8.039774268E0,2.487187653E2,4.921875381E1,-1.571250057E1,2.540283303E2
8.049774268E0,2.511937561E2,5.178750229E1,-1.462500095E1,2.568932447E2
8.059774268E0,2.532187653E2,5.476875305E1,-1.164375019E1,2.593355670E2
8.069774268E0,2.548500061E2,5.818125153E1,-7.968750477E0,2.615283629E2
8.079774268E0,2.566312561E2,6.208125305E1,-3.975000143E0,2.640634095E2
8.089774268E0,2.583000183E2,6.628125000E1,-8.437500596E-1,2.666698623E2
8.099774268E0,2.599312744E2,6.982500458E1,1.556250095E0,2.691509253E2
8.109774268E0,2.616750183E2,7.248750305E1,2.981250048E0,2.715458362E2
8.119774268E0,2.636625061E2,7.436250305E1,3.937500238E0,2.739766466E2
8.129774268E0,2.658750000E2,7.558125305E1,4.068750381E0,2.764391365E2
8.139774268E0,2.679375000E2,7.614375305E1,4.050000191E0,2.785763406E2
8.149774268E0,2.699250183E2,7.608750153E1,4.200000286E0,2.804754239E2
8.159774268E0,2.714437561E2,7.567500305E1,4.218750000E0,2.818265720E2
8.169774268E0,2.724187622E2,7.441875458E1,4.706250191E0,2.824398729E2
8.179774268E0,2.733000183E2,7.327500153E1,5.662500381E0,2.830091691E2
8.189774268E0,2.741062622E2,7.230000305E1,6.656250477E0,2.835592338E2
8.199774268E0,2.746500244E2,7.173750305E1,8.156250000E0,2.839813897E2
8.209774268E0,2.746875000E2,7.143750000E1,9.618750572E0,2.839877804E2
8.219774268E0,2.746687622E2,7.115625000E1,1.113750076E1,2.839545470E2
8.229774268E0,2.747062683E2,7.110000610E1,1.239375019E1,2.840287833E2
8.239774268E0,2.751187744E2,7.104375458E1,1.331250095E1,2.844552298E2
8.249774268E0,2.757562561E2,7.156875610E1,1.391250038E1,2.852317607E2
8.259774268E0,2.767125244E2,7.243125153E1,1.441875076E1,2.863983375E2
8.269774268E0,2.777625122E2,7.372500610E1,1.470000076E1,2.877559378E2
8.279774268E0,2.787750244E2,7.481250000E1,1.492500019E1,2.890245319E2
8.289774268E0,2.798812561E2,7.576875305E1,1.468125057E1,2.903273335E2
8.299774268E0,2.806687622E2,7.644375610E1,1.468125057E1,2.912630101E2
8.309774268E0,2.816250000E2,7.659375000E1,1.434375095E1,2.922070950E2
8.319774268E0,2.822250061E2,7.623750305E1,1.417500019E1,2.926842011E2
8.329774268E0,2.830125122E2,7.543125153E1,1.366875076E1,2.932111705E2
8.339774268E0,2.832562561E2,7.396875000E1,1.306875038E1,2.930465404E2
8.349774268E0,2.834437561E2,7.207500458E1,1.276875019E1,2.927425663E2
8.359774268E0,2.834437561E2,7.006875610E1,1.258125019E1,2.922469526E2
8.369774268E0,2.834625244E2,6.845625305E1,1.252500057E1,2.918803470E2
8.379774268E0,2.836312561E2,6.688125610E1,1.203750038E1,2.916585217E2
8.389774268E0,2.838375244E2,6.568125153E1,1.205625057E1,2.915872429E2
8.399774268E0,2.842687683E2,6.511875153E1,1.220625019E1,2.918872676E2
8.409774268E0,2.842687683E2,6.483750153E1,1.254375076E1,2.918389623E2
8.419774268E0,2.847562561E2,6.517500305E1,1.301250076E1,2.924093562E2
8.429774268E0,2.851312561E2,6.547500610E1,1.340625095E1,2.928592447E2
8.439774268E0,2.856750183E2,6.615000153E1,1.374375057E1,2.935556667E2
8.449774268E0,2.863687744E2,6.639375305E1,1.462500095E1,2.943282115E2
8.459774268E0,2.872500000E2,6.693750000E1,1.526250076E1,2.953407106E2
8.469774268E0,2.878687744E2,6.744375610E1,1.578750038E1,2.960850160E2
8.479774268E0,2.883375244E2,6.798750305E1,1.635000038E1,2.966953843E2
8.489774268E0,2.893875122E2,6.864375305E1,1.708125114E1,2.979074793E2
8.499774268E0,2.899687500E2,6.915000153E1,1.777500153E1,2.986294516E2
8.509774268E0,2.905875244E2,6.986250305E1,1.852500153E1,2.994412369E2
8.519774268E0,2.914500122E2,7.042500305E1,1.901250076E1,3.004401202E2
8.529774268E0,2.916937561E2,7.140000153E1,1.942500114E1,3.009327803E2
8.539774268E0,2.918437500E2,7.203750610E1,1.989375114E1,3.012605816E2
8.549774268E0,2.922187500E2,7.291875458E1,2.015625000E1,3.018529725E2
8.559774268E0,2.924625244E2,7.346250153E1,2.006250000E1,3.022144458E2
8.569774268E0,2.925562744E2,7.376250458E1,1.996875000E1,3.023720089E2
8.579774268E0,2.925750122E2,7.408125305E1,1.985625076E1,3.024606429E2
8.589774268E0,2.928937683E2,7.434375000E1,1.970625114E1,3.028235278E2
8.599774268E0,2.926500244E2,7.415625000E1,1.946250153E1,3.025259909E2
8.609774268E0,2.927250061E2,7.389375305E1,1.931250000E1,3.025246909E2
8.619774268E0,2.929687500E2,7.380000305E1,1.918125153E1,3.027293335E2
8.629774268E0,2.929125061E2,7.368750000E1,1.906875038E1,3.026403825E2
8.639774268E0,2.931750183E2,7.381875610E1,1.920000076E1,3.029347127E2
8.649774268E0,2.931937561E2,7.410000610E1,1.927500153E1,3.030262616E2
8.659774268E0,2.933062744E2,7.436250305E1,1.923750114E1,3.031970216E2
8.669774268E0,2.934375000E2,7.453125000E1,1.914375114E1,3.033594515E2
8.679774268E0,2.936812744E2,7.516875458E1,1.936875153E1,3.037666557E2
8.689774268E0,2.940937500E2,7.575000000E1,1.940625000E1,3.043120090E2
8.699774268E0,2.942625122E2,7.655625153E1,1.946250153E1,3.046802828E2
8.709774268E0,2.947312622E2,7.717500305E1,1.929375076E1,3.052781467E2
8.719774268E0,2.949000244E2,7.785000610E1,1.931250000E1,3.056135149E2
8.729774268E0,2.950687561E2,7.882500458E1,1.931250000E1,3.060260199E2
8.739774268E0,2.955000000E2,7.961250305E1,1.933125114E1,3.066465358E2
8.749774268E0,2.955187683E2,8.036250305E1,1.942500114E1,3.068661027E2
8.759774268E0,2.957812500E2,8.103750610E1,1.946250153E1,3.072985750E2
8.769774268E0,2.957625122E2,8.182500458E1,1.920000076E1,3.074726574E2
8.779774268E0,2.959875183E2,8.238750458E1,1.901250076E1,3.078275282E2
8.789774268E0,2.960625000E2,8.308125305E1,1.936875153E1,3.081081743E2
8.799774268E0,2.963250122E2,8.338125610E1,1.927500153E1,3.084355239E2
8.809774268E0,2.967375183E2,8.353125000E1,1.899375153E1,3.088549613E2
8.819774268E0,2.969062500E2,8.370000458E1,1.895625114E1,3.090604334E2
8.829774268E0,2.973562622E2,8.368125153E1,1.882500076E1,3.094796911E2
8.839774268E0,2.976562500E2,8.377500153E1,1.826250076E1,3.097596051E2
8.849774268E0,2.981437683E2,8.366250610E1,1.794375038E1,3.101791413E2
8.859774268E0,2.982937622E2,8.336250305E1,1.781250000E1,3.102350087E2
8.869774268E0,2.984625244E2,8.325000000E1,1.743750000E1,3.103457868E2
8.879774268E0,2.985187683E2,8.332500458E1,1.704375076E1,3.103981328E2
8.889774268E0,2.986687622E2,8.326875305E1,1.706250000E1,3.105283299E2
8.899774268E0,2.989500122E2,8.321250153E1,1.666875076E1,3.107624132E2
8.909774268E0,2.988750000E2,8.358750153E1,1.646250153E1,3.107799060E2
8.919774268E0,2.991562500E2,8.371875000E1,1.633125114E1,3.110787694E2
8.929774268E0,2.990812683E2,8.388750458E1,1.635000038E1,3.110531160E2
8.939774268E0,2.991375122E2,8.441250610E1,1.653750038E1,3.112590743E2
8.949774268E0,2.992125244E2,8.471250153E1,1.666875076E1,3.114196364E2
8.959774268E0,2.994375000E2,8.529375458E1,1.693125153E1,3.118084480E2
8.969774268E0,2.996812744E2,8.570625305E1,1.715625000E1,3.121678474E2
8.979774268E0,2.994750061E2,8.628750610E1,1.755000114E1,3.121519110E2
8.989774268E0,2.997000122E2,8.671875000E1,1.786875153E1,3.125052499E2
8.999774268E0,2.997375183E2,8.722500610E1,1.803750038E1,3.126917540E2
9.009774268E0,3.000187683E2,8.782500458E1,1.843125153E1,3.131520458E2
9.019774268E0,3.005250244E2,8.821875000E1,1.831875038E1,3.137409995E2
9.029774268E0,3.008812561E2,8.848125458E1,1.801875114E1,3.141387243E2
9.039774268E0,3.012375183E2,8.863125610E1,1.786875153E1,3.145136472E2
9.049774268E0,3.015000000E2,8.902500153E1,1.760625076E1,3.148613678E2
9.059774268E0,3.019312744E2,8.934375000E1,1.745625114E1,3.153561809E2
9.069774268E0,3.023437500E2,8.955000305E1,1.717500114E1,3.157941210E2
9.079774268E0,3.024000244E2,8.970000458E1,1.728750038E1,3.158966971E2
9.089774268E0,3.025875244E2,8.977500153E1,1.702500153E1,3.160832351E2
9.099774268E0,3.027000122E2,8.979375458E1,1.663125038E1,3.161752904E2
9.109774268E0,3.030187683E2,9.000000000E1,1.666875076E1,3.165410261E2
9.119774268E0,3.028312683E2,9.020625305E1,1.644375038E1,3.164085051E2
9.129774268E0,3.027000122E2,9.022500610E1,1.636875153E1,3.162843422E2
9.139774268E0,3.029062500E2,9.024375153E1,1.618125153E1,3.164774303E2
9.149774268E0,3.027750244E2,9.035625458E1,1.603125000E1,3.163763094E2
9.159774268E0,3.027937622E2,9.037500000E1,1.576875019E1,3.163864038E2
9.169774268E0,3.027375183E2,9.039375305E1,1.578750038E1,3.163388701E2
9.179774268E0,3.024000244E2,9.061875153E1,1.575000095E1,3.160784640E2
9.189774268E0,3.018750000E2,9.069375610E1,1.560000038E1,3.155902930E2
9.199774268E0,3.020625000E2,9.065625000E1,1.597500038E1,3.157776278E2
9.209774268E0,3.020437622E2,9.071250153E1,1.620000076E1,3.157873212E2
9.219774268E0,3.020250244E2,9.073125458E1,1.625625038E1,3.157776775E2
9.229774268E0,3.021562500E2,9.082500458E1,1.627500153E1,3.159310946E2
9.239774268E0,3.024000244E2,9.110625458E1,1.631250000E1,3.162470902E2
9.249774268E0,3.025500183E2,9.151875305E1,1.616250038E1,3.165018517E2
9.259774268E0,3.029437561E2,9.150000000E1,1.642500114E1,3.168863361E2
9.269774268E0,3.034875183E2,9.150000000E1,1.644375038E1,3.174071844E2
9.279774268E0,3.034312744E2,9.176250458E1,1.616250038E1,3.174147475E2
9.289774268E0,3.035625000E2,9.193125153E1,1.597500038E1,3.175795130E2
9.299774268E0,3.034312744E2,9.208125305E1,1.584375095E1,3.174909761E2
9.309774268E0,3.033000183E2,9.217500305E1,1.584375095E1,3.173927484E2
9.319774268E0,3.031500244E2,9.223125458E1,1.584375095E1,3.172657657E2
9.329774268E0,3.032437744E2,9.215625000E1,1.593750095E1,3.173382502E2
9.339774268E0,3.031687622E2,9.230625153E1,1.590000057E1,3.173082925E2
9.349774268E0,3.029812622E2,9.260625458E1,1.595625019E1,3.172194281E2
9.359774268E0,3.029812622E2,9.241875458E1,1.618125153E1,3.171761409E2
9.369774268E0,3.031875000E2,9.255000305E1,1.618125153E1,3.174113989E2
9.379774268E0,3.032625122E2,9.262500000E1,1.610625076E1,3.175011075E2
9.389774268E0,3.033562622E2,9.249375153E1,1.631250000E1,3.175629285E2
9.399774268E0,3.035625000E2,9.243750000E1,1.638750076E1,3.177474359E2
9.409774268E0,3.035250244E2,9.225000000E1,1.635000038E1,3.176551990E2
9.419774268E0,3.035812683E2,9.226875305E1,1.625625038E1,3.177095764E2
9.429774268E0,3.036375122E2,9.206250000E1,1.623750114E1,3.177025325E2
9.439774268E0,3.037500000E2,9.211875153E1,1.623750114E1,3.178263415E2
9.449774268E0,3.034125061E2,9.200625610E1,1.629375076E1,3.174740719E2
9.459774268E0,3.035812683E2,9.187500000E1,1.657500076E1,3.176119216E2
9.469774268E0,3.035812683E2,9.200625610E1,1.642500114E1,3.176421230E2
9.479774268E0,3.033937683E2,9.215625000E1,1.644375038E1,3.175074015E2
9.489774268E0,3.033750000E2,9.240000153E1,1.640625000E1,3.175583662E2
9.499774268E0,3.033562622E2,9.228750610E1,1.646250153E1,3.175106605E2
9.509774268E0,3.035062561E2,9.251250458E1,1.636875153E1,3.177145685E2
9.519774268E0,3.036187744E2,9.279375458E1,1.597500038E1,3.178840067E2
9.529774268E0,3.037875061E2,9.271875000E1,1.567500019E1,3.180083664E2
9.539774268E0,3.038625183E2,9.270000458E1,1.563750076E1,3.180727154E2
9.549774268E0,3.041062622E2,9.271875000E1,1.565625095E1,3.183119594E2
9.559774268E0,3.040312500E2,9.262500000E1,1.543125057E1,3.182020036E2
9.569774268E0,3.041625061E2,9.260625458E1,1.520625019E1,3.183111348E2
9.579774268E0,3.042375183E2,9.275625610E1,1.518750095E1,3.184255812E2
9.589774268E0,3.038625183E2,9.286875153E1,1.488750076E1,3.180859518E2
9.599774268E0,3.038625183E2,9.290625000E1,1.496250057E1,3.181004209E2
9.609774268E0,3.037875061E2,9.326250458E1,1.513125038E1,3.181410039E2
9.619774268E0,3.034875183E2,9.328125000E1,1.490625095E1,3.178494324E2
9.629774268E0,3.032812500E2,9.328125000E1,1.468125057E1,3.176420113E2
9.639774268E0,3.033000183E2,9.326250458E1,1.488750076E1,3.176640262E2
9.649774268E0,3.033375244E2,9.339375305E1,1.473750019E1,3.177313972E2
9.659774268E0,3.031125183E2,9.356250000E1,1.471875095E1,3.175653977E2
9.669774268E0,3.033562622E2,9.335625458E1,1.486875057E1,3.177443813E2
9.679774268E0,3.032437744E2,9.320625305E1,1.481250095E1,3.175903061E2
9.689774268E0,3.031875000E2,9.281250000E1,1.464375019E1,3.174133893E2
9.699774268E0,3.032062683E2,9.275625610E1,1.475625038E1,3.174200862E2
9.709774268E0,3.032250061E2,9.260625458E1,1.518750095E1,3.174145285E2
9.719774268E0,3.034687500E2,9.247500610E1,1.511250019E1,3.176055677E2
9.729774268E0,3.031500244E2,9.215625000E1,1.552500057E1,3.172282102E2
9.739774268E0,3.032625122E2,9.196875000E1,1.528125095E1,3.172694737E2
9.749774268E0,3.032062683E2,9.189375305E1,1.543125057E1,3.172012397E2
9.759774268E0,3.033187561E2,9.174375153E1,1.561875057E1,3.172745327E2
9.769774268E0,3.035812683E2,9.195000458E1,1.571250057E1,3.175897865E2
9.779774268E0,3.036187744E2,9.189375305E1,1.545000076E1,3.175964807E2
9.789774268E0,3.038437500E2,9.204375458E1,1.505625057E1,3.178360707E2
9.799774268E0,3.035625000E2,9.208125305E1,1.509375095E1,3.175798638E2
9.809774268E0,3.039000244E2,9.213750458E1,1.505625057E1,3.179170258E2
9.819774268E0,3.037687683E2,9.193125153E1,1.518750095E1,3.177380679E2
9.829774268E0,3.037125244E2,9.204375458E1,1.488750076E1,3.177026722E2
9.839774268E0,3.036187744E2,9.221250153E1,1.460625076E1,3.176489386E2
9.849774268E0,3.032812500E2,9.210000610E1,1.468125057E1,3.172971271E2
9.859774268E0,3.033375244E2,9.202500153E1,1.471875095E1,3.173308939E2
9.869774268E0,3.031687622E2,9.176250458E1,1.451250076E1,3.170840083E2
9.879774268E0,3.031687622E2,9.153750610E1,1.415625095E1,3.170028594E2
9.889774268E0,3.030000000E2,9.133125305E1,1.385625076E1,3.167686750E2
9.899774268E0,3.029250183E2,9.131250000E1,1.370625019E1,3.166850181E2
9.909774268E0,3.029250183E2,9.101250458E1,1.380000019E1,3.166027206E2
9.919774268E0,3.029812622E2,9.060000610E1,1.363125038E1,3.165309106E2
9.929774268E0,3.030750122E2,9.060000610E1,1.350000095E1,3.166150252E2
9.939774268E0,3.029250183E2,9.065625000E1,1.353750038E1,3.164891567E2
9.949774268E0,3.027562561E2,9.073125458E1,1.351875019E1,3.163483330E2
9.959774268E0,3.027562561E2,9.095625305E1,1.361250019E1,3.164169571E2
9.969774268E0,3.025875244E2,9.103125000E1,1.351875019E1,3.162730703E2
9.979774268E0,3.027000122E2,9.105000305E1,1.380000019E1,3.163982308E2
9.989774268E0,3.025687561E2,9.108750153E1,1.380000019E1,3.162834569E2
9.999774268E0,3.024937744E2,9.138750458E1,1.423125076E1,3.163173850E2
1.000977427E1,3.024937744E2,9.135000610E1,1.432500076E1,3.163107852E2
1.001977427E1,3.024562683E2,9.146250153E1,1.447500038E1,3.163142568E2
1.002977427E1,3.024937744E2,9.151875305E1,1.456875038E1,3.163706911E2
1.003977427E1,3.026062622E2,9.136875153E1,1.477500057E1,3.164444648E2
1.004977427E1,3.027375183E2,9.140625000E1,1.485000038E1,3.165843174E2
1.005977427E1,3.029250183E2,9.127500153E1,1.455000019E1,3.167118487E2
1.006977427E1,3.026812744E2,9.133125305E1,1.485000038E1,3.165088848E2
1.007977427E1,3.027375183E2,9.127500153E1,1.466250038E1,3.165377068E2
1.008977427E1,3.027562561E2,9.108750153E1,1.460625076E1,3.164990144E2
1.009977427E1,3.027375183E2,9.091875458E1,1.445625019E1,3.164256755E2
1.010977427E1,3.028125000E2,9.095625305E1,1.438125038E1,3.165047717E2
1.011977427E1,3.025875244E2,9.099375153E1,1.419375038E1,3.162918515E2
1.012977427E1,3.025687561E2,9.075000000E1,1.432500076E1,3.162097726E2
1.013977427E1,3.022500000E2,9.080625153E1,1.441875076E1,3.159252098E2
1.014977427E1,3.024937744E2,9.067500305E1,1.419375038E1,3.161105855E2
1.015977427E1,3.023250122E2,9.073125458E1,1.428750038E1,3.159694704E2
1.016977427E1,3.019875183E2,9.058125305E1,1.445625019E1,3.156111655E2
1.017977427E1,3.020625000E2,9.065625000E1,1.447500038E1,3.157052980E2
1.018977427E1,3.020812683E2,9.046875000E1,1.455000019E1,3.156729160E2
1.019977427E1,3.021562500E2,9.026250458E1,1.464375019E1,3.156899722E2
1.020977427E1,3.021375122E2,9.050625610E1,1.462500095E1,3.157409529E2
1.021977427E1,3.022875061E2,9.035625458E1,1.458750057E1,3.158398079E2
1.022977427E1,3.022875061E2,9.054375458E1,1.445625019E1,3.158874657E2
1.023977427E1,3.022500000E2,9.037500000E1,1.421250057E1,3.157921758E2
1.024977427E1,3.023812561E2,9.046875000E1,1.387500095E1,3.159296352E2
1.025977427E1,3.024375000E2,9.028125000E1,1.391250038E1,3.159314849E2
1.026977427E1,3.024375000E2,9.005625153E1,1.378125095E1,3.158615088E2
1.027977427E1,3.023812561E2,9.015000153E1,1.370625019E1,3.158311386E2
1.028977427E1,3.021937561E2,8.990625000E1,1.363125038E1,3.155788507E2
1.029977427E1,3.020625000E2,8.986875153E1,1.351875019E1,3.154376373E2
1.030977427E1,3.020625000E2,8.973750305E1,1.361250019E1,3.154043017E2
1.031977427E1,3.020062561E2,8.971875000E1,1.361250019E1,3.153451014E2
1.032977427E1,3.020437622E2,8.958750153E1,1.361250019E1,3.153437091E2
1.033977427E1,3.019687500E2,8.983125305E1,1.336875057E1,3.153307842E2
1.034977427E1,3.017437744E2,9.024375153E1,1.331250095E1,3.152308087E2
1.035977427E1,3.018000183E2,9.033750153E1,1.344375038E1,3.153170621E2
1.036977427E1,3.018375244E2,9.052500153E1,1.329375076E1,3.154003660E2
1.037977427E1,3.019875183E2,9.071250153E1,1.335000038E1,3.156001294E2
1.038977427E1,3.018562622E2,9.086250305E1,1.305000019E1,3.155051505E2
1.039977427E1,3.019687500E2,9.106875610E1,1.308750057E1,3.156737667E2
1.040977427E1,3.017250061E2,9.129375458E1,1.293750095E1,3.154994578E2
1.041977427E1,3.016687622E2,9.133125305E1,1.306875038E1,3.154619345E2
1.042977427E1,3.015562744E2,9.131250000E1,1.293750095E1,3.153435242E2
1.043977427E1,3.016312561E2,9.114375305E1,1.252500057E1,3.153497646E2
1.044977427E1,3.017437744E2,9.138750458E1,1.245000076E1,3.155249339E2
1.045977427E1,3.015937500E2,9.165000153E1,1.245000076E1,3.154576284E2
1.046977427E1,3.016875000E2,9.146250153E1,1.254375076E1,3.154965650E2
1.047977427E1,3.018187561E2,9.148125458E1,1.252500057E1,3.156267687E2
1.048977427E1,3.019500122E2,9.142500305E1,1.252500057E1,3.157359921E2
1.049977427E1,3.020437622E2,9.125625610E1,1.245000076E1,3.157738765E2
1.050977427E1,3.021937561E2,9.123750305E1,1.265625095E1,3.159201305E2
1.051977427E1,3.020625000E2,9.146250153E1,1.275000095E1,3.158634287E2
1.052977427E1,3.020437622E2,9.135000610E1,1.280625057E1,3.158152276E2
1.053977427E1,3.020250244E2,9.103125000E1,1.265625095E1,3.156991995E2
1.054977427E1,3.020812683E2,9.101250458E1,1.273125076E1,3.157506190E2
1.055977427E1,3.020437622E2,9.097500610E1,1.267500019E1,3.157016656E2
1.056977427E1,3.023625183E2,9.118125153E1,1.261875057E1,3.160638321E2
1.057977427E1,3.022500000E2,9.125625610E1,1.252500057E1,3.159741167E2
1.058977427E1,3.022500000E2,9.112500000E1,1.243125057E1,3.159325310E2
1.059977427E1,3.024750061E2,9.090000153E1,1.252500057E1,3.160867211E2
1.060977427E1,3.024562683E2,9.082500458E1,1.250625038E1,3.160464871E2
1.061977427E1,3.025312500E2,9.093750000E1,1.239375019E1,3.161461548E2
1.062977427E1,3.025500183E2,9.112500000E1,1.224375057E1,3.162122525E2
1.063977427E1,3.024187622E2,9.112500000E1,1.239375019E1,3.160925156E2
1.064977427E1,3.023250122E2,9.103125000E1,1.226250076E1,3.159706797E2
1.065977427E1,3.024187622E2,9.093750000E1,1.216875076E1,3.160297694E2
1.066977427E1,3.024187622E2,9.101250458E1,1.213125038E1,3.160499185E2
1.067977427E1,3.021000061E2,9.103125000E1,1.211250019E1,3.157496078E2
1.068977427E1,3.019125061E2,9.108750153E1,1.220625019E1,3.155900613E2
1.069977427E1,3.018750000E2,9.110625458E1,1.243125057E1,3.155683781E2
1.070977427E1,3.017250061E2,9.095625305E1,1.252500057E1,3.153853118E2
1.071977427E1,3.017812500E2,9.105000305E1,1.246875095E1,3.154639372E2
1.072977427E1,3.019125061E2,9.116250610E1,1.286250019E1,3.156377794E2
1.073977427E1,3.018937683E2,9.131250000E1,1.306875038E1,3.156716843E2
1.074977427E1,3.022687683E2,9.138750458E1,1.312500095E1,3.160543465E2
1.075977427E1,3.024750061E2,9.170625305E1,1.331250095E1,3.163516854E2
1.076977427E1,3.027000122E2,9.174375153E1,1.338750076E1,3.165808562E2
1.077977427E1,3.030187683E2,9.204375458E1,1.344375038E1,3.169750166E2
1.078977427E1,3.034125061E2,9.225000000E1,1.370625019E1,3.174225459E2
1.079977427E1,3.036937561E2,9.238125610E1,1.380000019E1,3.177335896E2
1.080977427E1,3.038250122E2,9.234375000E1,1.372500038E1,3.178449022E2
1.081977427E1,3.036937561E2,9.240000153E1,1.383750057E1,3.177406713E2
1.082977427E1,3.034312744E2,9.273750305E1,1.402500057E1,3.175964159E2
1.083977427E1,3.036000061E2,9.268125153E1,1.404375076E1,3.177420416E2
1.084977427E1,3.035062561E2,9.279375458E1,1.396875095E1,3.176820020E2
1.085977427E1,3.036000061E2,9.266250610E1,1.372500038E1,3.177226454E2
1.086977427E1,3.034312744E2,9.307500458E1,1.361250019E1,3.176771867E2
1.087977427E1,3.034687500E2,9.296250153E1,1.357500076E1,3.176784374E2
1.088977427E1,3.032062683E2,9.335625458E1,1.363125038E1,3.175456540E2
1.089977427E1,3.035062561E2,9.354375458E1,1.335000038E1,3.178752963E2
1.090977427E1,3.036562500E2,9.343125153E1,1.342500019E1,3.179885966E2
1.091977427E1,3.036750183E2,9.369375610E1,1.340625095E1,3.180829518E2
1.092977427E1,3.040687561E2,9.369375610E1,1.344375038E1,3.184604572E2
1.093977427E1,3.041062622E2,9.376875305E1,1.361250019E1,3.185255059E2
1.094977427E1,3.044625244E2,9.348750305E1,1.357500076E1,3.187814653E2
1.095977427E1,3.044625244E2,9.361875153E1,1.363125038E1,3.188223806E2
1.096977427E1,3.045187683E2,9.341250610E1,1.365000057E1,3.188164034E2
1.097977427E1,3.046125183E2,9.345000458E1,1.396875095E1,3.189307380E2
1.098977427E1,3.048562622E2,9.346875000E1,1.383750057E1,3.191633191E2
1.099977427E1,3.049500122E2,9.360000610E1,1.366875076E1,3.192840520E2
1.100977427E1,3.051000061E2,9.375000000E1,1.374375057E1,3.194745168E2
1.101977427E1,3.050437622E2,9.406875610E1,1.374375057E1,3.195145042E2
1.102977427E1,3.049312744E2,9.423750305E1,1.391250038E1,3.194641557E2
1.103977427E1,3.049500122E2,9.435000610E1,1.368750095E1,3.195055262E2
1.104977427E1,3.051562500E2,9.455625153E1,1.372500038E1,3.197649094E2
1.105977427E1,3.051187744E2,9.480000305E1,1.357500076E1,3.197949151E2
1.106977427E1,3.049125061E2,9.493125153E1,1.380000019E1,3.196467095E2
1.107977427E1,3.048000183E2,9.465000153E1,1.378125095E1,3.194551562E2
1.108977427E1,3.045750122E2,9.472500610E1,1.363125038E1,3.192562855E2
1.109977427E1,3.044062500E2,9.472500610E1,1.368750095E1,3.190976959E2
1.110977427E1,3.041625061E2,9.455625153E1,1.368750095E1,3.188150914E2
1.111977427E1,3.040500183E2,9.453750610E1,1.376250076E1,3.187054441E2
1.112977427E1,3.036937561E2,9.433125305E1,1.346250057E1,3.182915672E2
1.113977427E1,3.036750183E2,9.435000610E1,1.344375038E1,3.182784549E2
1.114977427E1,3.035812683E2,9.421875000E1,1.299375057E1,3.181314145E2
1.115977427E1,3.036375122E2,9.425625610E1,1.284375095E1,3.181901045E2
1.116977427E1,3.035812683E2,9.416250610E1,1.297500038E1,3.181139963E2
1.117977427E1,3.036937561E2,9.395625305E1,1.284375095E1,3.181550517E2
1.118977427E1,3.037125244E2,9.408750153E1,1.250625038E1,3.181983057E2
1.119977427E1,3.037500000E2,9.412500000E1,1.241250038E1,3.182414937E2
1.120977427E1,3.041250000E2,9.425625610E1,1.263750076E1,3.186470836E2
1.121977427E1,3.041437683E2,9.406875610E1,1.282500076E1,3.186170795E2
1.122977427E1,3.043500061E2,9.416250610E1,1.301250076E1,3.188492260E2
1.123977427E1,3.045000000E2,9.416250610E1,1.318125057E1,3.189993306E2
1.124977427E1,3.045187683E2,9.420000458E1,1.308750057E1,3.190244564E2
1.125977427E1,3.042750244E2,9.425625610E1,1.331250095E1,3.188177457E2
1.126977427E1,3.043875122E2,9.423750305E1,1.361250019E1,3.189322259E2
1.127977427E1,3.044812622E2,9.429375458E1,1.368750095E1,3.190415316E2
1.128977427E1,3.043687744E2,9.412500000E1,1.372500038E1,3.188859390E2
1.129977427E1,3.043687744E2,9.401250458E1,1.368750095E1,3.188511401E2
1.130977427E1,3.041812744E2,9.382500458E1,1.385625076E1,3.186241907E2
1.131977427E1,3.040125122E2,9.406875610E1,1.385625076E1,3.185349810E2
1.132977427E1,3.039937744E2,9.384375000E1,1.396875095E1,3.184556332E2
1.133977427E1,3.042375183E2,9.371250153E1,1.396875095E1,3.186496924E2
1.134977427E1,3.042187500E2,9.369375610E1,1.389375019E1,3.186229811E2
1.135977427E1,3.041437683E2,9.365625000E1,1.404375076E1,3.185469383E2
1.136977427E1,3.039562683E2,9.393750000E1,1.404375076E1,3.184507715E2
1.137977427E1,3.040125122E2,9.420000458E1,1.408125019E1,3.185836312E2
1.138977427E1,3.040312500E2,9.442500305E1,1.398750019E1,3.186639803E2
1.139977427E1,3.040687561E2,9.393750000E1,1.404375076E1,3.185581411E2
1.140977427E1,3.041812744E2,9.420000458E1,1.413750076E1,3.187471686E2
1.141977427E1,3.040500183E2,9.408750153E1,1.419375038E1,3.185911708E2
1.142977427E1,3.041812744E2,9.420000458E1,1.434375095E1,3.187563831E2
1.143977427E1,3.045187683E2,9.416250610E1,1.438125038E1,3.190690806E2
1.144977427E1,3.048000183E2,9.386250305E1,1.430625057E1,3.192458135E2
1.145977427E1,3.048187561E2,9.388125610E1,1.447500038E1,3.192768234E2
1.146977427E1,3.049125061E2,9.388125610E1,1.468125057E1,3.193757438E2
1.147977427E1,3.049312744E2,9.416250610E1,1.466250038E1,3.194755837E2
1.148977427E1,3.050437622E2,9.418125153E1,1.481250095E1,3.195953929E2
1.149977427E1,3.051937561E2,9.425625610E1,1.494375038E1,3.197667685E2
1.150977427E1,3.049687500E2,9.418125153E1,1.513125038E1,3.195387322E2
1.151977427E1,3.046687622E2,9.425625610E1,1.516875076E1,3.192763497E2
1.152977427E1,3.049125061E2,9.448125458E1,1.556250095E1,3.195943292E2
1.153977427E1,3.047812500E2,9.455625153E1,1.556250095E1,3.194912933E2
1.154977427E1,3.049125061E2,9.442500305E1,1.565625095E1,3.195822833E2
1.155977427E1,3.049125061E2,9.459375000E1,1.591875076E1,3.196451478E2
1.156977427E1,3.048375244E2,9.476250458E1,1.595625019E1,3.196254847E2
1.157977427E1,3.048562622E2,9.502500153E1,1.586250019E1,3.197166096E2
1.158977427E1,3.051562500E2,9.513750458E1,1.578750038E1,3.200323841E2
1.159977427E1,3.053062744E2,9.525000000E1,1.595625019E1,3.202172475E2
1.160977427E1,3.049687500E2,9.515625000E1,1.576875019E1,3.198582559E2
1.161977427E1,3.052312622E2,9.513750458E1,1.569375038E1,3.200993002E2
1.162977427E1,3.053062744E2,9.513750458E1,1.561875057E1,3.201671616E2
1.163977427E1,3.053625183E2,9.515625000E1,1.560000038E1,3.202254511E2
1.164977427E1,3.053437500E2,9.515625000E1,1.537500095E1,3.201966712E2
1.165977427E1,3.052875061E2,9.502500153E1,1.548750019E1,3.201094734E2
1.166977427E1,3.051937561E2,9.508125305E1,1.556250095E1,3.200404113E2
1.167977427E1,3.051375122E2,9.504375458E1,1.561875057E1,3.199783774E2
1.168977427E1,3.052312622E2,9.508125305E1,1.565625095E1,3.200807497E2
1.169977427E1,3.050250244E2,9.495000458E1,1.575000095E1,3.198497013E2
1.170977427E1,3.047625122E2,9.502500153E1,1.567500019E1,3.196179679E2
1.171977427E1,3.047625122E2,9.498750305E1,1.571250057E1,3.196086627E2
1.172977427E1,3.047250061E2,9.481875610E1,1.569375038E1,3.195218610E2
1.173977427E1,3.047062683E2,9.495000458E1,1.563750076E1,3.195402083E2
1.174977427E1,3.048937683E2,9.474375153E1,1.541250038E1,3.196468889E2
1.175977427E1,3.048000183E2,9.476250458E1,1.505625057E1,3.195460438E2
1.176977427E1,3.047812500E2,9.495000458E1,1.498125076E1,3.195802741E2
1.177977427E1,3.051375122E2,9.493125153E1,1.488750076E1,3.199101148E2
1.178977427E1,3.052125244E2,9.498750305E1,1.500000095E1,3.200036106E2
1.179977427E1,3.052125244E2,9.506250000E1,1.483125019E1,3.200180150E2
1.180977427E1,3.054187622E2,9.506250000E1,1.500000095E1,3.202225777E2
1.181977427E1,3.053062744E2,9.489375305E1,1.477500057E1,3.200547550E2
1.182977427E1,3.051937561E2,9.495000458E1,1.466250038E1,3.199589365E2
1.183977427E1,3.052875061E2,9.483750153E1,1.483125019E1,3.200227790E2
1.184977427E1,3.052312622E2,9.485625458E1,1.462500095E1,3.199651905E2
1.185977427E1,3.049500122E2,9.491250610E1,1.464375019E1,3.197144557E2
1.186977427E1,3.049500122E2,9.483750153E1,1.434375095E1,3.196785961E2
1.187977427E1,3.049687500E2,9.485625458E1,1.440000057E1,3.197045629E2
1.188977427E1,3.049875183E2,9.487500000E1,1.428750038E1,3.197229811E2
1.189977427E1,3.051375122E2,9.493125153E1,1.428750038E1,3.198827544E2
1.190977427E1,3.051187744E2,9.493125153E1,1.453125095E1,3.198758607E2
1.191977427E1,3.050625000E2,9.489375305E1,1.453125095E1,3.198110544E2
1.192977427E1,3.052687683E2,9.465000153E1,1.449375057E1,3.199339190E2
1.193977427E1,3.053437500E2,9.466875458E1,1.447500038E1,3.200101630E2
1.194977427E1,3.053812561E2,9.474375153E1,1.477500057E1,3.200818500E2
1.195977427E1,3.053625183E2,9.459375000E1,1.471875095E1,3.200170101E2
1.196977427E1,3.053625183E2,9.444375610E1,1.471875095E1,3.199727055E2
1.197977427E1,3.053250122E2,9.480000305E1,1.486875057E1,3.200491890E2
1.198977427E1,3.054750061E2,9.489375305E1,1.483125019E1,3.202183157E2
1.199977427E1,3.056062622E2,9.502500153E1,1.486875057E1,3.203841728E2
1.200977427E1,3.055500183E2,9.526875305E1,1.522500038E1,3.204196461E2
1.201977427E1,3.055687561E2,9.525000000E1,1.520625019E1,3.204310491E2
1.202977427E1,3.054000244E2,9.551250458E1,1.515000057E1,3.203456508E2
1.203977427E1,3.054000244E2,9.562500000E1,1.528125095E1,3.203854431E2
1.204977427E1,3.052312622E2,9.575625610E1,1.535625076E1,3.202673859E2
1.205977427E1,3.053250122E2,9.547500610E1,1.545000076E1,3.202772898E2
1.206977427E1,3.052125244E2,9.540000153E1,1.552500057E1,3.201513251E2
1.207977427E1,3.051000061E2,9.530625153E1,1.537500095E1,3.200088842E2
1.208977427E1,3.052125244E2,9.515625000E1,1.522500038E1,3.200643648E2
1.209977427E1,3.055500183E2,9.523125458E1,1.513125038E1,3.204040578E2
1.210977427E1,3.056625061E2,9.511875153E1,1.488750076E1,3.204665072E2
1.211977427E1,3.055312500E2,9.498750305E1,1.488750076E1,3.203023699E2
1.212977427E1,3.055125122E2,9.508125305E1,1.477500057E1,3.203071033E2
1.213977427E1,3.055500183E2,9.496875000E1,1.475625038E1,3.203086388E2
1.214977427E1,3.055687561E2,9.481875610E1,1.464375019E1,3.202769124E2
1.215977427E1,3.058312683E2,9.495000458E1,1.443750095E1,3.205568740E2
1.216977427E1,3.057375183E2,9.496875000E1,1.441875076E1,3.204721422E2
1.217977427E1,3.053812561E2,9.480000305E1,1.468125057E1,3.200941913E2
1.218977427E1,3.053625183E2,9.453750610E1,1.486875057E1,3.200073240E2
1.219977427E1,3.052875061E2,9.442500305E1,1.471875095E1,3.198955833E2
1.220977427E1,3.053437500E2,9.401250458E1,1.464375019E1,3.198243207E2
1.221977427E1,3.052500000E2,9.397500610E1,1.458750057E1,3.197212214E2
1.222977427E1,3.052312622E2,9.423750305E1,1.471875095E1,3.197866039E2
1.223977427E1,3.049500122E2,9.401250458E1,1.522500038E1,3.194756041E2
1.224977427E1,3.048375244E2,9.397500610E1,1.501875019E1,3.193474298E2
1.225977427E1,3.048187561E2,9.376875305E1,1.483125019E1,3.192601120E2
1.226977427E1,3.048750000E2,9.363750458E1,1.483125019E1,3.192752948E2
1.227977427E1,3.049500122E2,9.378750610E1,1.498125076E1,3.193979401E2
1.228977427E1,3.047812500E2,9.390000153E1,1.500000095E1,3.192707639E2
1.229977427E1,3.047437744E2,9.410625458E1,1.500000095E1,3.192957175E2
1.230977427E1,3.046125183E2,9.390000153E1,1.501875019E1,3.191105756E2
1.231977427E1,3.047437744E2,9.399375153E1,1.455000019E1,3.192417515E2
1.232977427E1,3.045375061E2,9.388125610E1,1.471875095E1,3.190194735E2
1.233977427E1,3.044437561E2,9.420000458E1,1.475625038E1,3.190256861E2
1.234977427E1,3.044812622E2,9.440625000E1,1.462500095E1,3.191163890E2
1.235977427E1,3.045750122E2,9.436875153E1,1.434375095E1,3.191819896E2
1.236977427E1,3.048375244E2,9.448125458E1,1.460625076E1,3.194776460E2
1.237977427E1,3.047625122E2,9.450000000E1,1.440000057E1,3.194022524E2
1.238977427E1,3.049312744E2,9.442500305E1,1.417500019E1,3.195310532E2
1.239977427E1,3.050625000E2,9.450000000E1,1.432500076E1,3.196851335E2
1.240977427E1,3.054937744E2,9.463125610E1,1.436250019E1,3.201371616E2
1.241977427E1,3.057562561E2,9.451875305E1,1.436250019E1,3.203544353E2
1.242977427E1,3.056250000E2,9.468750000E1,1.458750057E1,3.202891794E2
1.243977427E1,3.057000122E2,9.468750000E1,1.492500019E1,3.203763034E2
1.244977427E1,3.057000122E2,9.481875610E1,1.466250038E1,3.204030008E2
1.245977427E1,3.057750244E2,9.489375305E1,1.477500057E1,3.205019354E2
1.246977427E1,3.058312683E2,9.519375610E1,1.483125019E1,3.206471298E2
1.247977427E1,3.056062622E2,9.534375000E1,1.485000038E1,3.204779878E2
1.248977427E1,3.053625183E2,9.555000305E1,1.483125019E1,3.203061608E2
1.249977427E1,3.053625183E2,9.571875000E1,1.479375076E1,3.203548060E2
1.250977427E1,3.053625183E2,9.579375458E1,1.449375057E1,3.203635120E2
1.251977427E1,3.054187622E2,9.592500305E1,1.417500019E1,3.204421276E2
1.252977427E1,3.053437500E2,9.590625000E1,1.408125019E1,3.203608841E2
1.253977427E1,3.051562500E2,9.575625610E1,1.396875095E1,3.201323531E2
1.254977427E1,3.050625000E2,9.568125153E1,1.361250019E1,3.200052046E2
1.255977427E1,3.049875183E2,9.538125610E1,1.344375038E1,3.198369972E2
1.256977427E1,3.049500122E2,9.517500305E1,1.323750019E1,3.197311723E2
1.257977427E1,3.048937683E2,9.506250000E1,1.316250038E1,3.196409553E2
1.258977427E1,3.050812683E2,9.496875000E1,1.323750019E1,3.197950518E2
1.259977427E1,3.050250244E2,9.506250000E1,1.342500019E1,3.197770709E2
1.260977427E1,3.050812683E2,9.495000458E1,1.351875019E1,3.198012512E2
1.261977427E1,3.054187622E2,9.495000458E1,1.370625019E1,3.201311996E2
1.262977427E1,3.055312500E2,9.495000458E1,1.417500019E1,3.202589245E2
1.263977427E1,3.057187500E2,9.491250610E1,1.462500095E1,3.204469200E2
1.264977427E1,3.060000000E2,9.508125305E1,1.515000057E1,3.207895996E2
1.265977427E1,3.061687622E2,9.513750458E1,1.550625038E1,3.209842668E2
1.266977427E1,3.062062683E2,9.526875305E1,1.595625019E1,3.210810116E2
1.267977427E1,3.060187683E2,9.541875458E1,1.597500038E1,3.209476997E2
1.268977427E1,3.060000000E2,9.571875000E1,1.633125114E1,3.210370522E2
1.269977427E1,3.059062500E2,9.575625610E1,1.646250153E1,3.209655875E2
1.270977427E1,3.058312683E2,9.571875000E1,1.650000000E1,3.208848606E2
1.271977427E1,3.056625061E2,9.585000610E1,1.635000038E1,3.207555359E2
1.272977427E1,3.056062622E2,9.585000610E1,1.621875000E1,3.206952744E2
1.273977427E1,3.054187622E2,9.585000610E1,1.601250076E1,3.205062311E2
1.274977427E1,3.052687683E2,9.553125000E1,1.565625095E1,3.202504626E2
1.275977427E1,3.055125122E2,9.523125458E1,1.565625095E1,3.203935161E2
1.276977427E1,3.055875244E2,9.496875000E1,1.530000019E1,3.203699246E2
1.277977427E1,3.055875244E2,9.489375305E1,1.494375038E1,3.203308838E2
1.278977427E1,3.053812561E2,9.483750153E1,1.447500038E1,3.200959058E2
1.279977427E1,3.053062744E2,9.483750153E1,1.443750095E1,3.200226778E2
1.280977427E1,3.049687500E2,9.463125610E1,1.415625095E1,3.196269897E2
1.281977427E1,3.048375244E2,9.457500458E1,1.395000076E1,3.194760559E2
1.282977427E1,3.046875000E2,9.461250305E1,1.387500095E1,3.193407491E2
1.283977427E1,3.044625244E2,9.429375458E1,1.351875019E1,3.190164534E2
1.284977427E1,3.040687561E2,9.412500000E1,1.348125076E1,3.185891840E2
1.285977427E1,3.039937744E2,9.397500610E1,1.359375095E1,3.184781103E2
1.286977427E1,3.041437683E2,9.378750610E1,1.363125038E1,3.185676366E2
1.287977427E1,3.041062622E2,9.375000000E1,1.344375038E1,3.185128186E2
1.288977427E1,3.042937622E2,9.365625000E1,1.335000038E1,3.186603355E2
1.289977427E1,3.044437561E2,9.339375305E1,1.338750076E1,3.187281270E2
1.290977427E1,3.043875122E2,9.326250458E1,1.331250095E1,3.186328216E2
1.291977427E1,3.043875122E2,9.352500153E1,1.336875057E1,3.187121068E2
1.292977427E1,3.044250183E2,9.363750458E1,1.321875095E1,3.187747001E2
1.293977427E1,3.044625244E2,9.354375458E1,1.310625076E1,3.187783503E2
1.294977427E1,3.044625244E2,9.388125610E1,1.336875057E1,3.188884484E2
1.295977427E1,3.045562744E2,9.361875153E1,1.323750019E1,3.188953219E2
1.296977427E1,3.043125000E2,9.346875000E1,1.329375076E1,3.186208228E2
1.297977427E1,3.041625061E2,9.360000610E1,1.325625038E1,3.185145514E2
1.298977427E1,3.041625061E2,9.365625000E1,1.325625038E1,3.185310840E2
1.299977427E1,3.041625061E2,9.345000458E1,1.336875057E1,3.184752062E2
1.300977427E1,3.042187500E2,9.350625610E1,1.335000038E1,3.185446441E2
1.301977427E1,3.043312683E2,9.360000610E1,1.327500057E1,3.186764937E2
1.302977427E1,3.041437683E2,9.337500000E1,1.320000076E1,3.184282689E2
1.303977427E1,3.041250000E2,9.365625000E1,1.331250095E1,3.184976161E2
1.304977427E1,3.042937622E2,9.380625153E1,1.329375076E1,3.187021028E2
1.305977427E1,3.043312683E2,9.393750000E1,1.316250038E1,3.187711188E2
1.306977427E1,3.044437561E2,9.401250458E1,1.310625076E1,3.188982996E2
1.307977427E1,3.043312683E2,9.425625610E1,1.303125095E1,3.188598065E2
1.308977427E1,3.041812744E2,9.412500000E1,1.312500095E1,3.186817048E2
1.309977427E1,3.038250122E2,9.436875153E1,1.306875038E1,3.184115129E2
1.310977427E1,3.041250000E2,9.438750458E1,1.271250057E1,3.186889146E2
1.311977427E1,3.040687561E2,9.431250000E1,1.245000076E1,3.186026657E2
1.312977427E1,3.039375000E2,9.457500458E1,1.243125057E1,3.185545030E2
1.313977427E1,3.038437500E2,9.451875305E1,1.243125057E1,3.184483554E2
1.314977427E1,3.037312622E2,9.450000000E1,1.224375057E1,3.183281940E2
1.315977427E1,3.037312622E2,9.418125153E1,1.220625019E1,3.182322742E2
1.316977427E1,3.040125122E2,9.408750153E1,1.222500038E1,3.184737291E2
1.317977427E1,3.040687561E2,9.393750000E1,1.228125095E1,3.184853081E2
1.318977427E1,3.035250244E2,9.388125610E1,1.256250095E1,3.179606062E2
1.319977427E1,3.035062561E2,9.397500610E1,1.254375076E1,3.179696447E2
1.320977427E1,3.036375122E2,9.386250305E1,1.233750057E1,3.180536468E2
1.321977427E1,3.037312622E2,9.373125458E1,1.254375076E1,3.181125169E2
1.322977427E1,3.039187622E2,9.367500305E1,1.254375076E1,3.182749847E2
1.323977427E1,3.040312500E2,9.390000153E1,1.245000076E1,3.184449933E2
1.324977427E1,3.038625183E2,9.391875458E1,1.254375076E1,3.182931168E2
1.325977427E1,3.039375000E2,9.376875305E1,1.248750019E1,3.183182694E2
1.326977427E1,3.043687744E2,9.371250153E1,1.222500038E1,3.187033643E2
1.327977427E1,3.043875122E2,9.367500305E1,1.245000076E1,3.187189456E2
1.328977427E1,3.042750244E2,9.367500305E1,1.258125019E1,3.186166733E2
1.329977427E1,3.039937744E2,9.361875153E1,1.250625038E1,3.183285910E2
1.330977427E1,3.038437500E2,9.369375610E1,1.276875019E1,3.182178269E2
1.331977427E1,3.039375000E2,9.371250153E1,1.299375057E1,3.183219666E2
