t,x,y,
0.000,-5.658,-409.9
0.033,-5.658,-409.2
0.067,-3.536,-408.4
0.100,-3.536,-408.4
0.133,-4.244,-407.7
0.167,-4.244,-407.7
0.200,-4.244,-407.7
0.233,-4.597,-407.7
0.267,-4.597,-407.7
0.300,-4.597,-407.0
0.333,-4.597,-407.0
0.367,-4.597,-407.0
0.400,-4.597,-407.0
0.433,-4.597,-407.0
0.467,-4.597,-407.0
0.500,-4.597,-407.0
0.533,-4.597,-407.0
0.567,-5.658,-407.0
0.600,-6.365,-407.0
0.633,-6.365,-407.0
0.666,-6.365,-407.0
0.700,-6.365,-407.0
0.733,-6.365,-407.0
0.766,-6.365,-406.0
0.800,-6.365,-406.0
0.833,-6.365,-406.0
0.866,-6.365,-405.6
0.900,-6.719,-404.6
0.933,-6.719,-404.6
0.966,-6.719,-404.6
1.000,-6.719,-404.6
1.033,-6.719,-404.2
1.066,-6.719,-404.2
1.100,-6.719,-404.2
1.133,-6.719,-403.5
1.166,-6.719,-403.5
1.200,-6.719,-402.4
1.233,-6.719,-402.4
1.266,-6.719,-402.4
1.300,-6.719,-402.8
1.333,-6.719,-402.8
1.366,-7.780,-402.1
1.400,-4.597,-403.5
1.433,-4.597,-403.5
1.466,-4.597,-403.5
1.500,-4.244,-402.8
1.533,-4.244,-402.8
1.566,-4.244,-402.8
1.600,-4.244,-400.0
1.633,-4.244,-398.5
1.666,-4.244,-398.5
1.700,-4.244,-397.1
1.733,-4.244,-397.1
1.766,-4.244,-397.1
1.800,-4.244,-396.4
1.833,-4.244,-396.4
1.866,-4.244,-396.4
1.900,-4.597,-395.7
1.933,-4.597,-395.7
1.966,-4.597,-395.0
1.999,-4.951,-394.3
2.033,-4.951,-394.3
2.066,-4.951,-394.3
2.099,-4.951,-393.2
2.133,-4.951,-393.2
2.166,-4.951,-392.9
2.199,-5.658,-391.5
2.233,-5.658,-391.5
2.266,-5.658,-391.5
2.299,-5.305,-391.1
2.333,-5.305,-391.1
2.366,-7.073,-389.7
2.399,-7.073,-389.7
2.433,-7.073,-389.7
2.466,-6.719,-388.6
2.499,-7.426,-389.4
2.533,-7.426,-389.4
2.566,-7.073,-388.6
2.599,-7.073,-388.6
2.633,-6.719,-387.9
2.666,-6.719,-387.6
2.699,-6.719,-387.2
2.733,-7.073,-387.2
2.766,-7.073,-385.5
2.799,-7.073,-385.1
2.833,-7.073,-384.4
2.866,-7.073,-384.4
2.899,-7.073,-383.7
2.933,-7.073,-383.0
2.966,-7.073,-382.3
2.999,-7.073,-381.9
3.033,-7.073,-381.9
3.066,-7.073,-381.6
3.099,-6.719,-380.9
3.133,-6.719,-380.2
3.166,-7.073,-379.4
3.199,-8.487,-379.4
3.233,-8.487,-379.4
3.266,-9.548,-380.2
3.299,-9.194,-380.9
3.332,-9.194,-381.6
3.366,-9.194,-382.6
3.399,-9.548,-383.3
3.432,-9.548,-381.6
3.466,-9.194,-380.2
3.499,-8.487,-380.2
3.532,-8.487,-380.2
3.566,-8.487,-379.4
3.599,-8.841,-378.0
3.632,-8.841,-377.3
3.666,-8.841,-375.9
3.699,-8.841,-374.5
3.732,-8.134,-372.4
3.766,-7.780,-372.4
3.799,-7.780,-372.4
3.832,-7.780,-371.0
3.866,-8.487,-370.3
3.899,-7.073,-367.4
3.932,-7.780,-369.5
3.966,-7.426,-369.9
3.999,-7.426,-370.6
4.032,-7.426,-370.6
4.066,-6.719,-370.6
4.099,-5.658,-369.9
4.132,-4.951,-369.5
4.166,-4.244,-367.8
4.199,-4.244,-367.4
4.232,-4.244,-363.9
4.266,-4.244,-362.5
4.299,-3.890,-361.8
4.332,-2.829,-361.1
4.366,-4.951,-361.8
4.399,-3.536,-360.4
4.432,-2.829,-360.0
4.466,-3.183,-360.0
4.499,-3.536,-359.6
4.532,-3.536,-360.4
4.566,-3.536,-360.4
4.599,-3.536,-360.7
4.632,-3.536,-360.4
4.665,-2.829,-358.9
4.699,-2.475,-358.2
4.732,-2.475,-357.5
4.765,-2.475,-355.4
4.799,-2.122,-354.3
4.832,-2.122,-354.3
4.865,-2.122,-352.9
4.899,-2.122,-352.6
4.932,-1.768,-351.9
4.965,-1.061,-352.2
4.999,-0.707,-352.2
5.032,-1.415,-352.2
5.065,-2.122,-352.2
5.099,-1.768,-352.2
5.132,-1.768,-352.2
5.165,-2.475,-352.6
5.199,-1.061,-354.0
5.232,-0.707,-354.0
5.265,-0.707,-354.0
5.299,-0.707,-353.3
5.332,-0.707,-352.6
5.365,-1.061,-351.9
5.399,-1.061,-349.7
5.432,-1.061,-349.7
5.465,-1.061,-346.2
5.499,-1.768,-342.0
5.532,-1.768,-341.3
5.565,-6.683,-343.5
5.599,-5.792,-342.2
5.632,-4.901,-339.5
5.665,-4.010,-337.7
5.699,-3.119,-333.3
5.732,-2.673,-331.5
5.765,-1.782,-330.6
5.799,-4.010,-331.0
5.832,-4.010,-331.5
5.865,-3.119,-331.0
5.898,-4.455,-331.0
5.932,-4.010,-330.6
5.965,-3.119,-330.1
5.998,-4.010,-330.6
6.032,-4.010,-330.6
6.065,-3.119,-330.1
6.098,-3.119,-328.8
6.132,-2.228,-327.9
6.165,-1.337,-325.7
6.198,-1.337,-325.2
6.232,-1.337,-325.2
6.265,-1.337,-325.2
6.298,-1.337,-325.2
6.332,-1.337,-325.2
6.365,-0.446,-323.5
6.398,0.446,-323.5
6.432,0.891,-320.8
6.465,0.446,-320.8
6.498,-1.337,-319.9
6.532,-1.337,-319.9
6.565,-1.337,-319.0
6.598,-1.337,-319.0
6.632,-1.337,-318.6
6.665,-2.228,-317.2
6.698,-1.337,-316.8
6.732,-1.337,-315.4
6.765,-1.337,-312.8
6.798,-1.782,-312.8
6.832,-1.782,-311.9
6.865,-1.782,-309.7
6.898,-1.782,-308.3
6.932,-1.782,-305.6
6.965,-1.337,-305.6
6.998,-1.337,-305.6
7.032,-1.337,-305.6
7.065,-2.228,-306.5
7.098,-2.228,-306.5
7.132,-0.891,-308.3
7.165,-0.891,-308.3
7.198,-0.891,-308.3
7.231,-0.446,-307.9
7.265,-0.446,-307.4
7.298,-0.446,-307.4
7.331,2.274e-13,-306.1
7.365,2.274e-13,-306.1
7.398,2.274e-13,-305.2
7.431,0.446,-305.2
7.465,0.446,-305.2
7.498,1.137e-13,-304.8
7.531,-1.337,-307.0
7.565,0.446,-305.6
7.598,0.446,-305.6
7.631,0.891,-305.6
7.665,0.891,-305.6
7.698,0.891,-305.6
7.731,0.891,-305.6
7.765,0.891,-302.1
7.798,0.891,-302.1
7.831,1.337,-300.3
7.865,1.337,-299.4
7.898,-2.673,-295.4
7.931,-2.228,-295.0
7.965,-2.228,-295.0
7.998,-1.782,-295.0
8.031,-1.782,-295.0
8.065,-1.782,-294.1
8.098,-1.782,-294.1
8.131,-1.782,-294.1
8.165,-1.782,-294.1
8.198,-1.782,-294.1
8.231,-1.782,-293.2
8.265,-1.782,-293.2
8.298,-1.782,-293.2
8.331,-1.782,-293.2
8.365,-1.782,-293.2
8.398,-1.782,-293.2
8.431,-1.782,-293.2
8.465,-1.782,-293.2
8.498,-1.782,-293.2
8.531,-1.782,-293.2
8.564,-2.228,-293.2
8.598,-3.564,-294.1
8.631,-3.564,-294.1
8.664,-3.564,-294.1
8.698,-3.564,-293.6
8.731,-3.119,-292.3
8.764,-3.119,-292.3
8.798,-3.119,-292.3
8.831,-4.010,-293.2
8.864,-4.010,-293.2
8.898,-4.010,-293.2
8.931,-4.010,-293.2
8.964,-3.564,-292.7
8.998,-3.564,-292.7
9.031,-3.119,-292.3
9.064,-3.119,-291.4
9.098,-3.119,-291.4
9.131,-3.119,-290.9
9.164,-4.901,-290.5
9.198,-4.010,-289.6
9.231,-4.010,-286.5
9.264,-4.010,-285.1
9.298,-4.010,-285.1
9.331,-4.010,-285.1
9.364,-4.010,-285.1
9.398,-4.901,-286.5
9.431,-5.347,-287.8
9.464,-4.010,-286.9
9.498,-4.901,-286.9
9.531,-4.901,-286.9
9.564,-5.347,-285.1
9.598,-5.347,-285.1
9.631,-5.347,-284.7
9.664,-5.347,-284.7
9.698,-5.347,-284.3
9.731,-5.792,-283.8
9.764,-5.792,-283.4
9.798,-5.792,-282.5
9.831,-6.238,-278.9
9.864,-7.129,-278.9
9.897,-7.129,-278.0
9.931,-7.129,-275.8
9.964,-7.129,-275.8
9.997,-7.129,-275.3
10.031,-7.129,-275.3
10.064,-7.129,-275.3
10.097,-7.129,-274.0
10.131,-7.129,-274.0
10.164,-7.129,-274.0
10.197,-7.129,-273.1
10.231,-6.683,-267.3
10.264,-6.238,-266.4
10.297,-6.238,-266.4
10.331,-5.792,-267.8
10.364,-2.228,-267.3
10.397,-1.337,-266.4
10.431,-0.446,-265.5
10.464,-0.446,-264.7
10.497,2.274e-13,-263.8
10.531,2.274e-13,-263.8
10.564,0.446,-263.8
10.597,0.446,-263.3
10.631,0.446,-262.4
10.664,0.891,-260.2
10.697,-0.446,-258.9
10.731,-0.446,-257.1
10.764,0.891,-262.4
10.797,1.337,-261.5
10.831,1.337,-261.1
10.864,1.337,-260.6
10.897,1.337,-260.6
10.931,1.337,-260.6
10.964,1.337,-260.6
10.997,1.337,-260.6
11.031,1.337,-259.8
11.064,1.337,-259.8
11.097,1.337,-259.8
11.131,1.337,-258.4
11.164,1.337,-258.4
11.197,0.891,-258.4
11.230,0.891,-259.3
11.264,0.891,-259.3
11.297,0.891,-258.0
11.330,0.891,-256.6
11.364,0.891,-254.9
11.397,0.446,-252.2
11.430,0.446,-250.8
11.464,0.446,-250.0
11.497,0.446,-249.5
11.530,2.274e-13,-249.5
11.564,1.337,-250.4
11.597,2.274e-13,-249.1
11.630,-1.782,-250.0
11.664,-1.782,-250.0
11.697,-1.782,-250.0
11.730,-1.782,-249.5
11.764,-1.782,-248.2
11.797,-2.673,-248.6
11.830,-3.119,-248.6
11.864,-3.119,-248.6
11.897,-3.119,-249.5
11.930,-3.119,-249.5
11.964,-3.119,-248.6
11.997,-3.119,-247.3
12.030,-3.119,-247.3
12.064,-3.119,-246.8
12.097,-3.119,-246.4
12.130,-3.119,-245.5
12.164,-3.119,-245.5
12.197,-3.119,-245.0
12.230,-3.119,-245.0
12.264,-4.010,-245.0
12.297,-4.010,-245.0
12.330,-4.455,-244.2
12.364,-4.455,-244.2
12.397,-4.455,-244.2
12.430,-4.010,-244.2
12.463,-4.010,-244.2
12.497,-4.010,-241.5
12.530,-4.010,-241.5
12.563,-4.010,-241.5
12.597,-4.010,-241.0
12.630,-4.455,-238.8
12.663,-4.455,-237.9
12.697,-6.683,-238.8
12.730,-6.238,-240.6
12.763,-6.238,-240.1
12.797,-6.683,-240.6
12.830,-6.683,-240.6
12.863,-6.683,-240.6
12.897,-6.238,-240.6
12.930,-6.238,-240.6
12.963,-6.683,-239.7
12.997,-6.683,-239.7
13.030,-6.683,-239.7
13.063,-6.683,-239.3
13.097,-6.683,-239.3
13.130,-8.911,-241.0
13.163,-8.911,-241.0
13.197,-8.465,-240.6
13.230,-8.465,-238.8
13.263,-8.465,-237.5
13.297,-8.465,-237.0
13.330,-8.465,-235.2
13.363,-8.465,-233.0
13.397,-8.465,-233.5
13.430,-7.574,-233.0
13.463,-7.574,-233.0
13.497,-7.574,-233.0
13.530,-7.574,-232.6
13.563,-7.574,-231.7
13.597,-7.574,-231.7
13.630,-7.574,-229.9
13.663,-7.574,-229.9
13.697,-7.574,-229.9
13.730,-7.574,-229.9
13.763,-8.020,-228.1
13.796,-8.020,-228.1
13.830,-8.020,-228.1
13.863,-8.020,-228.1
13.896,-8.465,-228.1
13.930,-8.465,-228.1
13.963,-8.465,-228.1
13.996,-8.020,-228.1
14.030,-8.020,-229.5
14.063,-8.020,-229.5
14.096,-8.020,-229.9
14.130,-8.020,-230.8
14.163,-7.574,-230.8
14.196,-7.574,-231.7
14.230,-7.129,-231.7
14.263,-6.683,-231.7
14.296,-5.792,-233.5
14.330,-4.901,-233.5
14.363,-4.901,-233.9
14.396,-4.455,-233.9
14.430,-4.455,-233.9
14.463,-4.455,-233.5
14.496,-4.455,-233.0
14.530,-4.455,-230.8
14.563,-4.901,-231.2
14.596,-4.901,-231.2
14.630,-4.901,-230.3
14.663,-4.901,-230.3
14.696,-4.010,-231.7
14.730,-4.010,-232.6
14.763,-4.010,-232.6
14.796,-4.010,-232.6
14.830,-4.010,-232.6
14.863,-3.119,-233.0
14.896,-1.337,-233.5
14.930,-0.891,-233.5
14.963,-0.891,-233.5
14.996,0.446,-233.9
15.030,1.337,-233.9
15.063,1.337,-233.9
15.096,1.337,-233.5
15.129,1.337,-232.6
15.163,0.891,-234.4
15.196,0.891,-234.4
15.229,0.891,-233.5
15.263,0.891,-233.5
15.296,0.891,-232.6
15.329,0.891,-231.2
15.363,0.446,-229.9
15.396,0.446,-229.9
15.429,0.891,-229.0
15.463,1.782,-228.1
15.496,1.337,-228.1
15.529,1.337,-225.4
15.563,0.891,-225.4
15.596,2.274e-13,-225.4
15.629,-0.446,-223.7
15.663,2.274e-13,-221.0
15.696,-1.782,-221.4
15.729,-1.337,-221.4
15.763,-1.337,-220.1
15.796,-0.891,-217.4
15.829,-1.782,-217.4
15.863,-1.782,-216.1
15.896,-3.119,-212.1
15.929,-3.119,-211.2
15.963,-3.564,-211.2
15.996,-3.564,-210.7
16.029,-3.564,-210.3
16.063,-4.901,-208.5
16.096,-5.347,-206.7
16.129,-5.792,-205.0
16.163,-7.129,-200.0
16.196,-6.683,-197.8
16.229,-6.683,-197.8
16.263,-6.238,-196.9
16.296,-6.238,-196.9
16.329,-6.683,-196.9
16.363,-7.129,-196.9
16.396,-8.465,-197.8
16.429,-8.465,-197.8
16.462,-8.020,-196.9
16.496,-7.574,-196.5
16.529,-8.465,-195.1
16.562,-8.465,-194.3
16.596,-9.356,-192.9
16.629,-8.911,-192.9
16.662,-8.911,-192.9
16.696,-8.911,-192.9
16.729,-9.356,-192.9
16.762,-11.58,-192.9
16.796,-12.92,-192.5
16.829,-12.92,-192.5
16.862,-13.37,-192.5
16.896,-13.37,-192.5
16.929,-13.37,-192.5
16.962,-11.58,-194.7
16.996,-12.92,-192.9
17.029,-12.92,-191.1
17.062,-12.48,-190.2
17.096,-12.48,-190.2
17.129,-11.58,-188.5
17.162,-11.14,-187.6
17.196,-12.48,-184.0
17.229,-13.37,-185.8
17.262,-11.58,-184.9
17.296,-11.58,-185.3
17.329,-11.58,-185.3
17.362,-11.58,-183.1
17.396,-12.03,-184.9
17.429,-11.58,-184.9
17.462,-11.58,-184.9
17.496,-11.14,-183.6
17.529,-10.69,-184.0
17.562,-10.69,-184.0
17.596,-10.69,-184.0
17.629,-10.69,-184.0
17.662,-10.69,-184.0
17.695,-10.69,-184.0
17.729,-10.69,-184.0
17.762,-10.69,-184.0
17.795,-10.69,-184.0
17.829,-10.69,-184.0
17.862,-10.69,-184.0
17.895,-10.69,-184.0
17.929,-10.69,-184.0
17.962,-10.69,-184.0
17.995,-10.69,-184.0
18.029,-10.69,-184.0
18.062,-10.69,-184.0
18.095,-10.69,-184.0
18.129,-13.37,-176.9
18.162,-13.37,-175.1
18.195,-13.37,-176.0
18.229,-13.37,-176.0
18.262,-13.37,-174.7
18.295,-13.37,-174.7
18.329,-13.37,-175.5
18.362,-12.48,-175.5
18.395,-12.48,-175.5
18.429,-12.48,-175.5
18.462,-12.48,-175.5
18.495,-12.48,-175.5
18.529,-12.48,-175.1
18.562,-12.48,-175.1
18.595,-12.48,-175.1
18.629,-12.92,-175.1
18.662,-12.92,-175.1
18.695,-13.81,-173.8
18.729,-13.81,-173.3
18.762,-16.04,-172.4
18.795,-15.15,-172.0
18.829,-15.59,-170.2
18.862,-15.59,-170.2
18.895,-16.04,-168.9
18.929,-18.27,-169.8
18.962,-17.82,-169.8
18.995,-19.60,-170.2
19.028,-19.60,-170.2
19.062,-19.60,-170.2
19.095,-20.50,-170.6
19.128,-20.50,-170.6
19.162,-20.50,-172.0
19.195,-20.05,-172.0
19.228,-20.05,-172.0
19.262,-20.05,-172.0
19.295,-20.05,-172.0
19.328,-20.05,-172.0
19.362,-20.50,-169.8
19.395,-20.50,-169.8
19.428,-21.39,-173.8
19.462,-20.94,-173.8
19.495,-20.94,-172.4
19.528,-21.39,-170.6
19.562,-22.28,-171.1
19.595,-22.28,-171.1
19.628,-22.28,-171.1
19.662,-22.28,-171.1
19.695,-22.28,-170.6
19.728,-22.28,-170.6
19.762,-22.28,-170.6
19.795,-22.28,-170.6
19.828,-22.28,-170.6
19.862,-22.28,-170.6
19.895,-22.28,-170.6
19.928,-22.28,-170.6
19.962,-22.28,-170.6
19.995,-22.28,-170.6
20.028,-22.28,-170.6
20.062,-22.28,-170.6
20.095,-22.28,-170.6
20.128,-22.28,-170.6
20.162,-22.28,-170.6
20.195,-22.28,-170.6
20.228,-22.28,-169.8
20.262,-22.28,-169.8
20.295,-24.50,-168.0
20.328,-22.72,-168.0
20.361,-24.50,-168.4
20.395,-24.95,-166.6
20.428,-24.95,-167.1
20.461,-24.06,-167.1
20.495,-25.84,-167.1
20.528,-25.84,-167.1
20.561,-26.29,-167.1
20.595,-25.84,-167.1
20.628,-25.84,-166.6
20.661,-27.18,-167.1
20.695,-26.73,-167.1
20.728,-25.84,-167.1
20.761,-26.29,-167.5
20.795,-26.29,-167.5
20.828,-26.29,-167.5
20.861,-26.29,-168.0
20.895,-26.73,-168.4
20.928,-26.73,-168.4
20.961,-26.73,-168.4
20.995,-26.73,-168.0
21.028,-26.73,-168.4
21.061,-26.73,-168.9
21.095,-26.73,-168.9
21.128,-26.73,-168.9
21.161,-26.73,-168.9
21.195,-26.73,-168.9
21.228,-25.84,-167.1
21.261,-25.84,-167.1
21.295,-25.84,-167.1
21.328,-26.73,-167.1
21.361,-26.73,-167.1
21.395,-26.73,-167.1
21.428,-26.73,-167.1
21.461,-26.73,-167.1
21.495,-26.73,-167.1
21.528,-26.73,-167.1
21.561,-26.73,-167.1
21.595,-27.18,-167.1
21.628,-27.62,-167.1
21.661,-27.62,-168.4
21.694,-27.62,-168.4
21.728,-27.62,-168.4
21.761,-27.62,-168.9
21.794,-28.07,-168.4
21.828,-28.07,-168.4
21.861,-28.51,-168.9
21.894,-28.51,-168.9
21.928,-28.51,-168.9
21.961,-28.51,-168.9
21.994,-28.51,-168.9
22.028,-28.51,-168.9
22.061,-28.51,-168.9
22.094,-28.51,-169.8
22.128,-28.51,-170.6
22.161,-28.51,-170.6
22.194,-28.51,-170.2
22.228,-28.51,-170.2
22.261,-28.51,-170.2
22.294,-28.51,-170.2
22.328,-28.51,-170.2
22.361,-28.51,-170.6
22.394,-28.51,-170.6
22.428,-28.51,-170.6
22.461,-28.51,-170.6
22.494,-28.51,-171.5
22.528,-28.51,-172.9
22.561,-28.51,-172.9
22.594,-28.51,-174.2
22.628,-27.62,-176.9
22.661,-26.73,-179.6
22.694,-20.05,-181.8
22.728,-20.50,-184.5
22.761,-20.50,-185.3
22.794,-20.05,-184.0
22.828,-20.50,-185.3
22.861,-20.94,-187.1
22.894,-20.94,-187.6
22.927,-20.94,-187.6
22.961,-19.60,-189.4
22.994,-19.60,-191.1
23.027,-20.05,-193.8
23.061,-20.05,-193.8
23.094,-20.05,-194.3
23.127,-16.04,-193.8
23.161,-16.49,-197.4
23.194,-16.49,-198.3
23.227,-16.93,-200.0
23.261,-14.70,-201.8
23.294,-14.26,-205.0
23.327,-13.81,-206.3
23.361,-13.81,-206.7
23.394,-13.81,-207.2
23.427,-12.03,-210.7
23.461,-12.03,-212.1
23.494,-10.25,-213.0
23.527,-9.802,-216.5
23.561,-8.911,-217.4
23.594,-7.500,-220.5
23.627,-7.000,-221.8
23.661,-7.250,-222.8
23.694,-7.000,-224.0
23.727,-6.500,-225.5
23.761,-6.500,-226.0
23.794,-4.000,-227.3
23.827,-4.750,-227.5
23.861,-4.500,-228.5
23.894,-4.500,-229.3
23.927,-4.500,-230.8
23.961,-5.250,-232.0
23.994,-6.000,-232.5
24.027,-7.000,-233.3
24.061,-6.750,-237.5
24.094,-6.750,-238.5
24.127,-5.750,-239.8
24.161,-6.000,-240.8
24.194,-5.250,-240.8
24.227,-5.000,-240.8
24.260,-5.000,-242.0
24.294,-4.500,-243.3
24.327,-4.500,-244.0
24.360,-4.250,-244.5
24.394,-3.000,-245.0
24.427,-2.500,-245.5
24.460,-2.750,-246.0
24.494,-3.500,-247.5
24.527,-3.500,-248.5
24.560,-3.500,-250.0
24.594,-3.750,-250.8
24.627,-3.750,-251.3
24.660,-3.750,-252.0
24.694,-3.750,-252.3
24.727,-4.000,-253.5
24.760,-4.000,-254.5
24.794,-4.000,-255.5
24.827,-4.000,-258.0
24.860,-4.000,-260.5
24.894,-3.750,-262.3
24.927,-3.750,-263.5
24.960,-3.750,-264.3
24.994,-3.750,-265.5
25.027,-3.750,-267.5
25.060,-3.500,-270.0
25.094,-3.500,-272.0
25.127,-4.000,-270.8
25.160,-2.750,-272.3
25.194,-2.750,-270.3
25.227,-2.750,-269.8
25.260,-2.750,-268.5
25.294,-3.000,-269.5
25.327,-3.000,-270.3
25.360,-3.000,-271.5
25.394,-3.000,-271.8
25.427,-3.000,-273.3
25.460,-3.250,-274.0
25.494,-2.750,-274.0
25.527,-2.750,-275.3
25.560,-3.000,-277.3
25.593,-3.250,-277.3
25.627,-3.250,-276.0
25.660,-3.000,-276.0
25.693,-3.000,-278.0
25.727,-3.000,-278.0
25.760,-3.000,-278.3
25.793,-3.000,-278.5
25.827,-2.750,-279.5
25.860,-2.750,-279.8
25.893,-2.750,-279.8
25.927,-2.750,-279.0
25.960,-2.500,-278.5
25.993,-2.750,-279.0
26.027,-2.750,-279.5
26.060,-3.000,-280.5
26.093,-3.000,-280.8
26.127,-3.000,-282.0
26.160,-3.000,-282.3
26.193,-3.000,-282.5
26.227,-3.500,-283.5
26.260,-3.250,-282.5
26.293,-1.750,-286.0
26.327,-1.500,-284.3
26.360,-2.250,-285.5
26.393,-2.250,-286.3
26.427,-2.250,-287.5
26.460,-2.250,-288.8
26.493,-2.250,-289.5
26.527,-2.250,-291.3
26.560,-2.250,-292.5
26.593,-2.750,-294.0
26.627,-2.750,-294.3
26.660,-2.750,-295.8
26.693,-2.750,-295.8
26.727,-2.750,-296.3
26.760,-2.750,-297.0
26.793,-2.750,-297.8
26.827,-3.000,-298.5
26.860,-3.000,-298.5
26.893,-3.000,-299.0
26.926,-3.250,-301.0
26.960,-2.750,-301.0
26.993,-1.750,-300.8
27.026,-2.000,-301.8
27.060,-1.250,-303.3
27.093,-2.000,-305.0
27.126,-2.750,-305.8
27.160,-3.000,-307.3
27.193,-3.250,-307.3
27.226,-3.250,-307.3
27.260,-3.250,-307.8
27.293,-3.250,-307.8
27.326,-3.250,-307.8
27.360,-3.250,-308.0
27.393,-3.750,-309.0
27.426,-3.750,-309.3
27.460,-1.750,-307.3
27.493,-2.000,-308.3
27.526,-3.250,-310.0
27.560,-4.250,-311.5
27.593,-4.500,-312.5
27.626,-5.250,-313.0
27.660,-5.250,-313.0
27.693,-5.750,-314.0
27.726,-6.000,-315.0
27.760,-6.000,-315.8
27.793,-5.750,-316.3
27.826,-5.750,-317.8
27.860,-5.750,-317.8
27.893,-5.500,-317.5
27.926,-5.750,-317.5
27.960,-6.250,-317.8
27.993,-5.750,-317.8
28.026,-5.250,-316.8
28.060,-5.750,-317.8
28.093,-5.750,-318.3
28.126,-5.750,-319.3
28.159,-5.500,-319.8
28.193,-4.750,-318.8
28.226,-4.750,-317.3
28.259,-4.750,-320.3
28.293,-4.250,-321.8
28.326,-4.000,-322.0
28.359,-4.000,-322.0
28.393,-4.750,-323.8
28.426,-4.250,-323.8
28.459,-4.250,-322.3
28.493,-4.750,-323.3
28.526,-4.750,-324.8
28.559,-5.500,-325.8
28.593,-5.500,-325.8
28.626,-5.750,-326.3
28.659,-5.750,-326.8
28.693,-5.250,-327.0
28.726,-5.250,-327.3
28.759,-4.750,-328.0
28.793,-4.250,-327.8
28.826,-4.000,-328.5
28.859,-4.000,-329.8
28.893,-3.500,-330.8
28.926,-3.000,-331.5
28.959,-3.000,-331.8
28.993,-2.750,-332.3
29.026,-2.750,-332.8
29.059,-3.000,-334.3
29.093,-3.250,-333.5
29.126,-3.750,-337.0
29.159,-4.250,-339.3
29.193,-4.750,-340.8
29.226,-4.750,-341.3
29.259,-4.750,-341.3
29.293,-4.750,-342.5
29.326,-4.750,-338.8
29.359,-4.750,-341.3
29.393,-4.750,-341.8
29.426,-4.750,-342.5
29.459,-4.750,-342.5
29.492,-4.750,-341.8
29.526,-4.750,-340.3
29.559,-4.750,-341.3
29.592,-4.750,-343.3
29.626,-4.750,-343.3
29.659,-3.750,-343.3
29.692,-3.500,-344.8
29.726,-3.750,-345.8
29.759,-4.250,-347.3
29.792,-6.748,-339.2
29.826,-6.748,-339.2
29.859,-6.351,-340.0
29.892,-4.366,-339.2
29.926,-4.763,-339.2
29.959,-2.381,-337.6
29.992,-4.366,-340.4
30.026,-4.763,-342.3
30.059,-5.160,-343.5
30.092,-5.160,-344.3
30.126,-5.160,-344.3
30.159,-5.557,-345.1
30.192,-5.557,-345.5
30.226,-6.748,-347.1
30.259,-7.938,-348.7
30.292,-8.335,-349.5
30.326,-9.129,-349.9
30.359,-9.129,-349.9
30.392,-5.954,-349.5
30.426,-4.366,-351.1
30.459,-4.366,-351.9
30.492,-3.969,-351.9
30.526,-2.778,-351.9
30.559,-2.778,-352.3
30.592,-5.557,-352.7
30.626,-5.954,-353.1
30.659,-5.954,-353.5
30.692,-6.748,-355.0
30.726,-5.954,-354.6
30.759,-6.748,-353.1
30.792,-6.748,-352.7
30.825,-6.748,-352.7
30.859,-7.144,-353.1
30.892,-7.144,-353.1
30.925,-7.144,-353.1
30.959,-7.144,-354.2
30.992,-7.144,-355.0
31.025,-8.732,-353.8
31.059,-9.923,-353.5
31.092,-9.923,-353.5
31.125,-11.51,-350.3
31.159,-11.51,-351.9
31.192,-12.30,-353.1
31.225,-12.30,-353.1
31.259,-13.10,-353.5
31.292,-13.89,-354.2
31.325,-14.29,-355.4
31.359,-14.29,-356.6
31.392,-15.08,-354.6
31.425,-15.48,-354.6
31.459,-15.48,-353.8
31.492,-16.27,-355.0
31.525,-17.07,-357.0
31.559,-17.07,-357.8
31.592,-17.07,-357.8
31.625,-17.07,-358.2
31.659,-17.46,-358.6
31.692,-17.46,-358.6
31.725,-17.46,-358.6
31.759,-17.86,-359.0
31.792,-17.86,-359.0
31.825,-17.86,-359.4
31.859,-17.86,-359.8
31.892,-17.46,-360.6
31.925,-17.46,-360.6
31.959,-17.86,-360.6
31.992,-18.65,-360.6
32.025,-19.05,-362.2
32.059,-19.45,-362.6
32.092,-20.24,-363.0
32.125,-20.64,-363.8
32.158,-21.83,-363.8
32.192,-22.62,-363.8
32.225,-23.02,-364.6
32.258,-23.42,-365.8
32.292,-24.21,-368.9
32.325,-24.21,-370.5
32.358,-24.21,-372.5
32.392,-24.21,-373.3
32.425,-24.21,-373.3
32.458,-24.21,-374.1
32.492,-24.21,-374.9
32.525,-24.21,-374.1
32.558,-24.21,-374.1
32.592,-24.21,-374.1
32.625,-23.42,-373.7
32.658,-23.42,-375.3
32.692,-21.83,-374.5
32.725,-23.42,-375.3
32.758,-24.21,-377.7
32.792,-24.21,-377.7
32.825,-23.42,-377.3
32.858,-23.42,-378.1
32.892,-23.42,-378.1
32.925,-23.42,-379.6
32.958,-22.62,-379.6
32.992,-20.24,-376.1
33.025,-21.83,-376.5
33.058,-21.43,-377.3
33.092,-21.43,-379.3
33.125,-18.65,-380.8
33.158,-18.65,-382.0
33.192,-18.65,-383.6
33.225,-18.65,-378.1
33.258,-20.24,-379.6
33.292,-20.24,-381.2
33.325,-24.61,-376.9
33.358,-23.81,-377.3
33.392,-23.81,-377.3
33.425,-24.21,-378.1
33.458,-23.81,-381.2
33.491,-23.81,-384.4
33.525,-23.42,-384.4
33.558,-23.42,-384.4
33.591,-23.42,-384.4
33.625,-22.23,-380.4
33.658,-23.42,-380.4
33.691,-25.01,-382.0
33.725,-25.01,-383.6
33.758,-25.01,-383.6
33.791,-25.01,-383.6
33.825,-25.40,-384.0
33.858,-25.80,-385.2
33.891,-25.80,-387.2
33.925,-25.80,-387.2
33.958,-25.40,-387.6
33.991,-25.40,-387.6
34.025,-25.01,-386.0
34.058,-25.80,-388.0
34.091,-25.80,-388.0
34.125,-25.01,-386.4
34.158,-26.59,-386.8
34.191,-27.39,-386.8
34.225,-27.39,-386.8
34.258,-26.20,-386.0
34.291,-26.59,-386.0
34.325,-26.20,-385.6
34.358,-26.20,-385.6
34.391,-24.61,-386.0
34.425,-25.01,-386.4
34.458,-24.61,-386.4
34.491,-23.81,-386.0
34.525,-25.01,-386.8
34.558,-24.61,-386.8
34.591,-24.21,-386.8
34.625,-24.21,-386.8
34.658,-23.42,-390.0
