Unit:(mV),CH1,CH2,Frequency,4.667,Hz,7.723,Hz
00001,-36.00,-1720.00
00002,-88.00,-1720.00
00003,-124.00,-1720.00
00004,-128.00,-1600.00
00005,-120.00,-1400.00
00006,-120.00,-1080.00
00007,-120.00,-760.00
00008,-124.00,-400.00
00009,-120.00,-400.00
00010,-120.00,-400.00
00011,-124.00,-320.00
00012,-100.00,-400.00
00013,-64.00,-400.00
00014,-32.00,-360.00
00015,-28.00,-320.00
00016,-28.00,-320.00
00017,-32.00,-320.00
00018,-32.00,-320.00
00019,-28.00,-320.00
00020,-24.00,-280.00
00021,-28.00,-280.00
00022,-48.00,-280.00
00023,-96.00,-280.00
00024,-124.00,-320.00
00025,-128.00,-440.00
00026,-124.00,-720.00
00027,-124.00,-1040.00
00028,-128.00,-1360.00
00029,-128.00,-1560.00
00030,-124.00,-1680.00
00031,-124.00,-1680.00
00032,-120.00,-1680.00
00033,-96.00,-1720.00
00034,-52.00,-1720.00
00035,-28.00,-1720.00
00036,-28.00,-1680.00
00037,-32.00,-1720.00
00038,-32.00,-1720.00
00039,-32.00,-1720.00
00040,-28.00,-1720.00
00041,-32.00,-1720.00
00042,-36.00,-1720.00
00043,-80.00,-1720.00
00044,-120.00,-1760.00
00045,-128.00,-1720.00
00046,-132.00,-1720.00
00047,-132.00,-1720.00
00048,-128.00,-1560.00
00049,-128.00,-1280.00
00050,-124.00,-960.00
00051,-120.00,-600.00
00052,-124.00,-400.00
00053,-112.00,-400.00
00054,-76.00,-400.00
00055,-32.00,-360.00
00056,-32.00,-320.00
00057,-28.00,-360.00
00058,-32.00,-360.00
00059,-32.00,-360.00
00060,-28.00,-280.00
00061,-28.00,-280.00
00062,-28.00,-320.00
00063,-52.00,-360.00
00064,-88.00,-320.00
00065,-120.00,-320.00
00066,-120.00,-280.00
00067,-120.00,-280.00
00068,-120.00,-320.00
00069,-116.00,-480.00
00070,-112.00,-600.00
00071,-116.00,-800.00
00072,-120.00,-960.00
00073,-116.00,-1040.00
00074,-100.00,-1080.00
00075,-64.00,-1080.00
00076,-28.00,-1080.00
00077,-28.00,-1080.00
00078,-32.00,-1040.00
00079,-28.00,-1040.00
00080,-28.00,-1080.00
00081,-28.00,-1080.00
00082,-28.00,-1080.00
00083,-32.00,-1120.00
00084,-52.00,-1080.00
00085,-92.00,-1080.00
00086,-124.00,-1080.00
00087,-128.00,-1120.00
00088,-124.00,-1080.00
00089,-128.00,-1080.00
00090,-124.00,-1000.00
00091,-124.00,-880.00
00092,-124.00,-720.00
00093,-124.00,-560.00
00094,-120.00,-400.00
00095,-88.00,-280.00
00096,-44.00,-280.00
00097,-28.00,-280.00
00098,-32.00,-280.00
00099,-28.00,-280.00
00100,-28.00,-280.00
00101,-28.00,-280.00
00102,-32.00,-280.00
00103,-32.00,-320.00
00104,-52.00,-320.00
00105,-72.00,-280.00
00106,-84.00,-280.00
00107,-80.00,-280.00
00108,-84.00,-280.00
00109,-76.00,-280.00
00110,-84.00,-480.00
00111,-80.00,-880.00
00112,-80.00,-1320.00
00113,-76.00,-1640.00
00114,-72.00,-1840.00
00115,-48.00,-1880.00
00116,-24.00,-1880.00
00117,-28.00,-1880.00
00118,-32.00,-1920.00
00119,-32.00,-1880.00
00120,-20.00,-1880.00
00121,-28.00,-1880.00
00122,-28.00,-1920.00
00123,-32.00,-1880.00
00124,-68.00,-1920.00
00125,-108.00,-1880.00
00126,-120.00,-1920.00
00127,-120.00,-1960.00
00128,-120.00,-1960.00
00129,-124.00,-1960.00
00130,-116.00,-1880.00
00131,-116.00,-1800.00
00132,-116.00,-1560.00
00133,-120.00,-1280.00
00134,-92.00,-800.00
00135,-52.00,-400.00
00136,-24.00,-320.00
00137,-24.00,-360.00
00138,-28.00,-400.00
00139,-32.00,-320.00
00140,-32.00,-280.00
00141,-28.00,-280.00
00142,-32.00,-320.00
00143,-44.00,-280.00
00144,-84.00,-280.00
00145,-120.00,-280.00
00146,-124.00,-280.00
00147,-132.00,-280.00
00148,-128.00,-240.00
00149,-128.00,-240.00
00150,-132.00,-280.00
00151,-128.00,-560.00
00152,-132.00,-880.00
00153,-128.00,-1200.00
00154,-104.00,-1400.00
00155,-52.00,-1520.00
00156,-32.00,-1520.00
00157,-32.00,-1520.00
00158,-32.00,-1520.00
00159,-32.00,-1560.00
00160,-32.00,-1560.00
00161,-28.00,-1560.00
00162,-32.00,-1600.00
00163,-44.00,-1640.00
00164,-92.00,-1680.00
00165,-124.00,-1600.00
00166,-124.00,-1640.00
00167,-116.00,-1680.00
00168,-128.00,-1640.00
00169,-120.00,-1640.00
00170,-120.00,-1640.00
00171,-116.00,-1520.00
00172,-120.00,-1400.00
00173,-120.00,-1160.00
00174,-88.00,-800.00
00175,-48.00,-440.00
00176,-32.00,-280.00
00177,-32.00,-360.00
00178,-36.00,-320.00
00179,-32.00,-320.00
00180,-24.00,-280.00
00181,-32.00,-280.00
00182,-32.00,-280.00
00183,-36.00,-280.00
00184,-72.00,-280.00
00185,-108.00,-280.00
00186,-124.00,-240.00
00187,-120.00,-240.00
00188,-128.00,-240.00
00189,-128.00,-200.00
00190,-120.00,-200.00
00191,-124.00,-360.00
00192,-124.00,-640.00
00193,-124.00,-1000.00
00194,-112.00,-1280.00
00195,-64.00,-1480.00
00196,-28.00,-1560.00
00197,-32.00,-1560.00
00198,-32.00,-1600.00
00199,-36.00,-1560.00
00200,-32.00,-1560.00
00201,-28.00,-1600.00
00202,-36.00,-1600.00
00203,-48.00,-1600.00
00204,-88.00,-1600.00
00205,-124.00,-1640.00
00206,-132.00,-1640.00
00207,-128.00,-1640.00
00208,-128.00,-1680.00
00209,-128.00,-1640.00
00210,-124.00,-1640.00
00211,-124.00,-1640.00
00212,-124.00,-1520.00
00213,-108.00,-1320.00
00214,-72.00,-1000.00
00215,-32.00,-680.00
00216,-28.00,-320.00
00217,-28.00,-320.00
00218,-32.00,-360.00
00219,-36.00,-280.00
00220,-28.00,-280.00
00221,-32.00,-280.00
00222,-36.00,-280.00
00223,-84.00,-280.00
00224,-116.00,-280.00
00225,-124.00,-280.00
00226,-120.00,-240.00
00227,-116.00,-280.00
00228,-120.00,-280.00
00229,-116.00,-240.00
00230,-116.00,-240.00
00231,-112.00,-240.00
00232,-104.00,-440.00
00233,-68.00,-840.00
00234,-32.00,-1200.00
00235,-28.00,-1520.00
00236,-28.00,-1680.00
00237,-28.00,-1720.00
00238,-28.00,-1680.00
00239,-32.00,-1720.00
00240,-28.00,-1720.00
00241,-40.00,-1720.00
00242,-92.00,-1720.00
00243,-132.00,-1760.00
00244,-132.00,-1760.00
00245,-128.00,-1760.00
00246,-132.00,-1760.00
00247,-124.00,-1800.00
00248,-128.00,-1800.00
00249,-124.00,-1800.00
00250,-116.00,-1840.00
00251,-100.00,-1800.00
00252,-56.00,-1800.00
00253,-24.00,-1720.00
00254,-28.00,-1520.00
00255,-32.00,-1240.00
00256,-24.00,-880.00
00257,-32.00,-480.00
00258,-28.00,-400.00
00259,-32.00,-400.00
00260,-52.00,-360.00
00261,-72.00,-360.00
00262,-84.00,-320.00
00263,-84.00,-400.00
00264,-80.00,-360.00
00265,-76.00,-320.00
00266,-80.00,-320.00
00267,-80.00,-320.00
00268,-80.00,-320.00
00269,-80.00,-280.00
00270,-64.00,-280.00
00271,-40.00,-240.00
00272,-28.00,-320.00
00273,-32.00,-320.00
00274,-32.00,-640.00
00275,-32.00,-1000.00
00276,-28.00,-1360.00
00277,-32.00,-1680.00
00278,-36.00,-1800.00
00279,-48.00,-1840.00
00280,-88.00,-1880.00
00281,-116.00,-1840.00
00282,-120.00,-1880.00
00283,-124.00,-1880.00
00284,-120.00,-1880.00
00285,-120.00,-1880.00
00286,-116.00,-1880.00
00287,-120.00,-1880.00
00288,-120.00,-1880.00
00289,-104.00,-1880.00
00290,-64.00,-1920.00
00291,-24.00,-1880.00
00292,-32.00,-1920.00
00293,-32.00,-1880.00
00294,-32.00,-1960.00
00295,-32.00,-1920.00
00296,-24.00,-1760.00
00297,-32.00,-1520.00
00298,-36.00,-1080.00
00299,-88.00,-600.00
00300,-120.00,-280.00
00301,-124.00,-320.00
00302,-132.00,-320.00
00303,-132.00,-320.00
00304,-128.00,-280.00
00305,-128.00,-320.00
00306,-128.00,-280.00
00307,-128.00,-280.00
00308,-112.00,-280.00
00309,-64.00,-280.00
00310,-28.00,-240.00
00311,-28.00,-240.00
00312,-32.00,-240.00
00313,-36.00,-240.00
00314,-32.00,-240.00
00315,-32.00,-240.00
00316,-32.00,-280.00
00317,-52.00,-560.00
00318,-108.00,-920.00
00319,-128.00,-1240.00
00320,-120.00,-1480.00
00321,-120.00,-1680.00
00322,-124.00,-1680.00
00323,-124.00,-1680.00
00324,-120.00,-1680.00
00325,-124.00,-1720.00
00326,-112.00,-1680.00
00327,-88.00,-1680.00
00328,-40.00,-1720.00
00329,-32.00,-1680.00
00330,-28.00,-1680.00
00331,-28.00,-1680.00
00332,-32.00,-1680.00
00333,-32.00,-1720.00
00334,-32.00,-1720.00
00335,-36.00,-1680.00
00336,-76.00,-1680.00
00337,-112.00,-1720.00
00338,-128.00,-1720.00
00339,-124.00,-1600.00
00340,-124.00,-1400.00
00341,-128.00,-1080.00
00342,-120.00,-760.00
00343,-124.00,-440.00
00344,-128.00,-400.00
00345,-112.00,-360.00
00346,-76.00,-360.00
00347,-32.00,-360.00
00348,-32.00,-360.00
00349,-32.00,-360.00
00350,-28.00,-360.00
00351,-28.00,-320.00
00352,-36.00,-320.00
00353,-36.00,-360.00
00354,-44.00,-320.00
00355,-92.00,-320.00
00356,-128.00,-280.00
00357,-128.00,-280.00
00358,-132.00,-320.00
00359,-128.00,-280.00
00360,-128.00,-360.00
00361,-128.00,-680.00
00362,-128.00,-960.00
00363,-128.00,-1280.00
00364,-100.00,-1520.00
00365,-56.00,-1680.00
00366,-24.00,-1680.00
00367,-32.00,-1680.00
00368,-32.00,-1680.00
00369,-32.00,-1720.00
00370,-28.00,-1720.00
00371,-28.00,-1720.00
00372,-32.00,-1720.00
00373,-60.00,-1720.00
00374,-100.00,-1720.00
00375,-120.00,-1720.00
00376,-120.00,-1720.00
00377,-124.00,-1720.00
00378,-116.00,-1760.00
00379,-120.00,-1720.00
00380,-116.00,-1720.00
00381,-116.00,-1760.00
00382,-116.00,-1720.00
00383,-88.00,-1560.00
00384,-44.00,-1320.00
00385,-32.00,-1000.00
00386,-28.00,-640.00
00387,-28.00,-400.00
00388,-32.00,-400.00
00389,-28.00,-400.00
00390,-28.00,-320.00
00391,-32.00,-320.00
00392,-80.00,-320.00
00393,-124.00,-400.00
00394,-132.00,-360.00
00395,-136.00,-280.00
00396,-128.00,-280.00
00397,-128.00,-280.00
00398,-128.00,-320.00
00399,-124.00,-320.00
00400,-124.00,-280.00
00401,-100.00,-280.00
00402,-56.00,-280.00
00403,-32.00,-360.00
00404,-28.00,-480.00
00405,-28.00,-680.00
00406,-28.00,-800.00
00407,-28.00,-960.00
00408,-36.00,-1080.00
00409,-32.00,-1080.00
00410,-56.00,-1040.00
00411,-76.00,-1080.00
00412,-80.00,-1080.00
00413,-84.00,-1080.00
00414,-80.00,-1040.00
00415,-80.00,-1040.00
00416,-80.00,-1040.00
00417,-80.00,-1080.00
00418,-76.00,-1080.00
00419,-76.00,-1080.00
00420,-48.00,-1080.00
00421,-28.00,-1080.00
00422,-24.00,-1120.00
00423,-28.00,-1120.00
00424,-28.00,-1080.00
00425,-28.00,-1040.00
00426,-28.00,-880.00
00427,-32.00,-680.00
00428,-36.00,-520.00
00429,-88.00,-360.00
00430,-116.00,-280.00
00431,-120.00,-280.00
00432,-120.00,-280.00
00433,-124.00,-320.00
00434,-124.00,-320.00
00435,-120.00,-280.00
00436,-116.00,-280.00
00437,-120.00,-280.00
00438,-104.00,-320.00
00439,-64.00,-280.00
00440,-32.00,-280.00
00441,-28.00,-280.00
00442,-32.00,-280.00
00443,-32.00,-280.00
00444,-32.00,-280.00
00445,-32.00,-560.00
00446,-28.00,-920.00
00447,-36.00,-1320.00
00448,-80.00,-1600.00
00449,-116.00,-1840.00
00450,-128.00,-1880.00
00451,-132.00,-1880.00
00452,-128.00,-1880.00
00453,-132.00,-1920.00
00454,-132.00,-1920.00
00455,-132.00,-1920.00
00456,-128.00,-1880.00
00457,-124.00,-1920.00
00458,-96.00,-1920.00
00459,-44.00,-1920.00
00460,-28.00,-1880.00
00461,-24.00,-1920.00
00462,-36.00,-1920.00
00463,-32.00,-1960.00
00464,-32.00,-1920.00
00465,-32.00,-1960.00
00466,-28.00,-1840.00
00467,-56.00,-1560.00
00468,-104.00,-1280.00
00469,-124.00,-880.00
00470,-116.00,-400.00
00471,-120.00,-320.00
00472,-120.00,-400.00
00473,-120.00,-360.00
00474,-120.00,-400.00
00475,-120.00,-320.00
00476,-120.00,-280.00
00477,-96.00,-320.00
00478,-60.00,-280.00
00479,-32.00,-280.00
00480,-28.00,-280.00
00481,-28.00,-280.00
00482,-24.00,-280.00
00483,-32.00,-280.00
00484,-36.00,-240.00
00485,-32.00,-280.00
00486,-36.00,-480.00
00487,-84.00,-800.00
00488,-120.00,-1120.00
00489,-124.00,-1360.00
00490,-124.00,-1520.00
00491,-124.00,-1520.00
00492,-128.00,-1560.00
00493,-128.00,-1520.00
00494,-128.00,-1520.00
00495,-128.00,-1560.00
00496,-112.00,-1560.00
00497,-72.00,-1560.00
00498,-32.00,-1560.00
00499,-32.00,-1640.00
00500,-28.00,-1640.00
00501,-32.00,-1600.00
00502,-32.00,-1640.00
00503,-32.00,-1640.00
00504,-36.00,-1680.00
00505,-36.00,-1640.00
00506,-80.00,-1560.00
00507,-120.00,-1400.00
00508,-132.00,-1200.00
00509,-132.00,-880.00
00510,-124.00,-560.00
00511,-124.00,-320.00
00512,-128.00,-360.00
00513,-128.00,-320.00
00514,-128.00,-320.00
00515,-116.00,-280.00
00516,-72.00,-280.00
00517,-32.00,-240.00
00518,-32.00,-280.00
00519,-28.00,-280.00
00520,-32.00,-240.00
00521,-32.00,-240.00
00522,-28.00,-240.00
00523,-32.00,-240.00
00524,-36.00,-200.00
00525,-68.00,-240.00
00526,-112.00,-400.00
00527,-124.00,-680.00
00528,-120.00,-960.00
00529,-120.00,-1320.00
00530,-116.00,-1520.00
00531,-116.00,-1560.00
00532,-116.00,-1560.00
00533,-120.00,-1600.00
00534,-116.00,-1560.00
00535,-84.00,-1600.00
00536,-40.00,-1600.00
00537,-32.00,-1600.00
00538,-32.00,-1640.00
00539,-28.00,-1600.00
00540,-28.00,-1560.00
00541,-28.00,-1560.00
00542,-32.00,-1640.00
00543,-36.00,-1640.00
00544,-60.00,-1680.00
00545,-96.00,-1680.00
00546,-132.00,-1640.00
00547,-128.00,-1480.00
00548,-132.00,-1240.00
00549,-128.00,-960.00
00550,-124.00,-600.00
00551,-120.00,-280.00
00552,-124.00,-320.00
00553,-124.00,-320.00
00554,-112.00,-280.00
00555,-72.00,-280.00
00556,-32.00,-280.00
00557,-28.00,-280.00
00558,-32.00,-280.00
00559,-32.00,-280.00
00560,-24.00,-240.00
00561,-28.00,-240.00
00562,-36.00,-280.00
00563,-32.00,-280.00
00564,-52.00,-240.00
00565,-76.00,-240.00
00566,-84.00,-240.00
00567,-80.00,-520.00
00568,-80.00,-920.00
00569,-76.00,-1240.00
00570,-80.00,-1520.00
00571,-80.00,-1720.00
00572,-76.00,-1720.00
00573,-80.00,-1720.00
00574,-68.00,-1720.00
00575,-48.00,-1720.00
00576,-28.00,-1720.00
00577,-32.00,-1720.00
00578,-32.00,-1720.00
00579,-28.00,-1760.00
00580,-28.00,-1720.00
00581,-20.00,-1760.00
00582,-32.00,-1800.00
00583,-32.00,-1800.00
00584,-60.00,-1840.00
00585,-104.00,-1800.00
00586,-120.00,-1800.00
00587,-120.00,-1800.00
00588,-120.00,-1720.00
00589,-120.00,-1560.00
00590,-116.00,-1240.00
00591,-120.00,-880.00
00592,-120.00,-480.00
00593,-124.00,-400.00
00594,-112.00,-400.00
00595,-68.00,-360.00
00596,-24.00,-360.00
00597,-28.00,-320.00
00598,-36.00,-360.00
00599,-32.00,-400.00
00600,-28.00,-320.00
00601,-28.00,-280.00
00602,-32.00,-360.00
00603,-36.00,-320.00
00604,-60.00,-320.00
00605,-108.00,-280.00
00606,-124.00,-280.00
00607,-132.00,-320.00
00608,-132.00,-320.00
00609,-128.00,-560.00
00610,-128.00,-920.00
00611,-128.00,-1320.00
00612,-132.00,-1600.00
00613,-132.00,-1760.00
00614,-120.00,-1840.00
00615,-80.00,-1840.00
00616,-32.00,-1840.00
00617,-32.00,-1880.00
00618,-32.00,-1880.00
00619,-28.00,-1880.00
00620,-32.00,-1880.00
00621,-28.00,-1880.00
00622,-32.00,-1880.00
00623,-32.00,-1880.00
00624,-56.00,-1920.00
00625,-100.00,-1920.00
00626,-124.00,-1880.00
00627,-124.00,-1880.00
00628,-120.00,-1880.00
00629,-124.00,-1960.00
00630,-120.00,-2000.00
00631,-116.00,-1800.00
00632,-120.00,-1560.00
00633,-124.00,-1200.00
00634,-116.00,-720.00
00635,-84.00,-320.00
00636,-40.00,-320.00
00637,-32.00,-280.00
00638,-32.00,-320.00
00639,-32.00,-280.00
00640,-28.00,-280.00
00641,-28.00,-280.00
00642,-32.00,-280.00
00643,-32.00,-240.00
00644,-32.00,-280.00
00645,-68.00,-240.00
00646,-104.00,-240.00
00647,-124.00,-240.00
00648,-124.00,-240.00
00649,-120.00,-240.00
00650,-120.00,-200.00
00651,-124.00,-240.00
00652,-128.00,-560.00
00653,-124.00,-920.00
00654,-120.00,-1240.00
00655,-120.00,-1520.00
00656,-100.00,-1680.00
00657,-68.00,-1640.00
00658,-32.00,-1680.00
00659,-32.00,-1680.00
00660,-28.00,-1640.00
00661,-28.00,-1680.00
00662,-36.00,-1680.00
00663,-32.00,-1680.00
00664,-36.00,-1680.00
00665,-32.00,-1720.00
00666,-40.00,-1680.00
00667,-84.00,-1680.00
00668,-120.00,-1720.00
00669,-128.00,-1720.00
00670,-128.00,-1680.00
00671,-128.00,-1720.00
00672,-128.00,-1720.00
00673,-128.00,-1720.00
00674,-132.00,-1640.00
00675,-128.00,-1400.00
00676,-124.00,-1160.00
00677,-112.00,-800.00
00678,-76.00,-480.00
00679,-36.00,-400.00
00680,-28.00,-360.00
00681,-28.00,-360.00
00682,-32.00,-360.00
00683,-32.00,-400.00
00684,-36.00,-400.00
00685,-28.00,-320.00
00686,-32.00,-320.00
00687,-44.00,-320.00
00688,-80.00,-360.00
00689,-112.00,-360.00
00690,-116.00,-280.00
00691,-116.00,-280.00
00692,-120.00,-280.00
00693,-124.00,-280.00
00694,-116.00,-320.00
00695,-120.00,-360.00
00696,-116.00,-600.00
00697,-116.00,-960.00
00698,-104.00,-1280.00
00699,-72.00,-1520.00
00700,-32.00,-1640.00
00701,-32.00,-1640.00
00702,-28.00,-1680.00
00703,-32.00,-1720.00
00704,-32.00,-1720.00
00705,-28.00,-1680.00
00706,-24.00,-1680.00
00707,-28.00,-1680.00
00708,-48.00,-1720.00
00709,-92.00,-1720.00
00710,-124.00,-1720.00
00711,-128.00,-1720.00
00712,-132.00,-1720.00
00713,-128.00,-1760.00
00714,-132.00,-1720.00
00715,-128.00,-1760.00
00716,-124.00,-1720.00
00717,-128.00,-1720.00
00718,-124.00,-1600.00
00719,-100.00,-1400.00
00720,-56.00,-1080.00
00721,-24.00,-760.00
00722,-24.00,-440.00
00723,-28.00,-400.00
00724,-28.00,-400.00
00725,-32.00,-400.00
00726,-28.00,-360.00
00727,-32.00,-360.00
00728,-32.00,-400.00
00729,-56.00,-360.00
00730,-72.00,-280.00
00731,-84.00,-280.00
00732,-80.00,-320.00
00733,-84.00,-280.00
00734,-84.00,-320.00
00735,-80.00,-280.00
00736,-84.00,-280.00
00737,-80.00,-320.00
00738,-80.00,-320.00
00739,-72.00,-400.00
00740,-60.00,-560.00
00741,-36.00,-720.00
00742,-28.00,-920.00
00743,-28.00,-1040.00
00744,-32.00,-1040.00
00745,-32.00,-1040.00
00746,-28.00,-1080.00
00747,-32.00,-1080.00
00748,-28.00,-1080.00
00749,-32.00,-1080.00
00750,-52.00,-1040.00
00751,-96.00,-1080.00
00752,-120.00,-1080.00
00753,-124.00,-1080.00
00754,-120.00,-1080.00
00755,-120.00,-1080.00
00756,-116.00,-1080.00
00757,-120.00,-1080.00
00758,-120.00,-1080.00
00759,-124.00,-1120.00
00760,-116.00,-1080.00
00761,-112.00,-920.00
00762,-84.00,-800.00
00763,-44.00,-640.00
00764,-32.00,-440.00
00765,-28.00,-280.00
00766,-28.00,-280.00
00767,-28.00,-280.00
00768,-32.00,-280.00
00769,-32.00,-320.00
00770,-28.00,-280.00
00771,-28.00,-280.00
00772,-32.00,-280.00
00773,-68.00,-320.00
00774,-104.00,-320.00
00775,-128.00,-280.00
00776,-124.00,-280.00
00777,-128.00,-280.00
00778,-128.00,-280.00
00779,-128.00,-320.00
00780,-128.00,-320.00
00781,-128.00,-680.00
00782,-132.00,-1080.00
00783,-124.00,-1440.00
00784,-120.00,-1720.00
00785,-92.00,-1880.00
00786,-48.00,-1880.00
00787,-32.00,-1880.00
00788,-32.00,-1920.00
00789,-32.00,-1920.00
00790,-28.00,-1920.00
00791,-28.00,-1880.00
00792,-32.00,-1920.00
00793,-32.00,-1920.00
00794,-36.00,-1920.00
00795,-36.00,-1920.00
00796,-80.00,-1920.00
00797,-116.00,-1960.00
00798,-128.00,-1960.00
00799,-124.00,-2000.00
00800,-116.00,-1920.00
00801,-120.00,-1880.00
00802,-120.00,-1720.00
00803,-120.00,-1440.00
00804,-120.00,-1080.00
00805,-116.00,-640.00
00806,-120.00,-360.00
00807,-100.00,-400.00
00808,-64.00,-360.00
00809,-32.00,-320.00
00810,-24.00,-280.00
00811,-24.00,-320.00
00812,-32.00,-320.00
00813,-32.00,-280.00
00814,-32.00,-320.00
00815,-28.00,-280.00
00816,-28.00,-240.00
00817,-32.00,-240.00
00818,-60.00,-280.00
00819,-96.00,-240.00
00820,-120.00,-240.00
00821,-120.00,-400.00
00822,-120.00,-640.00
00823,-128.00,-1000.00
00824,-124.00,-1240.00
00825,-128.00,-1480.00
00826,-128.00,-1520.00
00827,-124.00,-1520.00
00828,-128.00,-1520.00
00829,-116.00,-1520.00
00830,-80.00,-1520.00
00831,-44.00,-1560.00
00832,-28.00,-1560.00
00833,-36.00,-1560.00
00834,-28.00,-1640.00
00835,-28.00,-1640.00
00836,-28.00,-1640.00
00837,-32.00,-1640.00
00838,-32.00,-1680.00
00839,-36.00,-1640.00
00840,-56.00,-1640.00
00841,-96.00,-1640.00
00842,-128.00,-1520.00
00843,-128.00,-1280.00
00844,-128.00,-1040.00
00845,-128.00,-720.00
00846,-128.00,-360.00
00847,-132.00,-360.00
00848,-132.00,-360.00
00849,-128.00,-320.00
00850,-120.00,-280.00
00851,-116.00,-280.00
00852,-84.00,-280.00
00853,-44.00,-280.00
00854,-36.00,-280.00
00855,-28.00,-280.00
00856,-28.00,-280.00
00857,-32.00,-240.00
00858,-32.00,-240.00
00859,-36.00,-240.00
00860,-28.00,-160.00
00861,-28.00,-200.00
00862,-48.00,-520.00
00863,-92.00,-800.00
00864,-116.00,-1120.00
00865,-116.00,-1400.00
00866,-120.00,-1560.00
00867,-120.00,-1600.00
00868,-116.00,-1560.00
00869,-120.00,-1560.00
00870,-116.00,-1600.00
00871,-120.00,-1600.00
00872,-116.00,-1600.00
00873,-116.00,-1600.00
00874,-96.00,-1640.00
00875,-64.00,-1640.00
00876,-24.00,-1640.00
00877,-32.00,-1640.00
00878,-28.00,-1680.00
00879,-28.00,-1680.00
00880,-28.00,-1640.00
00881,-28.00,-1600.00
00882,-32.00,-1600.00
00883,-32.00,-1440.00
00884,-32.00,-1200.00
00885,-68.00,-880.00
00886,-112.00,-480.00
00887,-132.00,-280.00
00888,-128.00,-280.00
00889,-132.00,-280.00
00890,-124.00,-280.00
00891,-124.00,-280.00
00892,-128.00,-280.00
00893,-124.00,-280.00
00894,-124.00,-280.00
00895,-124.00,-280.00
00896,-112.00,-240.00
00897,-88.00,-240.00
00898,-52.00,-240.00
00899,-32.00,-240.00
00900,-24.00,-240.00
00901,-28.00,-240.00
00902,-32.00,-320.00
00903,-32.00,-640.00
00904,-32.00,-1000.00
00905,-28.00,-1360.00
00906,-32.00,-1560.00
00907,-32.00,-1720.00
00908,-60.00,-1720.00
00909,-76.00,-1720.00
00910,-84.00,-1720.00
00911,-84.00,-1720.00
00912,-80.00,-1720.00
00913,-84.00,-1760.00
00914,-76.00,-1760.00
00915,-80.00,-1760.00
00916,-80.00,-1760.00
00917,-80.00,-1800.00
00918,-76.00,-1800.00
00919,-76.00,-1840.00
00920,-56.00,-1760.00
00921,-40.00,-1800.00
00922,-28.00,-1840.00
00923,-32.00,-1840.00
00924,-32.00,-1680.00
00925,-32.00,-1400.00
00926,-24.00,-1120.00
00927,-32.00,-760.00
00928,-32.00,-400.00
00929,-32.00,-400.00
00930,-28.00,-360.00
00931,-52.00,-320.00
00932,-92.00,-360.00
00933,-120.00,-400.00
00934,-124.00,-360.00
00935,-120.00,-360.00
00936,-116.00,-320.00
00937,-120.00,-320.00
00938,-120.00,-320.00
00939,-120.00,-360.00
00940,-116.00,-280.00
00941,-120.00,-280.00
00942,-120.00,-280.00
00943,-100.00,-320.00
00944,-68.00,-400.00
00945,-36.00,-760.00
00946,-24.00,-1080.00
00947,-32.00,-1440.00
00948,-32.00,-1680.00
00949,-32.00,-1840.00
00950,-28.00,-1800.00
00951,-32.00,-1840.00
00952,-32.00,-1840.00
00953,-32.00,-1880.00
00954,-48.00,-1880.00
00955,-84.00,-1880.00
00956,-116.00,-1840.00
00957,-128.00,-1880.00
00958,-132.00,-1880.00
00959,-128.00,-1880.00
00960,-124.00,-1880.00
00961,-128.00,-1920.00
00962,-128.00,-1880.00
00963,-128.00,-1920.00
00964,-132.00,-1880.00
00965,-132.00,-1920.00
00966,-116.00,-1880.00
00967,-84.00,-1720.00
00968,-44.00,-1440.00
00969,-32.00,-960.00
00970,-32.00,-440.00
00971,-32.00,-320.00
00972,-32.00,-320.00
00973,-36.00,-320.00
00974,-32.00,-320.00
00975,-32.00,-320.00
00976,-28.00,-280.00
00977,-36.00,-280.00
00978,-76.00,-280.00
00979,-112.00,-280.00
00980,-124.00,-240.00
00981,-116.00,-240.00
00982,-124.00,-240.00
00983,-124.00,-240.00
00984,-124.00,-240.00
00985,-120.00,-240.00
00986,-120.00,-200.00
00987,-120.00,-320.00
00988,-120.00,-680.00
00989,-116.00,-1000.00
00990,-84.00,-1280.00
00991,-44.00,-1560.00
00992,-32.00,-1680.00
00993,-32.00,-1680.00
00994,-32.00,-1680.00
00995,-32.00,-1640.00
00996,-28.00,-1680.00
00997,-32.00,-1680.00
00998,-32.00,-1680.00
00999,-32.00,-1680.00
01000,-32.00,-1680.00
01001,-60.00,-1680.00
01002,-100.00,-1680.00
01003,-120.00,-1680.00
01004,-128.00,-1720.00
01005,-124.00,-1720.00
01006,-128.00,-1680.00
01007,-128.00,-1680.00
01008,-128.00,-1720.00
01009,-120.00,-1720.00
01010,-124.00,-1560.00
01011,-124.00,-1360.00
01012,-124.00,-1040.00
01013,-112.00,-720.00
01014,-72.00,-400.00
01015,-40.00,-360.00
01016,-28.00,-320.00
01017,-28.00,-400.00
01018,-32.00,-400.00
01019,-32.00,-360.00
01020,-28.00,-400.00
01021,-32.00,-320.00
01022,-32.00,-320.00
01023,-36.00,-360.00
01024,-40.00,-320.00
01025,-72.00,-320.00
01026,-108.00,-320.00
01027,-128.00,-280.00
01028,-128.00,-320.00
01029,-124.00,-280.00
01030,-128.00,-280.00
01031,-124.00,-440.00
01032,-124.00,-760.00
01033,-128.00,-1080.00
01034,-124.00,-1360.00
01035,-124.00,-1560.00
01036,-120.00,-1680.00
01037,-100.00,-1680.00
01038,-68.00,-1680.00
01039,-36.00,-1720.00
01040,-28.00,-1720.00
01041,-24.00,-1720.00
01042,-32.00,-1680.00
01043,-32.00,-1720.00
01044,-28.00,-1720.00
01045,-32.00,-1720.00
01046,-32.00,-1720.00
01047,-24.00,-1720.00
01048,-40.00,-1720.00
01049,-76.00,-1760.00
01050,-100.00,-1720.00
01051,-116.00,-1720.00
01052,-120.00,-1760.00
01053,-120.00,-1680.00
01054,-120.00,-1520.00
01055,-120.00,-1240.00
01056,-116.00,-880.00
01057,-116.00,-560.00
01058,-120.00,-400.00
01059,-116.00,-400.00
01060,-116.00,-320.00
01061,-96.00,-320.00
01062,-64.00,-360.00
01063,-32.00,-400.00
01064,-32.00,-360.00
01065,-32.00,-320.00
01066,-28.00,-280.00
01067,-28.00,-280.00
01068,-32.00,-320.00
01069,-32.00,-280.00
01070,-28.00,-280.00
01071,-28.00,-280.00
01072,-52.00,-280.00
01073,-92.00,-280.00
01074,-128.00,-400.00
01075,-132.00,-560.00
01076,-124.00,-720.00
01077,-128.00,-880.00
01078,-124.00,-1040.00
01079,-128.00,-1040.00
01080,-124.00,-1040.00
01081,-120.00,-1040.00
01082,-124.00,-1080.00
01083,-124.00,-1080.00
01084,-100.00,-1080.00
01085,-64.00,-1080.00
01086,-28.00,-1080.00
01087,-28.00,-1080.00
01088,-28.00,-1120.00
01089,-28.00,-1080.00
01090,-28.00,-1080.00
01091,-28.00,-1080.00
01092,-32.00,-1080.00
01093,-36.00,-1080.00
01094,-36.00,-1120.00
01095,-56.00,-1080.00
01096,-76.00,-1000.00
01097,-84.00,-840.00
01098,-80.00,-640.00
01099,-84.00,-480.00
01100,-76.00,-280.00
01101,-76.00,-280.00
01102,-76.00,-280.00
01103,-88.00,-320.00
01104,-84.00,-280.00
01105,-80.00,-320.00
01106,-72.00,-280.00
01107,-60.00,-280.00
01108,-40.00,-280.00
01109,-28.00,-280.00
01110,-24.00,-280.00
01111,-28.00,-280.00
01112,-24.00,-320.00
01113,-32.00,-280.00
01114,-36.00,-320.00
01115,-32.00,-280.00
01116,-32.00,-600.00
01117,-36.00,-1040.00
01118,-68.00,-1400.00
01119,-100.00,-1680.00
01120,-120.00,-1880.00
01121,-120.00,-1920.00
01122,-120.00,-1880.00
01123,-128.00,-1880.00
01124,-120.00,-1880.00
01125,-120.00,-1880.00
01126,-120.00,-1880.00
01127,-120.00,-1920.00
01128,-124.00,-1920.00
01129,-116.00,-1920.00
01130,-84.00,-1880.00
01131,-52.00,-1880.00
01132,-32.00,-1920.00
01133,-28.00,-1960.00
01134,-32.00,-2000.00
01135,-32.00,-1920.00
01136,-28.00,-1920.00
01137,-32.00,-1720.00
01138,-28.00,-1520.00
01139,-28.00,-1160.00
01140,-28.00,-720.00
01141,-60.00,-360.00
01142,-100.00,-360.00
01143,-124.00,-400.00
01144,-132.00,-360.00
01145,-128.00,-280.00
01146,-128.00,-280.00
01147,-124.00,-320.00
01148,-132.00,-280.00
01149,-132.00,-280.00
01150,-124.00,-280.00
01151,-120.00,-280.00
01152,-128.00,-280.00
01153,-112.00,-240.00
01154,-72.00,-240.00
01155,-36.00,-240.00
01156,-28.00,-360.00
01157,-32.00,-640.00
01158,-32.00,-920.00
01159,-32.00,-1240.00
01160,-28.00,-1400.00
01161,-32.00,-1520.00
01162,-32.00,-1520.00
01163,-32.00,-1520.00
01164,-44.00,-1560.00
01165,-80.00,-1560.00
01166,-116.00,-1560.00
01167,-120.00,-1560.00
01168,-120.00,-1600.00
01169,-120.00,-1560.00
01170,-124.00,-1600.00
01171,-116.00,-1640.00
01172,-120.00,-1640.00
01173,-120.00,-1640.00
01174,-120.00,-1680.00
01175,-120.00,-1640.00
01176,-112.00,-1640.00
01177,-88.00,-1520.00
01178,-52.00,-1280.00
01179,-32.00,-1040.00
01180,-28.00,-680.00
01181,-28.00,-360.00
01182,-32.00,-360.00
01183,-32.00,-320.00
01184,-32.00,-360.00
01185,-32.00,-320.00
01186,-28.00,-320.00
01187,-32.00,-320.00
01188,-44.00,-320.00
01189,-84.00,-280.00
01190,-112.00,-240.00
01191,-120.00,-240.00
01192,-124.00,-240.00
01193,-124.00,-240.00
01194,-124.00,-200.00
01195,-132.00,-200.00
01196,-124.00,-240.00
01197,-124.00,-520.00
01198,-124.00,-800.00
01199,-120.00,-1120.00
01200,-116.00,-1400.00
01201,-84.00,-1560.00
01202,-48.00,-1560.00
01203,-32.00,-1600.00
01204,-32.00,-1600.00
01205,-36.00,-1600.00
01206,-28.00,-1560.00
01207,-32.00,-1600.00
01208,-32.00,-1600.00
01209,-28.00,-1600.00
01210,-32.00,-1560.00
01211,-48.00,-1600.00
01212,-96.00,-1640.00
01213,-128.00,-1640.00
01214,-132.00,-1680.00
01215,-128.00,-1640.00
01216,-128.00,-1680.00
01217,-124.00,-1560.00
01218,-132.00,-1400.00
01219,-124.00,-1080.00
01220,-124.00,-760.00
01221,-128.00,-440.00
01222,-116.00,-320.00
01223,-84.00,-320.00
01224,-40.00,-280.00
01225,-28.00,-320.00
01226,-32.00,-280.00
01227,-32.00,-320.00
01228,-32.00,-280.00
01229,-32.00,-280.00
01230,-28.00,-240.00
01231,-28.00,-280.00
01232,-32.00,-280.00
01233,-60.00,-280.00
01234,-96.00,-240.00
01235,-120.00,-280.00
01236,-116.00,-240.00
01237,-120.00,-400.00
01238,-116.00,-720.00
01239,-116.00,-1120.00
01240,-116.00,-1400.00
01241,-116.00,-1680.00
01242,-116.00,-1720.00
01243,-120.00,-1720.00
01244,-104.00,-1720.00
01245,-68.00,-1720.00
01246,-32.00,-1720.00
01247,-28.00,-1720.00
01248,-32.00,-1720.00
01249,-28.00,-1720.00
01250,-24.00,-1760.00
01251,-28.00,-1800.00
01252,-32.00,-1840.00
01253,-32.00,-1800.00
01254,-36.00,-1800.00
01255,-80.00,-1800.00
01256,-116.00,-1840.00
01257,-132.00,-1800.00
01258,-128.00,-1800.00
01259,-132.00,-1600.00
01260,-128.00,-1320.00
01261,-124.00,-1000.00
01262,-124.00,-640.00
01263,-124.00,-400.00
01264,-124.00,-400.00
01265,-116.00,-400.00
01266,-84.00,-400.00
01267,-40.00,-320.00
01268,-32.00,-400.00
01269,-32.00,-320.00
01270,-24.00,-280.00
01271,-28.00,-320.00
01272,-28.00,-320.00
01273,-32.00,-320.00
01274,-32.00,-360.00
01275,-32.00,-320.00
01276,-52.00,-280.00
01277,-68.00,-280.00
01278,-84.00,-320.00
01279,-80.00,-480.00
01280,-80.00,-800.00
01281,-80.00,-1240.00
01282,-76.00,-1560.00
01283,-80.00,-1760.00
01284,-80.00,-1840.00
01285,-80.00,-1840.00
01286,-76.00,-1840.00
01287,-68.00,-1840.00
01288,-52.00,-1840.00
01289,-28.00,-1880.00
01290,-20.00,-1880.00
01291,-24.00,-1880.00
01292,-28.00,-1880.00
01293,-32.00,-1880.00
01294,-32.00,-1880.00
01295,-32.00,-1880.00
01296,-24.00,-1880.00
01297,-36.00,-1880.00
01298,-68.00,-1880.00
01299,-100.00,-1920.00
01300,-124.00,-1920.00
01301,-116.00,-1840.00
01302,-120.00,-1600.00
01303,-124.00,-1200.00
01304,-120.00,-720.00
01305,-116.00,-320.00
01306,-120.00,-320.00
01307,-120.00,-280.00
01308,-120.00,-280.00
01309,-116.00,-280.00
01310,-88.00,-280.00
01311,-52.00,-280.00
01312,-32.00,-280.00
01313,-32.00,-280.00
01314,-32.00,-280.00
01315,-32.00,-280.00
01316,-28.00,-240.00
01317,-28.00,-240.00
01318,-32.00,-240.00
01319,-32.00,-240.00
01320,-28.00,-200.00
01321,-48.00,-240.00
01322,-88.00,-560.00
01323,-124.00,-920.00
01324,-124.00,-1240.00
01325,-124.00,-1520.00
01326,-128.00,-1640.00
01327,-124.00,-1680.00
01328,-132.00,-1680.00
01329,-132.00,-1680.00
01330,-124.00,-1680.00
01331,-124.00,-1680.00
01332,-124.00,-1680.00
01333,-96.00,-1680.00
01334,-52.00,-1680.00
01335,-32.00,-1680.00
01336,-32.00,-1680.00
01337,-28.00,-1680.00
01338,-36.00,-1680.00
01339,-32.00,-1720.00
01340,-32.00,-1720.00
01341,-28.00,-1720.00
01342,-32.00,-1720.00
01343,-52.00,-1720.00
01344,-96.00,-1600.00
01345,-120.00,-1360.00
01346,-124.00,-1120.00
01347,-120.00,-720.00
01348,-124.00,-400.00
01349,-116.00,-360.00
01350,-116.00,-320.00
01351,-116.00,-360.00
01352,-120.00,-360.00
01353,-124.00,-400.00
01354,-112.00,-400.00
01355,-76.00,-320.00
01356,-36.00,-280.00
01357,-28.00,-320.00
01358,-32.00,-360.00
01359,-32.00,-320.00
01360,-28.00,-280.00
01361,-28.00,-280.00
01362,-28.00,-280.00
01363,-32.00,-280.00
01364,-32.00,-280.00
01365,-64.00,-440.00
01366,-100.00,-720.00
01367,-124.00,-1040.00
01368,-124.00,-1360.00
01369,-124.00,-1560.00
01370,-124.00,-1680.00
01371,-124.00,-1680.00
01372,-128.00,-1680.00
01373,-128.00,-1720.00
01374,-124.00,-1720.00
01375,-124.00,-1720.00
01376,-108.00,-1720.00
01377,-68.00,-1680.00
01378,-32.00,-1720.00
01379,-32.00,-1720.00
01380,-28.00,-1720.00
01381,-32.00,-1720.00
01382,-32.00,-1720.00
01383,-32.00,-1760.00
01384,-32.00,-1720.00
01385,-32.00,-1760.00
01386,-40.00,-1720.00
01387,-80.00,-1680.00
01388,-116.00,-1520.00
01389,-132.00,-1280.00
01390,-128.00,-920.00
01391,-128.00,-560.00
01392,-128.00,-400.00
01393,-132.00,-400.00
01394,-128.00,-360.00
01395,-124.00,-360.00
01396,-128.00,-320.00
01397,-124.00,-400.00
01398,-88.00,-360.00
01399,-52.00,-320.00
01400,-28.00,-280.00
01401,-28.00,-280.00
01402,-28.00,-320.00
01403,-32.00,-320.00
01404,-32.00,-280.00
01405,-28.00,-320.00
01406,-28.00,-280.00
01407,-32.00,-280.00
01408,-48.00,-400.00
01409,-84.00,-520.00
01410,-116.00,-640.00
01411,-120.00,-880.00
01412,-120.00,-960.00
01413,-116.00,-1080.00
01414,-120.00,-1080.00
01415,-120.00,-1040.00
01416,-116.00,-1040.00
01417,-116.00,-1040.00
01418,-116.00,-1080.00
01419,-112.00,-1080.00
01420,-84.00,-1040.00
01421,-56.00,-1040.00
01422,-28.00,-1080.00
01423,-32.00,-1080.00
01424,-32.00,-1080.00
01425,-32.00,-1080.00
01426,-28.00,-1120.00
01427,-32.00,-1120.00
01428,-32.00,-1120.00
01429,-28.00,-1080.00
01430,-28.00,-960.00
01431,-60.00,-840.00
01432,-100.00,-680.00
01433,-128.00,-480.00
01434,-132.00,-320.00
01435,-128.00,-280.00
01436,-120.00,-280.00
01437,-124.00,-280.00
01438,-128.00,-320.00
01439,-120.00,-280.00
01440,-124.00,-280.00
01441,-124.00,-280.00
01442,-116.00,-320.00
01443,-88.00,-320.00
01444,-52.00,-320.00
01445,-28.00,-280.00
01446,-28.00,-280.00
01447,-28.00,-280.00
01448,-28.00,-320.00
01449,-28.00,-320.00
01450,-24.00,-600.00
01451,-32.00,-1040.00
01452,-32.00,-1400.00
01453,-48.00,-1720.00
01454,-68.00,-1880.00
01455,-84.00,-1880.00
01456,-80.00,-1880.00
01457,-84.00,-1880.00
01458,-80.00,-1920.00
01459,-80.00,-1880.00
01460,-80.00,-1920.00
01461,-80.00,-1920.00
01462,-76.00,-1920.00
01463,-72.00,-1920.00
01464,-72.00,-1880.00
01465,-56.00,-1920.00
01466,-36.00,-1920.00
01467,-32.00,-1920.00
01468,-32.00,-1960.00
01469,-32.00,-1960.00
01470,-24.00,-1880.00
01471,-24.00,-1720.00
01472,-32.00,-1440.00
01473,-36.00,-1080.00
01474,-36.00,-640.00
01475,-52.00,-400.00
01476,-88.00,-360.00
01477,-120.00,-400.00
01478,-124.00,-360.00
01479,-116.00,-360.00
01480,-120.00,-320.00
01481,-116.00,-280.00
01482,-120.00,-320.00
01483,-120.00,-280.00
01484,-120.00,-280.00
01485,-120.00,-280.00
01486,-112.00,-280.00
01487,-80.00,-240.00
01488,-44.00,-280.00
01489,-28.00,-240.00
01490,-20.00,-400.00
01491,-28.00,-680.00
01492,-32.00,-960.00
01493,-32.00,-1240.00
01494,-32.00,-1520.00
01495,-28.00,-1520.00
01496,-32.00,-1520.00
01497,-48.00,-1520.00
01498,-92.00,-1560.00
01499,-124.00,-1520.00
01500,-124.00,-1560.00
01501,-124.00,-1560.00
01502,-132.00,-1600.00
01503,-128.00,-1600.00
01504,-128.00,-1640.00
01505,-128.00,-1640.00
01506,-128.00,-1600.00
01507,-128.00,-1680.00
01508,-128.00,-1640.00
01509,-92.00,-1640.00
01510,-52.00,-1600.00
01511,-28.00,-1520.00
01512,-32.00,-1320.00
01513,-32.00,-1040.00
01514,-32.00,-720.00
01515,-32.00,-360.00
01516,-28.00,-280.00
01517,-28.00,-320.00
01518,-32.00,-320.00
01519,-48.00,-280.00
01520,-88.00,-280.00
01521,-116.00,-280.00
01522,-124.00,-280.00
01523,-124.00,-280.00
01524,-120.00,-280.00
01525,-116.00,-280.00
01526,-116.00,-240.00
01527,-120.00,-240.00
01528,-124.00,-240.00
01529,-120.00,-200.00
01530,-112.00,-240.00
01531,-88.00,-440.00
01532,-52.00,-760.00
01533,-32.00,-1080.00
01534,-32.00,-1360.00
01535,-32.00,-1560.00
01536,-32.00,-1560.00
01537,-32.00,-1560.00
01538,-32.00,-1560.00
01539,-28.00,-1560.00
01540,-28.00,-1600.00
01541,-32.00,-1640.00
01542,-68.00,-1600.00
01543,-100.00,-1560.00
01544,-120.00,-1560.00
01545,-124.00,-1600.00
01546,-120.00,-1600.00
01547,-124.00,-1640.00
01548,-128.00,-1640.00
01549,-124.00,-1680.00
01550,-124.00,-1640.00
01551,-124.00,-1640.00
01552,-120.00,-1520.00
01553,-124.00,-1240.00
01554,-108.00,-1040.00
01555,-72.00,-640.00
01556,-32.00,-320.00
01557,-28.00,-280.00
01558,-32.00,-280.00
01559,-32.00,-280.00
01560,-32.00,-280.00
01561,-28.00,-280.00
01562,-32.00,-280.00
01563,-32.00,-320.00
01564,-36.00,-280.00
01565,-36.00,-280.00
01566,-68.00,-240.00
01567,-104.00,-280.00
01568,-132.00,-240.00
01569,-132.00,-280.00
01570,-124.00,-240.00
01571,-128.00,-240.00
01572,-128.00,-400.00
01573,-128.00,-760.00
01574,-132.00,-1120.00
01575,-128.00,-1440.00
01576,-124.00,-1640.00
01577,-120.00,-1720.00
01578,-100.00,-1720.00
01579,-68.00,-1720.00
01580,-28.00,-1720.00
01581,-32.00,-1720.00
01582,-32.00,-1720.00
01583,-28.00,-1760.00
01584,-28.00,-1720.00
01585,-28.00,-1760.00
01586,-28.00,-1760.00
01587,-36.00,-1760.00
01588,-32.00,-1840.00
01589,-44.00,-1800.00
01590,-80.00,-1760.00
01591,-112.00,-1840.00
01592,-116.00,-1840.00
01593,-124.00,-1840.00
01594,-120.00,-1680.00
01595,-124.00,-1400.00
01596,-116.00,-1080.00
01597,-116.00,-720.00
01598,-120.00,-400.00
01599,-116.00,-400.00
01600,-112.00,-280.00
01601,-112.00,-360.00
01602,-88.00,-360.00
01603,-52.00,-400.00
01604,-32.00,-360.00
01605,-32.00,-360.00
01606,-24.00,-320.00
01607,-32.00,-320.00
01608,-32.00,-360.00
01609,-28.00,-280.00
01610,-32.00,-280.00
01611,-28.00,-280.00
01612,-32.00,-280.00
01613,-68.00,-280.00
01614,-104.00,-400.00
01615,-132.00,-680.00
01616,-128.00,-1040.00
01617,-128.00,-1400.00
01618,-128.00,-1680.00
01619,-128.00,-1840.00
01620,-124.00,-1800.00
01621,-124.00,-1840.00
01622,-124.00,-1840.00
01623,-124.00,-1840.00
01624,-120.00,-1880.00
01625,-92.00,-1880.00
01626,-52.00,-1840.00
01627,-28.00,-1880.00
01628,-28.00,-1880.00
01629,-28.00,-1880.00
01630,-28.00,-1880.00
01631,-24.00,-1880.00
01632,-32.00,-1880.00
01633,-32.00,-1920.00
01634,-32.00,-1880.00
01635,-32.00,-1920.00
01636,-52.00,-1920.00
01637,-76.00,-1760.00
01638,-84.00,-1560.00
01639,-80.00,-1200.00
01640,-80.00,-640.00
01641,-76.00,-280.00
01642,-80.00,-320.00
01643,-84.00,-320.00
01644,-84.00,-360.00
01645,-80.00,-320.00
01646,-76.00,-280.00
01647,-76.00,-280.00
01648,-68.00,-280.00
01649,-48.00,-280.00
01650,-24.00,-240.00
01651,-24.00,-240.00
01652,-32.00,-280.00
01653,-32.00,-240.00
01654,-32.00,-240.00
01655,-28.00,-240.00
01656,-32.00,-240.00
01657,-32.00,-240.00
01658,-32.00,-480.00
01659,-48.00,-800.00
01660,-84.00,-1120.00
01661,-112.00,-1400.00
01662,-124.00,-1640.00
01663,-120.00,-1680.00
01664,-120.00,-1680.00
01665,-124.00,-1680.00
01666,-116.00,-1640.00
01667,-120.00,-1680.00
01668,-116.00,-1680.00
01669,-124.00,-1640.00
01670,-116.00,-1680.00
01671,-112.00,-1680.00
01672,-92.00,-1680.00
01673,-48.00,-1680.00
01674,-32.00,-1720.00
01675,-24.00,-1720.00
01676,-28.00,-1680.00
01677,-32.00,-1720.00
01678,-28.00,-1720.00
01679,-32.00,-1720.00
01680,-28.00,-1720.00
01681,-32.00,-1560.00
01682,-32.00,-1360.00
01683,-40.00,-1080.00
01684,-80.00,-720.00
01685,-108.00,-400.00
01686,-128.00,-360.00
01687,-128.00,-400.00
01688,-128.00,-400.00
01689,-128.00,-400.00
01690,-124.00,-320.00
01691,-132.00,-360.00
01692,-132.00,-360.00
01693,-132.00,-400.00
01694,-132.00,-360.00
01695,-128.00,-320.00
01696,-112.00,-280.00
01697,-76.00,-280.00
01698,-48.00,-320.00
01699,-32.00,-280.00
01700,-28.00,-280.00
01701,-28.00,-280.00
01702,-32.00,-360.00
01703,-36.00,-680.00
01704,-28.00,-1000.00
01705,-32.00,-1280.00
01706,-28.00,-1520.00
01707,-32.00,-1680.00
01708,-60.00,-1680.00
01709,-92.00,-1680.00
01710,-124.00,-1680.00
01711,-124.00,-1680.00
01712,-120.00,-1720.00
01713,-124.00,-1720.00
01714,-120.00,-1720.00
01715,-120.00,-1720.00
01716,-120.00,-1720.00
01717,-120.00,-1720.00
01718,-124.00,-1760.00
01719,-124.00,-1720.00
01720,-112.00,-1720.00
01721,-96.00,-1720.00
01722,-60.00,-1720.00
01723,-32.00,-1760.00
01724,-36.00,-1760.00
01725,-32.00,-1600.00
01726,-32.00,-1400.00
01727,-32.00,-1120.00
01728,-32.00,-840.00
01729,-28.00,-440.00
01730,-28.00,-360.00
01731,-32.00,-320.00
01732,-36.00,-360.00
01733,-72.00,-400.00
01734,-100.00,-360.00
01735,-124.00,-320.00
01736,-120.00,-320.00
01737,-120.00,-280.00
01738,-132.00,-360.00
01739,-124.00,-320.00
01740,-120.00,-280.00
01741,-120.00,-280.00
01742,-124.00,-280.00
01743,-124.00,-280.00
01744,-124.00,-280.00
01745,-108.00,-280.00
01746,-72.00,-360.00
01747,-40.00,-560.00
01748,-36.00,-720.00
01749,-32.00,-920.00
01750,-32.00,-960.00
01751,-28.00,-1040.00
01752,-28.00,-1040.00
01753,-32.00,-1080.00
01754,-28.00,-1040.00
01755,-36.00,-1080.00
01756,-36.00,-1040.00
01757,-68.00,-1040.00
01758,-112.00,-1080.00
01759,-128.00,-1080.00
01760,-128.00,-1080.00
01761,-124.00,-1080.00
01762,-132.00,-1120.00
01763,-132.00,-1120.00
01764,-128.00,-1080.00
01765,-128.00,-1120.00
01766,-124.00,-1120.00
01767,-120.00,-1080.00
01768,-124.00,-1000.00
01769,-104.00,-880.00
01770,-64.00,-720.00
01771,-32.00,-560.00
01772,-32.00,-360.00
01773,-36.00,-280.00
01774,-36.00,-320.00
01775,-28.00,-280.00
01776,-28.00,-280.00
01777,-32.00,-280.00
01778,-28.00,-320.00
01779,-32.00,-280.00
01780,-32.00,-280.00
01781,-68.00,-320.00
01782,-100.00,-280.00
01783,-120.00,-320.00
01784,-124.00,-320.00
01785,-124.00,-280.00
01786,-112.00,-280.00
01787,-120.00,-280.00
01788,-120.00,-440.00
01789,-116.00,-760.00
01790,-116.00,-1160.00
01791,-116.00,-1520.00
01792,-116.00,-1760.00
01793,-96.00,-1880.00
01794,-68.00,-1880.00
01795,-36.00,-1880.00
01796,-28.00,-1920.00
01797,-28.00,-1880.00
01798,-32.00,-1880.00
01799,-32.00,-1920.00
01800,-28.00,-1920.00
01801,-28.00,-1920.00
01802,-32.00,-1920.00
01803,-32.00,-1920.00
01804,-44.00,-1960.00
01805,-76.00,-1880.00
01806,-116.00,-1960.00
01807,-132.00,-1960.00
01808,-132.00,-1960.00
01809,-128.00,-1880.00
01810,-120.00,-1720.00
01811,-128.00,-1480.00
01812,-128.00,-1120.00
01813,-128.00,-720.00
01814,-124.00,-360.00
01815,-124.00,-400.00
01816,-120.00,-280.00
01817,-100.00,-320.00
01818,-64.00,-360.00
01819,-32.00,-360.00
01820,-28.00,-280.00
01821,-24.00,-280.00
01822,-28.00,-280.00
01823,-28.00,-280.00
01824,-32.00,-280.00
01825,-32.00,-280.00
01826,-28.00,-240.00
01827,-32.00,-240.00
01828,-40.00,-240.00
01829,-68.00,-280.00
01830,-80.00,-560.00
01831,-84.00,-880.00
01832,-84.00,-1200.00
01833,-80.00,-1400.00
01834,-84.00,-1520.00
01835,-76.00,-1560.00
01836,-80.00,-1560.00
01837,-80.00,-1560.00
01838,-80.00,-1560.00
01839,-76.00,-1560.00
01840,-72.00,-1560.00
01841,-64.00,-1600.00
01842,-40.00,-1560.00
01843,-32.00,-1600.00
01844,-32.00,-1640.00
01845,-28.00,-1640.00
01846,-24.00,-1640.00
01847,-28.00,-1640.00
01848,-32.00,-1640.00
01849,-32.00,-1600.00
01850,-28.00,-1560.00
01851,-28.00,-1400.00
01852,-36.00,-1200.00
01853,-68.00,-880.00
01854,-100.00,-520.00
01855,-120.00,-320.00
01856,-120.00,-280.00
01857,-120.00,-280.00
01858,-124.00,-320.00
01859,-124.00,-320.00
01860,-116.00,-280.00
01861,-120.00,-280.00
01862,-116.00,-280.00
01863,-124.00,-280.00
01864,-120.00,-280.00
01865,-116.00,-240.00
01866,-100.00,-240.00
01867,-68.00,-240.00
01868,-40.00,-240.00
01869,-32.00,-200.00
01870,-28.00,-280.00
01871,-28.00,-600.00
01872,-36.00,-920.00
01873,-32.00,-1240.00
01874,-28.00,-1480.00
01875,-32.00,-1600.00
01876,-32.00,-1560.00
01877,-28.00,-1560.00
01878,-44.00,-1600.00
01879,-84.00,-1600.00
01880,-112.00,-1600.00
01881,-128.00,-1640.00
01882,-128.00,-1640.00
01883,-128.00,-1600.00
01884,-132.00,-1600.00
01885,-124.00,-1600.00
01886,-132.00,-1640.00
01887,-128.00,-1640.00
01888,-128.00,-1680.00
01889,-128.00,-1680.00
01890,-124.00,-1680.00
01891,-92.00,-1560.00
01892,-56.00,-1360.00
01893,-32.00,-1120.00
01894,-32.00,-800.00
01895,-32.00,-480.00
01896,-28.00,-280.00
01897,-32.00,-280.00
01898,-32.00,-320.00
01899,-32.00,-280.00
01900,-28.00,-280.00
01901,-24.00,-280.00
01902,-60.00,-280.00
01903,-100.00,-280.00
01904,-128.00,-280.00
01905,-124.00,-280.00
01906,-120.00,-240.00
01907,-120.00,-280.00
01908,-120.00,-280.00
01909,-124.00,-240.00
01910,-120.00,-240.00
01911,-116.00,-280.00
01912,-124.00,-680.00
01913,-120.00,-1040.00
01914,-96.00,-1360.00
01915,-64.00,-1600.00
01916,-28.00,-1720.00
01917,-32.00,-1720.00
01918,-32.00,-1720.00
01919,-28.00,-1720.00
01920,-28.00,-1720.00
01921,-32.00,-1720.00
01922,-32.00,-1720.00
01923,-32.00,-1720.00
01924,-36.00,-1760.00
01925,-52.00,-1760.00
01926,-88.00,-1760.00
01927,-116.00,-1800.00
01928,-124.00,-1840.00
01929,-124.00,-1800.00
01930,-124.00,-1840.00
01931,-124.00,-1800.00
01932,-120.00,-1840.00
01933,-128.00,-1720.00
01934,-124.00,-1520.00
01935,-120.00,-1200.00
01936,-120.00,-840.00
01937,-108.00,-480.00
01938,-76.00,-360.00
01939,-40.00,-360.00
01940,-28.00,-360.00
01941,-28.00,-360.00
01942,-32.00,-360.00
01943,-36.00,-400.00
01944,-32.00,-360.00
01945,-32.00,-360.00
01946,-28.00,-360.00
01947,-32.00,-360.00
01948,-52.00,-320.00
01949,-84.00,-320.00
01950,-120.00,-280.00
01951,-132.00,-280.00
01952,-128.00,-280.00
01953,-132.00,-320.00
01954,-124.00,-600.00
01955,-128.00,-920.00
01956,-128.00,-1280.00
01957,-124.00,-1560.00
01958,-124.00,-1800.00
01959,-124.00,-1840.00
01960,-112.00,-1840.00
01961,-80.00,-1840.00
01962,-36.00,-1880.00
01963,-32.00,-1880.00
01964,-36.00,-1880.00
01965,-32.00,-1880.00
01966,-28.00,-1880.00
01967,-32.00,-1880.00
01968,-32.00,-1880.00
01969,-36.00,-1880.00
01970,-24.00,-1920.00
01971,-32.00,-1920.00
01972,-76.00,-1920.00
01973,-104.00,-1920.00
01974,-120.00,-1920.00
01975,-124.00,-1960.00
01976,-116.00,-1840.00
01977,-124.00,-1600.00
01978,-120.00,-1240.00
01979,-116.00,-800.00
01980,-116.00,-280.00
01981,-116.00,-280.00
01982,-120.00,-320.00
01983,-120.00,-360.00
01984,-96.00,-320.00
01985,-64.00,-280.00
01986,-36.00,-280.00
01987,-28.00,-280.00
01988,-32.00,-280.00
01989,-28.00,-240.00
01990,-28.00,-240.00
01991,-24.00,-240.00
01992,-28.00,-240.00
01993,-32.00,-280.00
01994,-36.00,-280.00
01995,-32.00,-240.00
01996,-48.00,-200.00
01997,-84.00,-440.00
01998,-120.00,-800.00
01999,-128.00,-1080.00