"Poslední měření: čas (s)","Poslední měření: Magnetická indukce (mT)"
0,4.86288413925
0.005,4.11022341016
0.01,3.3939777801
0.015,2.74711767655
0.02,2.19375580021
0.025,1.7257725682
0.03,1.33529444559
0.035,1.01395580153
0.04,0.745271422267
0.045,0.521613820849
0.05,0.346673716769
0.055,0.204211944249
0.06,0.0861089203972
0.065,0.00491309149947
0.07,-0.0642263870468
0.075,-0.117126699814
0.08,-0.157970662229
0.085,-0.182329410898
0.09,-0.202751392106
0.095,-0.214807742457
0.1,-0.231046908237
0.105,-0.239166491127
0.11,-0.239166491127
0.115,-0.239166491127
0.12,-0.239166491127
0.125,-0.235229723665
0.13,-0.222927325347
0.135,-0.206688159567
0.14,-0.174209828008
0.145,-0.133611913559
0.15,-0.0642263870468
0.155,0.0373914230586
0.16,0.179853195579
0.165,0.387271631218
0.17,0.672195176259
0.175,1.06267329887
0.18,1.58749361111
0.185,2.28725402743
0.19,3.18237652903
0.195,4.25243913472
0.2,5.42018278305
0.205,5.91252476373
0.21,5.89210278252
0.215,5.87586361674
0.22,5.87192684928
0.225,5.87586361674
0.23,5.88816601506
0.235,5.89628559795
0.24,5.76612622375
0.245,4.73666153251
0.25,3.63805736272
0.255,2.66173903222
0.26,1.87635392361
0.265,1.2782113174
0.27,0.834832882021
0.275,0.501191839641
0.28,0.257112257015
0.285,0.0902917358253
0.29,-0.027811288026
0.295,-0.109007116924
0.3,-0.174209828008
0.305,-0.206688159567
0.31,-0.235229723665
0.315,-0.255651704872
0.32,-0.267708055224
0.325,-0.271890870652
0.33,-0.271890870652
0.335,-0.275827638114
0.34,-0.275827638114
0.345,-0.271890870652
0.35,-0.259588472334
0.355,-0.243349306555
0.36,-0.222927325347
0.365,-0.17814659547
0.37,-0.109007116924
0.375,-0.0155088897081
0.38,0.139009233164
0.385,0.36684965001
0.39,0.688434342039
0.395,1.1399323603
0.4,1.7543141323
0.405,2.56405798958
0.41,3.59745944828
0.415,4.76913986407
0.42,5.81902653651
0.425,5.9083419483
0.43,5.88398319963
0.435,5.87586361674
0.44,5.87586361674
0.445,5.88816601506
0.45,5.90440518084
0.455,5.70510632809
0.46,4.5860801771
0.465,3.44687809287
0.47,2.46219413151
0.475,1.68935746918
0.48,1.11557361163
0.485,0.704673507818
0.49,0.403510796998
0.495,0.187972778469
0.5,0.0455110059484
0.505,-0.056106804157
0.51,-0.129429098131
0.515,-0.182329410898
0.52,-0.218990557885
0.525,-0.239166491127
0.53,-0.251468889444
0.535,-0.263771287762
0.54,-0.271890870652
0.545,-0.275827638114
0.55,-0.275827638114
0.555,-0.275827638114
0.56,-0.271890870652
0.565,-0.255651704872
0.57,-0.222927325347
0.575,-0.182329410898
0.58,-0.105070349462
0.585,0.00884985896118
0.59,0.183789963041
0.595,0.432052361095
0.6,0.790052152144
0.605,1.29051371571
0.61,1.96591538336
0.615,2.8652207004
0.62,3.98793757088
0.625,5.26148184475
0.63,5.9083419483
0.635,5.89210278252
0.64,5.87192684928
0.645,5.86380726639
0.65,5.86380726639
0.655,5.87586361674
0.66,5.88816601506
0.665,5.91252476373
0.67,5.4812026787
0.675,4.41532288845
0.68,3.43875850998
0.685,2.60465590403
0.69,1.94549340216
0.695,1.42485590534
0.7,1.02207538442
0.705,0.70861027528
0.71,0.472650275544
0.715,0.297710171464
0.72,0.151311631482
0.725,0.0536305888381
0.73,-0.0236284725979
0.735,-0.0846483682544
0.74,-0.133611913559
0.745,-0.16190742969
0.75,-0.18626617836
0.755,-0.210870974995
0.76,-0.227110140775
0.765,-0.231046908237
0.77,-0.239166491127
0.775,-0.243349306555
0.78,-0.243349306555
0.785,-0.243349306555
0.79,-0.243349306555
0.795,-0.243349306555
0.8,-0.243349306555
0.805,-0.243349306555
0.81,-0.235229723665
0.815,-0.222927325347
0.82,-0.210870974995
0.825,-0.190448993788
0.83,-0.166090245119
0.835,-0.129429098131
0.84,-0.0846483682544
0.845,-0.0236284725979
0.85,0.0536305888381
0.855,0.151311631482
0.86,0.281471005685
0.865,0.444354759413
0.87,0.651773195052
0.875,0.903972360567
0.88,1.21719142174
0.885,1.60373277689
0.89,2.07589882433
0.895,2.64131705101
0.9,3.30047955288
0.905,4.06125986486
0.91,4.84664497347
0.915,5.68050153145
0.92,5.91670757916
0.925,5.90440518084
0.93,5.88816601506
0.935,5.88004643217
0.94,5.87192684928
0.945,5.86774403385
0.95,5.86380726639
0.955,5.87192684928
0.96,5.88004643217
0.965,5.88816601506
0.97,5.9083419483
0.975,5.91252476373
0.98,5.72946507676
0.985,5.07842215778
0.99,4.45198403543
0.995,3.83760226344
1,3.25569882301
1.005,2.73899809366
1.01,2.28331725996
1.015,1.89259308939
1.02,1.55501527955
1.025,1.26197215162
1.03,1.01395580153
1.035,0.802354550462
1.04,0.619294863493
1.045,0.468713508082
1.05,0.342490901341
1.055,0.232753508346
1.06,0.143192048592
1.065,0.065932987156
1.07,0.00491309149947
1.075,-0.0440504538055
1.08,-0.0927679511442
1.085,-0.129429098131
1.09,-0.153787846801
1.095,-0.182329410898
1.1,-0.202751392106
1.105,-0.214807742457
1.11,-0.231046908237
1.115,-0.239166491127
1.12,-0.243349306555
1.125,-0.255651704872
1.13,-0.263771287762
1.135,-0.263771287762
1.14,-0.271890870652
1.145,-0.271890870652
1.15,-0.271890870652
1.155,-0.271890870652
1.16,-0.271890870652
1.165,-0.275827638114
1.17,-0.275827638114
1.175,-0.280010453542
1.18,-0.280010453542
1.185,-0.280010453542
1.19,-0.275827638114
1.195,-0.280010453542
1.2,-0.275827638114
1.205,-0.271890870652
1.21,-0.267708055224
1.215,-0.263771287762
1.22,-0.255651704872
1.225,-0.251468889444
1.23,-0.239166491127
1.235,-0.227110140775
1.24,-0.218990557885
1.245,-0.198568576678
1.25,-0.174209828008
1.255,-0.145668263911
1.26,-0.113189932352
1.265,-0.0765287853646
1.27,-0.027811288026
1.275,0.0332086076305
1.28,0.102594134143
1.285,0.179853195579
1.29,0.281471005685
1.295,0.391454446646
1.3,0.521613820849
1.305,0.680314759149
1.31,0.85919163069
1.315,1.0668561143
1.32,1.30281611403
1.325,1.57125444533
1.33,1.88865632193
1.335,2.23853653009
1.34,2.63713423559
1.345,3.09699788471
1.35,3.59745944828
1.355,4.12646257594
1.36,4.65940247107
1.365,5.21276434741
1.37,5.78630215699
1.375,5.92064434662
1.38,5.91252476373
1.385,5.89628559795
1.39,5.89210278252
1.395,5.88004643217
1.4,5.87586361674
1.405,5.87192684928
1.41,5.86774403385
1.415,5.87586361674
1.42,5.87192684928
1.425,5.88398319963
1.43,5.89210278252
1.435,5.89210278252
1.44,5.90440518084
1.445,5.91670757916
1.45,5.86774403385
1.455,5.3795848686
1.46,4.83827934261
1.465,4.3176418458
1.47,3.80906069934
1.475,3.30859913577
1.48,2.84873548665
1.485,2.42971579995
1.49,2.05941361058
1.495,1.72995538363
1.5,1.4369122557
1.505,1.18077632272
1.51,0.956872673334
1.515,0.761510588047
1.52,0.586570483967
1.525,0.444354759413
1.53,0.3223149681
1.535,0.212331527138
1.54,0.122770067384
1.545,0.0496938213764
1.55,-0.0155088897081
1.555,-0.0684092024749
1.56,-0.113189932352
1.565,-0.141731496449
1.57,-0.17002701258
1.575,-0.190448993788
1.58,-0.210870974995
1.585,-0.227110140775
1.59,-0.235229723665
1.595,-0.243349306555
1.6,-0.251468889444
1.605,-0.255651704872
1.61,-0.255651704872
1.615,-0.259588472334
1.62,-0.263771287762
1.625,-0.259588472334
1.63,-0.255651704872
1.635,-0.243349306555
1.64,-0.235229723665
1.645,-0.210870974995
1.65,-0.18626617836
1.655,-0.145668263911
1.66,-0.0927679511442
1.665,-0.00738930681837
1.67,0.102594134143
1.675,0.248992674125
1.68,0.460593925192
1.685,0.741334654806
1.69,1.10745402874
1.695,1.56313486244
1.7,2.14085548744
1.705,2.84873548665
1.71,3.6828380926
1.715,4.57402382675
1.72,5.52204664112
1.725,5.91670757916
1.73,5.90022236541
1.735,5.88398319963
1.74,5.87586361674
1.745,5.87192684928
1.75,5.87192684928
1.755,5.88004643217
1.76,5.89210278252
1.765,5.91252476373
1.77,5.70092351266
1.775,4.77725944696
1.78,3.85777819668
1.785,2.9953800746
1.79,2.27101486165
1.795,1.67705507086
1.8,1.20095225596
1.805,0.830896114559
1.81,0.54178975409
1.815,0.33043455099
1.82,0.167550797261
1.825,0.0536305888381
1.83,-0.0317480554877
1.835,-0.0969507665723
1.84,-0.145668263911
1.845,-0.17814659547
1.85,-0.198568576678
1.855,-0.214807742457
1.86,-0.227110140775
1.865,-0.231046908237
1.87,-0.235229723665
1.875,-0.235229723665
1.88,-0.235229723665
1.885,-0.231046908237
1.89,-0.218990557885
1.895,-0.206688159567
1.9,-0.182329410898
1.905,-0.133611913559
1.91,-0.0642263870468
1.915,0.0332086076305
1.92,0.171733612689
1.925,0.371032465438
1.93,0.647590379624
1.935,1.02207538442
1.94,1.5144173651
1.945,2.18563621732
1.95,3.03179517362
1.955,4.06937944775
1.96,5.1923423662
1.965,5.91252476373
1.97,5.89628559795
1.975,5.88816601506
1.98,5.88004643217
1.985,5.87192684928
1.99,5.88816601506
1.995,5.9083419483
2,5.75800664086
2.005,4.71230278384
2.01,3.62600101237
2.015,2.64131705101
2.02,1.86011475783
2.025,1.26197215162
2.03,0.814410900814
2.035,0.484952673862
2.04,0.244809858697
2.045,0.0740525700458
2.05,-0.0479872212672
2.055,-0.129429098131
2.06,-0.18626617836
2.065,-0.222927325347
2.07,-0.243349306555
2.075,-0.263771287762
2.08,-0.267708055224
2.085,-0.275827638114
2.09,-0.275827638114
2.095,-0.280010453542
2.1,-0.280010453542
2.105,-0.275827638114
2.11,-0.267708055224
2.115,-0.259588472334
2.12,-0.243349306555
2.125,-0.218990557885
2.13,-0.17814659547
2.135,-0.113189932352
2.14,-0.0155088897081
2.145,0.126952882812
2.15,0.334371318451
2.155,0.615112048064
2.16,1.00165340321
2.165,1.53459329834
2.17,2.24665611298
2.175,3.14989819747
2.18,4.23226320148
2.185,5.4081264327
2.19,5.91252476373
2.195,5.89210278252
2.2,5.88004643217
2.205,5.87192684928
2.21,5.86774403385
2.215,5.88398319963
2.22,5.90022236541
2.225,5.88004643217
2.23,5.04594382622
2.235,3.98793757088
2.24,3.01161924038
2.245,2.20605819853
2.25,1.58355684365
2.255,1.09121486296
2.26,0.720912673598
2.265,0.452474342303
2.27,0.252929441587
2.275,0.106530901605
2.28,-0.0032064913903
2.285,-0.0807116007927
2.29,-0.133611913559
2.295,-0.17814659547
2.3,-0.206688159567
2.305,-0.222927325347
2.31,-0.235229723665
2.315,-0.243349306555
2.32,-0.255651704872
2.325,-0.263771287762
2.33,-0.267708055224
2.335,-0.267708055224
2.34,-0.267708055224
2.345,-0.267708055224
2.35,-0.255651704872
2.355,-0.243349306555
2.36,-0.218990557885
2.365,-0.17814659547
2.37,-0.121309515242
2.375,-0.0440504538055
2.38,0.0821721529355
2.385,0.248992674125
2.39,0.480769858434
2.395,0.802354550462
2.4,1.21325465428
2.405,1.76243371519
2.41,2.47867934525
2.415,3.36961903143
2.42,4.39490090724
2.425,5.49744184448
2.43,5.91252476373
2.435,5.89210278252
2.44,5.87586361674
2.445,5.87192684928
2.45,5.86774403385
2.455,5.87192684928
2.46,5.87586361674
2.465,5.89210278252
2.47,5.9083419483
2.475,5.79442173988
2.48,5.00116309634
2.485,4.19141923906
2.49,3.4429413254
2.495,2.77959600811
2.5,2.24247329755
2.505,1.79097527928
2.51,1.42485590534
2.515,1.11975642706
2.52,0.87543079647
2.525,0.676131943721
2.53,0.513494237959
2.535,0.3749692329
2.54,0.261049024477
2.545,0.175670380151
2.55,0.0984113187151
2.555,0.0332086076305
2.56,-0.0196917051362
2.565,-0.0602896195851
2.57,-0.0969507665723
2.575,-0.125246282703
2.58,-0.145668263911
2.585,-0.166090245119
2.59,-0.182329410898
2.595,-0.194631809216
2.6,-0.206688159567
2.605,-0.210870974995
2.61,-0.218990557885
2.615,-0.231046908237
2.62,-0.231046908237
2.625,-0.239166491127
2.63,-0.239166491127
2.635,-0.243349306555
2.64,-0.243349306555
2.645,-0.243349306555
2.65,-0.247532121983
2.655,-0.243349306555
2.66,-0.251468889444
2.665,-0.243349306555
2.67,-0.243349306555
2.675,-0.243349306555
2.68,-0.243349306555
2.685,-0.239166491127
2.69,-0.227110140775
2.695,-0.222927325347
2.7,-0.222927325347
2.705,-0.206688159567
2.71,-0.202751392106
2.715,-0.18626617836
2.72,-0.174209828008
2.725,-0.153787846801
2.73,-0.129429098131
2.735,-0.105070349462
2.74,-0.0807116007927
2.745,-0.0398676383775
2.75,0.00491309149947
2.755,0.0536305888381
2.76,0.110713717033
2.765,0.179853195579
2.77,0.252929441587
2.775,0.350610484231
2.78,0.452474342303
2.785,0.582633716505
2.79,0.725095489026
2.795,0.879613611898
2.8,1.0668561143
2.805,1.27427454993
2.81,1.50605173424
2.815,1.76661653061
2.82,2.06359642601
2.825,2.3891178855
2.83,2.75105444401
2.835,3.1540810129
2.84,3.59745944828
2.845,4.0573230974
2.85,4.52112351398
2.855,4.99304351345
2.86,5.49744184448
2.865,5.90022236541
2.87,5.91670757916
2.875,5.91252476373
2.88,5.89628559795
2.885,5.89628559795
2.89,5.88398319963
2.895,5.87586361674
2.9,5.88004643217
2.905,5.87192684928
2.91,5.87192684928
2.915,5.87192684928
2.92,5.87586361674
2.925,5.88004643217
2.93,5.89210278252
2.935,5.90022236541
2.94,5.90440518084
2.945,5.91670757916
2.95,5.91670757916
2.955,5.57076413846
2.96,5.07842215778
2.965,4.59419975999
2.97,4.11022341016
2.975,3.63805736272
2.98,3.17843976157
2.985,2.76335684233
2.99,2.38099830261
2.995,2.03923767734
3,1.73807496652
3.005,1.46545381979
3.01,1.22949382006
3.015,1.01395580153
3.02,0.826713299131
3.025,0.668012360831
3.03,0.525550588311
3.035,0.395391214108
3.04,0.277534238223
3.045,0.171733612689
3.05,0.0902917358253
3.055,0.021152257279
3.06,-0.0398676383775
3.065,-0.0888311836825
3.07,-0.125246282703
3.075,-0.16190742969
3.08,-0.190448993788
3.085,-0.214807742457
3.09,-0.231046908237
3.095,-0.239166491127
3.1,-0.255651704872
3.105,-0.259588472334
3.11,-0.263771287762
3.115,-0.271890870652
3.12,-0.271890870652
3.125,-0.267708055224
3.13,-0.267708055224
3.135,-0.263771287762
3.14,-0.267708055224
3.145,-0.255651704872
3.15,-0.247532121983
3.155,-0.239166491127
3.16,-0.214807742457
3.165,-0.190448993788
3.17,-0.145668263911
3.175,-0.0888311836825
3.18,-0.0032064913903
3.185,0.106530901605
3.19,0.265231839905
3.195,0.476833090972
3.2,0.765693403475
3.205,1.1399323603
3.21,1.61997194267
3.215,2.21417778142
3.22,2.9464165293
3.225,3.82529986512
3.23,4.76913986407
3.235,5.72528226133
3.24,5.90440518084
3.245,5.89210278252
3.25,5.88004643217
3.255,5.87192684928
3.26,5.87192684928
3.265,5.87586361674
3.27,5.88816601506
3.275,5.9083419483
3.28,5.8271461194
3.285,4.99304351345
3.29,4.06125986486
3.295,3.17032017868
3.3,2.40535705128
3.305,1.79097527928
3.31,1.30281611403
3.315,0.916274758885
3.32,0.619294863493
3.325,0.399574029536
3.33,0.224633925456
3.335,0.102594134143
3.34,-0.0032064913903
3.345,-0.0765287853646
3.35,-0.133611913559
3.355,-0.17814659547
3.36,-0.202751392106
3.365,-0.222927325347
3.37,-0.239166491127
3.375,-0.251468889444
3.38,-0.259588472334
3.385,-0.259588472334
3.39,-0.263771287762
3.395,-0.267708055224
3.4,-0.267708055224
3.405,-0.259588472334
3.41,-0.247532121983
3.415,-0.227110140775
3.42,-0.198568576678
3.425,-0.149851079339
3.43,-0.0765287853646
3.435,0.0292718401688
3.44,0.183789963041
3.445,0.395391214108
3.45,0.692371109501
3.455,1.09515163043
3.46,1.62833757352
3.465,2.33621757273
3.47,3.23945965723
3.475,4.30140268002
3.48,5.46496351292
3.485,5.91252476373
3.49,5.89210278252
3.495,5.88004643217
3.5,5.86774403385
3.505,5.86774403385
3.51,5.87586361674
3.515,5.89210278252
3.52,5.91252476373
3.525,5.52204664112
3.53,4.45198403543
3.535,3.43482174251
3.54,2.5478188238
3.545,1.84387559205
3.55,1.29051371571
3.555,0.863374446119
3.56,0.554092152408
3.565,0.3223149681
3.57,0.151311631482
3.575,0.0292718401688
3.58,-0.0602896195851
3.585,-0.121309515242
3.59,-0.166090245119
3.595,-0.194631809216
3.6,-0.214807742457
3.605,-0.227110140775
3.61,-0.231046908237
3.615,-0.239166491127
3.62,-0.239166491127
3.625,-0.239166491127
3.63,-0.235229723665
3.635,-0.239166491127
3.64,-0.231046908237
3.645,-0.210870974995
3.65,-0.182329410898
3.655,-0.141731496449
3.66,-0.0723459699366
3.665,0.016969441851
3.67,0.147128816054
3.675,0.33043455099
3.68,0.566394550726
3.685,0.887733194788
3.69,1.32299204727
3.695,1.89259308939
3.7,2.63319746812
3.705,3.5526787184
3.71,4.59419975999
3.715,5.67238194856
3.72,5.9083419483
3.725,5.89628559795
3.73,5.87586361674
3.735,5.86774403385
3.74,5.87192684928
3.745,5.88004643217
3.75,5.90022236541
3.755,5.9083419483
3.76,5.18840559874
3.765,4.12227976052
3.77,3.1255394488
3.775,2.29143684285
3.78,1.63227434098
3.785,1.12369319452
3.79,0.737151839377
3.795,0.448291526875
3.8,0.236690275808
3.805,0.0821721529355
3.81,-0.027811288026
3.815,-0.109007116924
3.82,-0.166090245119
3.825,-0.202751392106
3.83,-0.231046908237
3.835,-0.251468889444
3.84,-0.259588472334
3.845,-0.271890870652
3.85,-0.275827638114
3.855,-0.275827638114
3.86,-0.280010453542
3.865,-0.280010453542
3.87,-0.280010453542
3.875,-0.271890870652
3.88,-0.271890870652
3.885,-0.255651704872
3.89,-0.243349306555
3.895,-0.218990557885
3.9,-0.182329410898
3.905,-0.121309515242
3.91,-0.0440504538055
3.915,0.0617501717279
3.92,0.212331527138
3.925,0.419749962777
3.93,0.704673507818
3.935,1.07497569719
3.94,1.55083246412
3.945,2.15315788576
3.95,2.90581861485
3.955,3.79282153356
3.96,4.75290069829
3.965,5.72528226133
3.97,5.91252476373
3.975,5.89210278252
3.98,5.88004643217
3.985,5.87192684928
3.99,5.87586361674
3.995,5.87586361674
4,5.88398319963
4.005,5.90440518084
4.01,5.91670757916
4.015,5.54222257436
4.02,4.68376121974
4.025,3.87820017789
4.03,3.11741986591
4.035,2.48261611271
4.04,1.95779580047
4.045,1.52253694799
4.05,1.1684739244
4.055,0.879613611898
4.06,0.643653612162
4.065,0.460593925192
4.07,0.310012569782
4.075,0.191909545931
4.08,0.094228503287
4.085,0.016969441851
4.09,-0.0440504538055
4.095,-0.0888311836825
4.1,-0.129429098131
4.105,-0.16190742969
4.11,-0.18626617836
4.115,-0.202751392106
4.12,-0.218990557885
4.125,-0.235229723665
4.13,-0.239166491127
4.135,-0.255651704872
4.14,-0.259588472334
4.145,-0.263771287762
4.15,-0.267708055224
4.155,-0.275827638114
4.16,-0.275827638114
4.165,-0.275827638114
4.17,-0.280010453542
4.175,-0.283947221003
4.18,-0.275827638114
4.185,-0.271890870652
4.19,-0.267708055224
4.195,-0.263771287762
4.2,-0.251468889444
4.205,-0.231046908237
4.21,-0.210870974995
4.215,-0.182329410898
4.22,-0.145668263911
4.225,-0.100887534034
4.23,-0.0440504538055
4.235,0.0332086076305
4.24,0.122770067384
4.245,0.236690275808
4.25,0.3749692329
4.255,0.550155384946
4.26,0.749454237695
4.265,0.997470587783
4.27,1.28657694825
4.275,1.62415475809
4.28,2.02693527902
4.285,2.49491851103
4.29,3.04016080448
4.295,3.64224017815
4.3,4.28516351424
4.305,4.94407996815
4.31,5.66426236567
4.315,5.92064434662
4.32,5.90440518084
4.325,5.89628559795
4.33,5.88398319963
4.335,5.86774403385
4.34,5.86380726639
4.345,5.85962445096
4.35,5.86380726639
4.355,5.85962445096
4.36,5.86774403385
4.365,5.87586361674
4.37,5.88816601506
4.375,5.89628559795
4.38,5.91252476373
4.385,5.92064434662
4.39,5.57888372135
4.395,4.96450194935
4.4,4.36635934314
4.405,3.79675830102
4.41,3.25151600758
4.415,2.76335684233
4.42,2.3320347573
4.425,1.95361298505
4.43,1.63227434098
4.435,1.34341402848
4.44,1.09933444585
4.445,0.891916010216
4.45,0.70861027528
4.455,0.554092152408
4.46,0.415813195315
4.465,0.305829754354
4.47,0.212331527138
4.475,0.130889650274
4.48,0.0698697546177
4.485,0.016969441851
4.49,-0.0317480554877
4.495,-0.0723459699366
4.5,-0.113189932352
4.505,-0.137548681021
4.51,-0.157970662229
4.515,-0.17002701258
4.52,-0.190448993788
4.525,-0.202751392106
4.53,-0.210870974995
4.535,-0.222927325347
4.54,-0.231046908237
4.545,-0.235229723665
4.55,-0.235229723665
4.555,-0.239166491127
4.56,-0.243349306555
4.565,-0.243349306555
4.57,-0.243349306555
4.575,-0.243349306555
4.58,-0.243349306555
4.585,-0.239166491127
4.59,-0.235229723665
4.595,-0.235229723665
4.6,-0.231046908237
4.605,-0.218990557885
4.61,-0.210870974995
4.615,-0.202751392106
4.62,-0.18626617836
4.625,-0.17002701258
4.63,-0.145668263911
4.635,-0.113189932352
4.64,-0.0807116007927
4.645,-0.0359308709158
4.65,0.021152257279
4.655,0.0902917358253
4.66,0.171733612689
4.665,0.277534238223
4.67,0.403510796998
4.675,0.550155384946
4.68,0.729032256488
4.685,0.952935905872
4.69,1.20513507139
4.695,1.50605173424
4.7,1.85617799037
4.705,2.27101486165
4.71,2.75523725944
4.715,3.30047955288
4.72,3.90255892656
4.725,4.52924309687
4.73,5.18422278331
4.735,5.8271461194
4.74,5.92064434662
4.745,5.90440518084
4.75,5.89210278252
4.755,5.88004643217
4.76,5.87192684928
4.765,5.86774403385
4.77,5.86774403385
4.775,5.86774403385
4.78,5.88004643217
4.785,5.88816601506
4.79,5.89628559795
4.795,5.90440518084
4.8,5.92064434662
4.805,5.64802319989
4.81,4.99304351345
4.815,4.36242257568
4.82,3.7399212208
4.825,3.14989819747
4.83,2.62089506981
4.835,2.15315788576
4.84,1.74225778195
4.845,1.40049715668
4.85,1.10327121332
4.855,0.847135280339
4.86,0.627414446382
4.865,0.448291526875
4.87,0.289590588574
4.875,0.159431214372
4.88,0.0578134042662
4.885,-0.027811288026
4.89,-0.0927679511442
4.895,-0.141731496449
4.9,-0.182329410898
4.905,-0.206688159567
4.91,-0.227110140775
4.915,-0.243349306555
4.92,-0.255651704872
4.925,-0.259588472334
4.93,-0.263771287762
4.935,-0.267708055224
4.94,-0.271890870652
4.945,-0.271890870652
4.95,-0.267708055224
4.955,-0.267708055224
4.96,-0.259588472334
4.965,-0.243349306555
4.97,-0.231046908237
4.975,-0.202751392106
4.98,-0.166090245119
4.985,-0.105070349462
4.99,-0.0155088897081
4.995,0.106530901605
5,0.289590588574
5.005,0.54178975409
5.01,0.88355037936
5.015,1.3271748627
5.02,1.9130150706
5.025,2.66173903222
5.03,3.5812202825
5.035,4.60650215831
5.04,5.6684451811
5.045,5.91252476373
5.05,5.89628559795
5.055,5.88004643217
5.06,5.86774403385
5.065,5.87586361674
5.07,5.88398319963
5.075,5.90440518084
5.08,5.86380726639
5.085,5.02158507755
5.09,3.97588122053
5.095,3.00349965749
5.1,2.2018753831
5.105,1.57125444533
5.11,1.07497569719
5.115,0.712793090708
5.12,0.436235176523
5.125,0.240873091236
5.13,0.094228503287
5.135,-0.0113260742801
5.14,-0.0888311836825
5.145,-0.145668263911
5.15,-0.18626617836
5.155,-0.210870974995
5.16,-0.239166491127
5.165,-0.243349306555
5.17,-0.259588472334
5.175,-0.267708055224
5.18,-0.271890870652
5.185,-0.271890870652
5.19,-0.271890870652
5.195,-0.271890870652
5.2,-0.263771287762
5.205,-0.243349306555
5.21,-0.214807742457
5.215,-0.17002701258
5.22,-0.109007116924
5.225,-0.00738930681837
5.23,0.139009233164
5.235,0.338554133879
5.24,0.623231630954
5.245,1.01395580153
5.25,1.54271288123
5.255,2.24247329755
5.26,3.14989819747
5.265,4.22414361859
5.27,5.42830236594
5.275,5.91252476373
5.28,5.88816601506
5.285,5.87192684928
5.29,5.85962445096
5.295,5.85962445096
5.3,5.87192684928
5.305,5.88816601506
5.31,5.9083419483
5.315,5.6194816358
5.32,4.53317986433
5.325,3.48772205528
5.33,2.58447997078
5.335,1.86823434072
5.34,1.31093569692
5.345,0.887733194788
5.35,0.570331318188
5.355,0.334371318451
5.36,0.1636140298
5.365,0.0415742384866
5.37,-0.0479872212672
5.375,-0.117126699814
5.38,-0.16190742969
5.385,-0.194631809216
5.39,-0.210870974995
5.395,-0.231046908237
5.4,-0.239166491127
5.405,-0.243349306555
5.41,-0.243349306555
5.415,-0.243349306555
5.42,-0.243349306555
5.425,-0.243349306555
5.43,-0.227110140775
5.435,-0.214807742457
5.44,-0.198568576678
5.445,-0.166090245119
5.45,-0.121309515242
5.455,-0.0602896195851
5.46,0.0250890247407
5.465,0.151311631482
5.47,0.318132152672
5.475,0.545972569518
5.48,0.855254863229
5.485,1.25803538415
5.49,1.79097527928
5.495,2.47449652982
5.5,3.32483830155
5.505,4.29328309713
5.51,5.31856497294
5.515,5.91252476373
5.52,5.90022236541
5.525,5.88816601506
5.53,5.87586361674
5.535,5.87192684928
5.54,5.87192684928
5.545,5.88398319963
5.55,5.89628559795
5.555,5.9083419483
5.56,5.58700330424
5.565,4.65128288818
5.57,3.75616038658
5.575,2.93829694641
5.58,2.26289527876
5.585,1.71371621785
5.59,1.27427454993
5.595,0.920211526347
5.6,0.643653612162
5.605,0.423932778205
5.61,0.252929441587
5.615,0.118833299923
5.62,0.016969441851
5.625,-0.0521700366953
5.63,-0.113189932352
5.635,-0.157970662229
5.64,-0.194631809216
5.645,-0.218990557885
5.65,-0.239166491127
5.655,-0.251468889444
5.66,-0.263771287762
5.665,-0.267708055224
5.67,-0.275827638114
5.675,-0.280010453542
5.68,-0.283947221003
5.685,-0.283947221003
5.69,-0.283947221003
5.695,-0.283947221003
5.7,-0.288130036432
5.705,-0.280010453542
5.71,-0.280010453542
5.715,-0.275827638114
5.72,-0.271890870652
5.725,-0.263771287762
5.73,-0.247532121983
5.735,-0.239166491127
5.74,-0.218990557885
5.745,-0.194631809216
5.75,-0.157970662229
5.755,-0.117126699814
5.76,-0.0602896195851
5.765,0.016969441851
5.77,0.114650484495
5.775,0.232753508346
5.78,0.379152048328
5.785,0.570331318188
5.79,0.802354550462
5.795,1.07891246465
5.8,1.40861673957
5.805,1.80721444506
5.81,2.27519767707
5.815,2.82043997052
5.82,3.43482174251
5.825,4.11022341016
5.83,4.79768142816
5.835,5.53016622401
5.84,5.92064434662
5.845,5.91252476373
5.85,5.90022236541
5.855,5.88816601506
5.86,5.87192684928
5.865,5.87192684928
5.87,5.87192684928
5.875,5.87192684928
5.88,5.87586361674
5.885,5.88398319963
5.89,5.89210278252
5.895,5.90440518084
5.9,5.91252476373
5.905,5.91670757916
5.91,5.51786382569
5.915,4.92784080237
5.92,4.36242257568
5.925,3.80906069934
5.93,3.29235996999
5.935,2.81232038763
5.94,2.3891178855
5.945,2.01881569613
5.95,1.70559663496
5.955,1.42485590534
5.96,1.18077632272
5.965,0.969175071652
5.97,0.790052152144
5.975,0.627414446382
5.98,0.49725507218
5.985,0.383334863756
5.99,0.285653821113
5.995,0.20002912882
6,0.130889650274
6.005,0.065932987156
6.01,0.016969441851
6.015,-0.027811288026
6.02,-0.0684092024749
6.025,-0.100887534034
6.03,-0.125246282703
6.035,-0.149851079339
6.04,-0.174209828008
6.045,-0.18626617836
6.05,-0.198568576678
6.055,-0.214807742457
6.06,-0.227110140775
6.065,-0.231046908237
6.07,-0.239166491127
6.075,-0.247532121983
6.08,-0.259588472334
6.085,-0.259588472334
6.09,-0.263771287762
6.095,-0.263771287762
6.1,-0.271890870652
6.105,-0.271890870652
6.11,-0.271890870652
6.115,-0.275827638114
6.12,-0.280010453542
6.125,-0.280010453542
6.13,-0.280010453542
6.135,-0.275827638114
6.14,-0.275827638114
6.145,-0.271890870652
6.15,-0.271890870652
6.155,-0.263771287762
6.16,-0.255651704872
6.165,-0.243349306555
6.17,-0.227110140775
6.175,-0.210870974995
6.18,-0.194631809216
6.185,-0.16190742969
6.19,-0.133611913559
6.195,-0.0969507665723
6.2,-0.0521700366953
6.205,0.000730276071408
6.21,0.0698697546177
6.215,0.151311631482
6.22,0.240873091236
6.225,0.350610484231
6.23,0.480769858434
6.235,0.627414446382
6.24,0.806291317924
6.245,1.0097729861
6.25,1.24991580127
6.255,1.51835413256
6.26,1.82763642627
6.265,2.18145340189
6.27,2.58029715536
6.275,3.02785840616
6.28,3.52831996973
6.285,4.06125986486
6.29,4.60650215831
6.295,5.18003996788
6.3,5.77424580664
6.305,5.92064434662
6.31,5.91252476373
6.315,5.89628559795
6.32,5.88816601506
6.325,5.87586361674
6.33,5.87192684928
6.335,5.87192684928
6.34,5.86774403385
6.345,5.86380726639
6.35,5.87192684928
6.355,5.87192684928
6.36,5.88004643217
6.365,5.88398319963
6.37,5.89628559795
6.375,5.9083419483
6.38,5.91670757916
6.385,5.81484372108
6.39,5.26960142764
6.395,4.71230278384
6.4,4.15475809207
6.405,3.61369861406
6.41,3.10118070013
6.415,2.63319746812
6.42,2.21811454888
6.425,1.85617799037
6.43,1.53459329834
6.435,1.24573298584
6.44,1.00165340321
6.445,0.794234967572
6.45,0.606992465175
6.455,0.452474342303
6.46,0.3223149681
6.465,0.212331527138
6.47,0.114650484495
6.475,0.0292718401688
6.48,-0.0398676383775
6.485,-0.0969507665723
6.49,-0.137548681021
6.495,-0.17002701258
6.5,-0.190448993788
6.505,-0.206688159567
6.51,-0.218990557885
6.515,-0.222927325347
6.52,-0.231046908237
6.525,-0.231046908237
6.53,-0.231046908237
6.535,-0.235229723665
6.54,-0.235229723665
6.545,-0.222927325347
6.55,-0.218990557885
6.555,-0.202751392106
6.56,-0.17814659547
6.565,-0.133611913559
6.57,-0.0723459699366
6.575,0.0130326743893
6.58,0.130889650274
6.585,0.293773404002
6.59,0.513494237959
6.595,0.818593716242
6.6,1.21325465428
6.605,1.74225778195
6.61,2.40929381874
6.615,3.24339642469
6.62,4.21996080316
6.625,5.27378424307
6.63,5.91670757916
6.635,5.90022236541
6.64,5.88004643217
6.645,5.88004643217
6.65,5.87586361674
6.655,5.87586361674
6.66,5.88816601506
6.665,5.91670757916
6.67,5.59930570256
6.675,4.57796059421
6.68,3.56891788418
6.685,2.68191496546
6.69,1.95361298505
6.695,1.37589236004
6.7,0.936450692127
6.705,0.602809649747
6.71,0.350610484231
6.715,0.167550797261
6.72,0.0373914230586
6.725,-0.0602896195851
6.73,-0.129429098131
6.735,-0.182329410898
6.74,-0.218990557885
6.745,-0.239166491127
6.75,-0.251468889444
6.755,-0.263771287762
6.76,-0.267708055224
6.765,-0.271890870652
6.77,-0.271890870652
6.775,-0.271890870652
6.78,-0.267708055224
6.785,-0.263771287762
6.79,-0.255651704872
6.795,-0.243349306555
6.8,-0.214807742457
6.805,-0.17814659547
6.81,-0.121309515242
6.815,-0.0479872212672
6.82,0.065932987156
6.825,0.228570692918
6.83,0.460593925192
6.835,0.777995801793
6.84,1.22137423717
6.845,1.81139726049
6.85,2.58447997078
6.855,3.54874195094
6.86,4.63898048986
6.865,5.72134549387
6.87,5.91252476373
6.875,5.89210278252
6.88,5.87586361674
6.885,5.86774403385
6.89,5.87586361674
6.895,5.88816601506
6.9,5.90022236541
6.905,5.71322591098
6.91,4.67145882142
6.915,3.61788142948
6.92,2.68609778089
6.925,1.93737381927
6.93,1.36383600969
6.935,0.920211526347
6.94,0.590753299395
6.945,0.346673716769
6.95,0.167550797261
6.955,0.0415742384866
6.96,-0.0521700366953
6.965,-0.113189932352
6.97,-0.16190742969
6.975,-0.194631809216
6.98,-0.222927325347
6.985,-0.235229723665
6.99,-0.247532121983
6.995,-0.259588472334
7,-0.263771287762
7.005,-0.263771287762
7.01,-0.267708055224
7.015,-0.267708055224
7.02,-0.263771287762
7.025,-0.251468889444
7.03,-0.231046908237
7.035,-0.202751392106
7.04,-0.149851079339
7.045,-0.0723459699366
7.05,0.0332086076305
7.055,0.191909545931
7.06,0.415813195315
7.065,0.729032256488
7.07,1.1399323603
7.075,1.68517465375
7.08,2.40535705128
7.085,3.30441632034
7.09,4.37054215857
7.095,5.5097442428
7.1,5.91670757916
7.105,5.89210278252
7.11,5.87586361674
7.115,5.86774403385
7.12,5.85962445096
7.125,5.86380726639
7.13,5.88004643217
7.135,5.89628559795
7.14,5.91670757916
7.145,5.38352163606
7.15,4.4273792388
7.155,3.53225673719
7.16,2.74293486112
7.165,2.10419434046
7.17,1.595613194
7.175,1.18889590561
7.18,0.86731121358
7.185,0.619294863493
7.19,0.423932778205
7.195,0.265231839905
7.2,0.143192048592
7.205,0.0578134042662
7.21,-0.0196917051362
7.215,-0.0765287853646
7.22,-0.121309515242
7.225,-0.153787846801
7.23,-0.17814659547
7.235,-0.198568576678
7.24,-0.218990557885
7.245,-0.222927325347
7.25,-0.231046908237
7.255,-0.239166491127
7.26,-0.243349306555
7.265,-0.247532121983
7.27,-0.247532121983
7.275,-0.251468889444
7.28,-0.251468889444
7.285,-0.243349306555
7.29,-0.243349306555
7.295,-0.239166491127
7.3,-0.235229723665
7.305,-0.227110140775
7.31,-0.210870974995
7.315,-0.194631809216
7.32,-0.174209828008
7.325,-0.141731496449
7.33,-0.109007116924
7.335,-0.056106804157
7.34,0.000730276071408
7.345,0.0861089203972
7.35,0.179853195579
7.355,0.297710171464
7.36,0.448291526875
7.365,0.631351213844
7.37,0.855254863229
7.375,1.12369319452
7.38,1.44921465401
7.385,1.83575600916
7.39,2.29537361032
7.395,2.8366791363
7.4,3.44687809287
7.405,4.12227976052
7.41,4.81810340937
7.415,5.56264455557
7.42,5.91670757916
7.425,5.91252476373
7.43,5.89210278252
7.435,5.88398319963
7.44,5.88004643217
7.445,5.87192684928
7.45,5.86774403385
7.455,5.87192684928
7.46,5.87586361674
7.465,5.88004643217
7.47,5.89210278252
7.475,5.90440518084
7.48,5.91252476373
7.485,5.79048497241
7.49,5.16798361753
7.495,4.54129944722
7.5,3.91879809234
7.505,3.32483830155
7.51,2.78377882353
7.515,2.30767600863
7.52,1.89677590482
7.525,1.54689569666
7.53,1.24179621838
7.535,0.977294654542
7.54,0.761510588047
7.545,0.578450901077
7.55,0.423932778205
7.555,0.297710171464
7.56,0.187972778469
7.565,0.102594134143
7.57,0.0373914230586
7.575,-0.0317480554877
7.58,-0.0807116007927
7.585,-0.117126699814
7.59,-0.149851079339
7.595,-0.174209828008
7.6,-0.202751392106
7.605,-0.214807742457
7.61,-0.227110140775
7.615,-0.243349306555
7.62,-0.251468889444
7.625,-0.259588472334
7.63,-0.263771287762
7.635,-0.267708055224
7.64,-0.271890870652
7.645,-0.271890870652
7.65,-0.280010453542
7.655,-0.275827638114
7.66,-0.280010453542
7.665,-0.275827638114
7.67,-0.275827638114
7.675,-0.280010453542
7.68,-0.280010453542
7.685,-0.275827638114
7.69,-0.275827638114
7.695,-0.267708055224
7.7,-0.267708055224
7.705,-0.259588472334
7.71,-0.255651704872
7.715,-0.243349306555
7.72,-0.235229723665
7.725,-0.218990557885
7.73,-0.194631809216
7.735,-0.17002701258
7.74,-0.137548681021
7.745,-0.0927679511442
7.75,-0.0398676383775
7.755,0.021152257279
7.76,0.0984113187151
7.765,0.191909545931
7.77,0.305829754354
7.775,0.432052361095
7.78,0.586570483967
7.785,0.773812986365
7.79,0.993533820321
7.795,1.24573298584
7.8,1.54271288123
7.805,1.89259308939
7.81,2.28725402743
7.815,2.74293486112
7.82,3.25569882301
7.825,3.8129974668
7.83,4.40720330556
7.835,5.00116309634
7.84,5.65614278278
7.845,5.92064434662
7.85,5.91252476373
7.855,5.89628559795
7.86,5.88816601506
7.865,5.88398319963
7.87,5.87192684928
7.875,5.87192684928
7.88,5.86774403385
7.885,5.87192684928
7.89,5.88004643217
7.895,5.88816601506
7.9,5.89210278252
7.905,5.90440518084
7.91,5.91670757916
7.915,5.80254132277
7.92,5.23294028065
7.925,4.63898048986
7.93,4.06125986486
7.935,3.49584163817
7.94,2.97495809339
7.945,2.51115767681
7.95,2.10419434046
7.955,1.74619454941
7.96,1.4369122557
7.965,1.1684739244
7.97,0.944816322983
7.975,0.745271422267
7.98,0.578450901077
7.985,0.440171943985
7.99,0.3223149681
7.995,0.220451110028
8,0.139009233164
8.005,0.0698697546177
8.01,0.00491309149947
8.015,-0.0521700366953
8.02,-0.0969507665723
8.025,-0.129429098131
8.03,-0.157970662229
8.035,-0.182329410898
8.04,-0.198568576678
8.045,-0.214807742457
8.05,-0.218990557885
8.055,-0.235229723665
8.06,-0.243349306555
8.065,-0.243349306555
8.07,-0.255651704872
8.075,-0.259588472334
8.08,-0.259588472334
8.085,-0.263771287762
8.09,-0.259588472334
8.095,-0.263771287762
8.1,-0.259588472334
8.105,-0.255651704872
8.11,-0.251468889444
8.115,-0.243349306555
8.12,-0.227110140775
8.125,-0.206688159567
8.13,-0.17814659547
8.135,-0.149851079339
8.14,-0.105070349462
8.145,-0.0398676383775
8.15,0.0415742384866
8.155,0.147128816054
8.16,0.285653821113
8.165,0.460593925192
8.17,0.676131943721
8.175,0.952935905872
8.18,1.2986332986
8.185,1.72183580074
8.19,2.23853653009
8.195,2.86103788497
8.2,3.59327663285
8.205,4.40720330556
8.21,5.26566466018
8.215,5.90022236541
8.22,5.90022236541
8.225,5.88816601506
8.23,5.88004643217
8.235,5.87192684928
8.24,5.86380726639
8.245,5.86774403385
8.25,5.86774403385
8.255,5.87586361674
8.26,5.89628559795
8.265,5.91670757916
8.27,5.81902653651
8.275,5.09884413899
8.28,4.32576142869
8.285,3.57703746707
8.29,2.88957944907
8.295,2.28331725996
8.3,1.7747361135
8.305,1.3557164268
8.31,1.01395580153
8.315,0.737151839377
8.32,0.509311422531
8.325,0.334371318451
8.33,0.196092361359
8.335,0.0821721529355
8.34,0.000730276071408
8.345,-0.0642263870468
8.35,-0.121309515242
8.355,-0.157970662229
8.36,-0.182329410898
8.365,-0.202751392106
8.37,-0.210870974995
8.375,-0.227110140775
8.38,-0.231046908237
8.385,-0.235229723665
8.39,-0.235229723665
8.395,-0.235229723665
8.4,-0.231046908237
8.405,-0.222927325347
8.41,-0.210870974995
8.415,-0.18626617836
8.42,-0.157970662229
8.425,-0.105070349462
8.43,-0.0317480554877
8.435,0.0698697546177
8.44,0.216514342566
8.445,0.411630379887
8.45,0.688434342039
8.455,1.05455371598
8.46,1.54271288123
8.465,2.17751663443
8.47,2.99119725917
8.475,3.95964205475
8.48,5.01740226212
8.485,5.87192684928
8.49,5.9083419483
8.495,5.88816601506
8.5,5.87586361674
8.505,5.87192684928
8.51,5.88004643217
8.515,5.89210278252
8.52,5.91252476373
8.525,5.58700330424
8.53,4.53736267976
8.535,3.50396122106
8.54,2.60071913656
8.545,1.86823434072
8.55,1.2986332986
8.555,0.85919163069
8.56,0.5336701712
8.565,0.293773404002
8.57,0.118833299923
8.575,-0.00738930681837
8.58,-0.0969507665723
8.585,-0.153787846801
8.59,-0.198568576678
8.595,-0.231046908237
8.6,-0.247532121983
8.605,-0.263771287762
8.61,-0.271890870652
8.615,-0.271890870652
8.62,-0.280010453542
8.625,-0.280010453542
8.63,-0.275827638114
8.635,-0.280010453542
8.64,-0.271890870652
8.645,-0.259588472334
8.65,-0.243349306555
8.655,-0.222927325347
8.66,-0.182329410898
8.665,-0.121309515242
8.67,-0.0359308709158
8.675,0.0861089203972
8.68,0.261049024477
8.685,0.505374655069
8.69,0.842952464911
8.695,1.29469653114
8.7,1.89259308939
8.705,2.66567579968
8.71,3.60976184659
8.715,4.65940247107
8.72,5.72134549387
8.725,5.91252476373
8.73,5.89210278252
8.735,5.87586361674
8.74,5.87586361674
8.745,5.87192684928
8.75,5.88816601506
8.755,5.90022236541
8.76,5.85544163553
8.765,4.99304351345
8.77,3.95545923933
8.775,2.99931684206
8.78,2.20999496599
8.785,1.58749361111
8.79,1.10745402874
8.795,0.737151839377
8.8,0.464530692654
8.805,0.261049024477
8.81,0.114650484495
8.815,0.00491309149947
8.82,-0.0765287853646
8.825,-0.129429098131
8.83,-0.174209828008
8.835,-0.198568576678
8.84,-0.227110140775
8.845,-0.239166491127
8.85,-0.247532121983
8.855,-0.259588472334
8.86,-0.267708055224
8.865,-0.267708055224
8.87,-0.267708055224
8.875,-0.271890870652
8.88,-0.267708055224
8.885,-0.263771287762
8.89,-0.243349306555
8.895,-0.218990557885
8.9,-0.17814659547
8.905,-0.121309515242
8.91,-0.0398676383775
8.915,0.0861089203972
8.92,0.252929441587
8.925,0.501191839641
8.93,0.818593716242
8.935,1.24573298584
8.94,1.81533402795
8.945,2.54363600837
8.95,3.45918049118
8.955,4.48446236699
8.96,5.58306653678
8.965,5.91252476373
8.97,5.89210278252
8.975,5.87586361674
8.98,5.86774403385
8.985,5.85962445096
8.99,5.86774403385
8.995,5.87192684928
9,5.88816601506
9.005,5.9083419483
9.01,5.85962445096
9.015,5.11090048934
9.02,4.2686783005
9.025,3.48772205528
9.03,2.80001798931
9.035,2.24247329755
9.04,1.78285569639
9.045,1.41255350703
9.05,1.10745402874
9.055,0.863374446119
9.06,0.664075593369
9.065,0.49725507218
9.07,0.36684965001
9.075,0.252929441587
9.08,0.1636140298
9.085,0.094228503287
9.09,0.0292718401688
9.095,-0.0196917051362
9.1,-0.0602896195851
9.105,-0.0969507665723
9.11,-0.125246282703
9.115,-0.145668263911
9.12,-0.17002701258
9.125,-0.18626617836
9.13,-0.198568576678
9.135,-0.210870974995
9.14,-0.214807742457
9.145,-0.227110140775
9.15,-0.231046908237
9.155,-0.235229723665
9.16,-0.243349306555
9.165,-0.243349306555
9.17,-0.243349306555
9.175,-0.243349306555
9.18,-0.243349306555
9.185,-0.251468889444
9.19,-0.251468889444
9.195,-0.251468889444
9.2,-0.247532121983
9.205,-0.243349306555
9.21,-0.243349306555
9.215,-0.239166491127
9.22,-0.235229723665
9.225,-0.231046908237
9.23,-0.214807742457
9.235,-0.210870974995
9.24,-0.202751392106
9.245,-0.18626617836
9.25,-0.174209828008
9.255,-0.149851079339
9.26,-0.125246282703
9.265,-0.0969507665723
9.27,-0.0602896195851
9.275,-0.0236284725979
9.28,0.0250890247407
9.285,0.0821721529355
9.29,0.147128816054
9.295,0.224633925456
9.3,0.3223149681
9.305,0.423932778205
9.31,0.545972569518
9.315,0.684251526611
9.32,0.851072047801
9.325,1.03413173477
9.33,1.24179621838
9.335,1.485875801
9.34,1.75037736484
9.345,2.06753319347
9.35,2.41347663417
9.355,2.79583517389
9.36,3.22322049145
9.365,3.68702090803
9.37,4.17124330582
9.375,4.65940247107
9.38,5.17610320042
9.385,5.73340184422
9.39,5.92482716205
9.395,5.91670757916
9.4,5.89628559795
9.405,5.89210278252
9.41,5.88398319963
9.415,5.88004643217
9.42,5.87192684928
9.425,5.86774403385
9.43,5.86774403385
9.435,5.87192684928
9.44,5.86774403385
9.445,5.87586361674
9.45,5.88398319963
9.455,5.88816601506
9.46,5.90022236541
9.465,5.91252476373
9.47,5.91670757916
9.475,5.87192684928
9.48,5.43248518137
9.485,4.94407996815
9.49,4.46404038578
9.495,3.98400080342
9.5,3.52020038684
9.505,3.08469548639
9.51,2.677978198
9.515,2.31579559152
9.52,1.99027413203
9.525,1.69747705207
9.53,1.44109507112
9.535,1.20095225596
9.54,0.997470587783
9.545,0.814410900814
9.55,0.655709962513
9.555,0.513494237959
9.56,0.391454446646
9.565,0.289590588574
9.57,0.20002912882
9.575,0.118833299923
9.58,0.0578134042662
9.585,-0.0032064913903
9.59,-0.0479872212672
9.595,-0.0888311836825
9.6,-0.125246282703
9.605,-0.149851079339
9.61,-0.174209828008
9.615,-0.194631809216
9.62,-0.214807742457
9.625,-0.222927325347
9.63,-0.235229723665
9.635,-0.251468889444
9.64,-0.255651704872
9.645,-0.263771287762
9.65,-0.263771287762
9.655,-0.267708055224
9.66,-0.271890870652
9.665,-0.267708055224
9.67,-0.267708055224
9.675,-0.271890870652
9.68,-0.267708055224
9.685,-0.267708055224
9.69,-0.267708055224
9.695,-0.263771287762
9.7,-0.251468889444
9.705,-0.243349306555
9.71,-0.239166491127
9.715,-0.227110140775
9.72,-0.206688159567
9.725,-0.174209828008
9.73,-0.137548681021
9.735,-0.0927679511442
9.74,-0.0317480554877
9.745,0.0496938213764
9.75,0.15549444691
9.755,0.285653821113
9.76,0.464530692654
9.765,0.692371109501
9.77,0.964992256224
9.775,1.29051371571
9.78,1.68517465375
9.785,2.16939705154
9.79,2.73087851077
9.795,3.38192142975
9.8,4.11022341016
9.805,4.86682090671
9.81,5.65614278278
9.815,5.92064434662
9.82,5.90022236541
9.825,5.89210278252
9.83,5.87586361674
9.835,5.87586361674
9.84,5.87192684928
9.845,5.87586361674
9.85,5.88004643217
9.855,5.89628559795
9.86,5.9083419483
9.865,5.89210278252
9.87,5.28584059342
9.875,4.50882111566
9.88,3.75616038658
9.885,3.04016080448
9.89,2.41765944959
9.895,1.89259308939
9.9,1.46151705233
9.905,1.11557361163
9.91,0.818593716242
9.915,0.586570483967
9.92,0.403510796998
9.925,0.261049024477
9.93,0.143192048592
9.935,0.0415742384866
9.94,-0.0359308709158
9.945,-0.0969507665723
9.95,-0.141731496449
9.955,-0.17814659547
9.96,-0.206688159567
9.965,-0.222927325347
9.97,-0.239166491127
9.975,-0.247532121983
9.98,-0.255651704872
9.985,-0.263771287762
9.99,-0.263771287762
9.995,-0.267708055224
10,-0.271890870652
10.005,-0.267708055224
10.01,-0.259588472334
10.015,-0.255651704872
10.02,-0.243349306555
10.025,-0.214807742457
10.03,-0.17814659547
10.035,-0.133611913559
10.04,-0.0602896195851
10.045,0.0455110059484
10.05,0.187972778469
10.055,0.3749692329
10.06,0.643653612162
10.065,0.993533820321
10.07,1.4573342369
10.075,2.05941361058
10.08,2.82043997052
10.085,3.76009715404
10.09,4.77725944696
10.095,5.7781825741
10.1,5.91252476373
10.105,5.89210278252
10.11,5.87586361674
10.115,5.86380726639
10.12,5.85962445096
10.125,5.86774403385
10.13,5.88398319963
10.135,5.90440518084
10.14,5.87192684928
10.145,5.05406340911
10.15,4.04895746654
10.155,3.1255394488
10.16,2.34433715562
10.165,1.72183580074
10.17,1.23761340295
10.175,0.85919163069
10.18,0.570331318188
10.185,0.354793299659
10.19,0.187972778469
10.195,0.0617501717279
10.2,-0.027811288026
10.205,-0.0927679511442
10.21,-0.145668263911
10.215,-0.17814659547
10.22,-0.202751392106
10.225,-0.218990557885
10.23,-0.227110140775
10.235,-0.239166491127
10.24,-0.243349306555
10.245,-0.235229723665
10.25,-0.239166491127
10.255,-0.239166491127
10.26,-0.231046908237
10.265,-0.218990557885
10.27,-0.198568576678
10.275,-0.174209828008
10.28,-0.133611913559
10.285,-0.0765287853646
10.29,-0.00738930681837
10.295,0.094228503287
10.3,0.236690275808
10.305,0.427869545667
10.31,0.688434342039
10.315,1.03413173477
10.32,1.49399538389
10.325,2.08401840721
10.33,2.84873548665
10.335,3.78470195067
10.34,4.83015975972
10.345,5.81090695362
10.35,5.91252476373
10.355,5.89210278252
10.36,5.87192684928
10.365,5.87192684928
10.37,5.86774403385
10.375,5.88004643217
10.38,5.90022236541
10.385,5.91670757916
10.39,5.39582403438
10.395,4.38259850892
10.4,3.41021694588
10.405,2.56405798958
10.41,1.87635392361
10.415,1.33529444559
10.42,0.916274758885
10.425,0.598872882285
10.43,0.358730067121
10.435,0.175670380151
10.44,0.0415742384866
10.445,-0.0521700366953
10.45,-0.125246282703
10.455,-0.174209828008
10.46,-0.210870974995
10.465,-0.235229723665
10.47,-0.255651704872
10.475,-0.267708055224
10.48,-0.271890870652
10.485,-0.275827638114
10.49,-0.283947221003
10.495,-0.283947221003
10.5,-0.283947221003
10.505,-0.280010453542
10.51,-0.275827638114
10.515,-0.267708055224
10.52,-0.259588472334
10.525,-0.243349306555
10.53,-0.218990557885
10.535,-0.182329410898
10.54,-0.121309515242
10.545,-0.0479872212672
10.55,0.065932987156
10.555,0.220451110028
10.56,0.427869545667
10.565,0.712793090708
10.57,1.07497569719
10.575,1.53877611377
10.58,2.13273590455
10.585,2.87334028329
10.59,3.75616038658
10.595,4.70000038552
10.6,5.67656476399
10.605,5.91252476373
10.61,5.89628559795
10.615,5.88398319963
10.62,5.87192684928
10.625,5.86774403385
10.63,5.87586361674
10.635,5.88816601506
10.64,5.90440518084
10.645,5.92064434662
10.65,5.36728247028
10.655,4.46822320121
10.66,3.61788142948
10.665,2.84479871919
10.67,2.2018753831
10.675,1.67705507086
10.68,1.24991580127
10.685,0.916274758885
10.69,0.647590379624
10.695,0.436235176523
10.7,0.277534238223
10.705,0.143192048592
10.71,0.0455110059484
10.715,-0.027811288026
10.72,-0.0888311836825
10.725,-0.129429098131
10.73,-0.166090245119
10.735,-0.194631809216
10.74,-0.210870974995
10.745,-0.227110140775
10.75,-0.243349306555
10.755,-0.251468889444
10.76,-0.259588472334
10.765,-0.267708055224
10.77,-0.271890870652
10.775,-0.280010453542
10.78,-0.280010453542
10.785,-0.275827638114
10.79,-0.280010453542
10.795,-0.275827638114
10.8,-0.275827638114
10.805,-0.263771287762
10.81,-0.251468889444
10.815,-0.231046908237
10.82,-0.202751392106
10.825,-0.16190742969
10.83,-0.105070349462
10.835,-0.0359308709158
10.84,0.0617501717279
10.845,0.187972778469
10.85,0.346673716769
10.855,0.558274967836
10.86,0.818593716242
10.865,1.14411517573
10.87,1.54689569666
10.875,2.03505486191
10.88,2.62507788523
10.885,3.32090153409
10.89,4.09792101185
10.895,4.89536247081
10.9,5.71716267844
10.905,5.91670757916
10.91,5.90440518084
10.915,5.88398319963
10.92,5.87192684928
10.925,5.86380726639
10.93,5.86380726639
10.935,5.86380726639
10.94,5.86380726639
10.945,5.87586361674
10.95,5.88398319963
10.955,5.89628559795
10.96,5.9083419483
10.965,5.91670757916
10.97,5.46496351292
10.975,4.81810340937
10.98,4.20372163738
10.985,3.61788142948
10.99,3.0765759035
10.995,2.59653632114
11,2.18145340189
11.005,1.82345361084
11.01,1.51023454967
11.015,1.23761340295
11.02,1.00583621864
11.025,0.814410900814
11.03,0.643653612162
11.035,0.501191839641
11.04,0.379152048328
11.045,0.281471005685
11.05,0.191909545931
11.055,0.114650484495
11.06,0.0578134042662
11.065,0.00491309149947
11.07,-0.0398676383775
11.075,-0.0765287853646
11.08,-0.109007116924
11.085,-0.133611913559
11.09,-0.153787846801
11.095,-0.174209828008
11.1,-0.190448993788
11.105,-0.202751392106
11.11,-0.210870974995
11.115,-0.218990557885
11.12,-0.227110140775
11.125,-0.227110140775
11.13,-0.235229723665
11.135,-0.243349306555
11.14,-0.243349306555
11.145,-0.243349306555
11.15,-0.243349306555
11.155,-0.247532121983
11.16,-0.247532121983
11.165,-0.243349306555
11.17,-0.251468889444
11.175,-0.243349306555
11.18,-0.243349306555
11.185,-0.243349306555
11.19,-0.239166491127
11.195,-0.231046908237
11.2,-0.227110140775
11.205,-0.222927325347
11.21,-0.206688159567
11.215,-0.198568576678
11.22,-0.182329410898
11.225,-0.16190742969
11.23,-0.137548681021
11.235,-0.117126699814
11.24,-0.0807116007927
11.245,-0.0398676383775
11.25,0.00884985896118
11.255,0.0536305888381
11.26,0.118833299923
11.265,0.191909545931
11.27,0.281471005685
11.275,0.379152048328
11.28,0.505374655069
11.285,0.647590379624
11.29,0.810474133352
11.295,1.00165340321
11.3,1.21719142174
11.305,1.47775621811
11.31,1.76661653061
11.315,2.09607475757
11.32,2.47055976236
11.325,2.90581861485
11.33,3.38192142975
11.335,3.89050257621
11.34,4.42344247134
11.345,4.96450194935
11.35,5.56264455557
11.355,5.92064434662
11.36,5.91252476373
11.365,5.9083419483
11.37,5.89210278252
11.375,5.88816601506
11.38,5.88004643217
11.385,5.87192684928
11.39,5.86774403385
11.395,5.86774403385
11.4,5.87586361674
11.405,5.87586361674
11.41,5.88398319963
11.415,5.89210278252
11.42,5.90440518084
11.425,5.9083419483
11.43,5.92482716205
11.435,5.67656476399
11.44,5.11902007223
11.445,4.57402382675
11.45,4.04502069908
11.455,3.52020038684
11.46,3.04016080448
11.465,2.59653632114
11.47,2.19375580021
11.475,1.83575600916
11.48,1.52253694799
11.485,1.24573298584
11.49,1.00165340321
11.495,0.794234967572
11.5,0.615112048064
11.505,0.456411109764
11.51,0.318132152672
11.515,0.20002912882
11.52,0.0984113187151
11.525,0.021152257279
11.53,-0.0479872212672
11.535,-0.105070349462
11.54,-0.145668263911
11.545,-0.17814659547
11.55,-0.206688159567
11.555,-0.227110140775
11.56,-0.239166491127
11.565,-0.247532121983
11.57,-0.259588472334
11.575,-0.267708055224
11.58,-0.271890870652
11.585,-0.267708055224
11.59,-0.267708055224
11.595,-0.263771287762
11.6,-0.263771287762
11.605,-0.255651704872
11.61,-0.251468889444
11.615,-0.235229723665
11.62,-0.214807742457
11.625,-0.182329410898
11.63,-0.141731496449
11.635,-0.0765287853646
11.64,0.0130326743893
11.645,0.139009233164
11.65,0.313949337244
11.655,0.554092152408
11.66,0.879613611898
11.665,1.30675288149
11.67,1.86823434072
11.675,2.59259955367
11.68,3.50396122106
11.685,4.50882111566
11.69,5.57888372135
11.695,5.91252476373
11.7,5.89628559795
11.705,5.88398319963
11.71,5.87586361674
11.715,5.87586361674
11.72,5.87586361674
11.725,5.89628559795
11.73,5.91252476373
11.735,5.57470090592
11.74,4.54941903011
11.745,3.56079830129
11.75,2.68191496546
11.755,1.97009819879
11.76,1.42067308992
11.765,0.981231422003
11.77,0.655709962513
11.775,0.411630379887
11.78,0.224633925456
11.785,0.0861089203972
11.79,-0.0155088897081
11.795,-0.0888311836825
11.8,-0.141731496449
11.805,-0.174209828008
11.81,-0.206688159567
11.815,-0.227110140775
11.82,-0.243349306555
11.825,-0.251468889444
11.83,-0.259588472334
11.835,-0.263771287762
11.84,-0.271890870652
11.845,-0.263771287762
11.85,-0.263771287762
11.855,-0.255651704872
11.86,-0.243349306555
11.865,-0.214807742457
11.87,-0.17814659547
11.875,-0.121309515242
11.88,-0.0317480554877
11.885,0.0861089203972
11.89,0.261049024477
11.895,0.505374655069
11.9,0.842952464911
11.905,1.30281611403
11.91,1.9130150706
11.915,2.71045652956
11.92,3.70326007381
11.925,4.80998382648
11.93,5.81902653651
11.935,5.9083419483
11.94,5.88398319963
11.945,5.87192684928
11.95,5.86774403385
11.955,5.86774403385
11.96,5.88398319963
11.965,5.90022236541
11.97,5.89628559795
11.975,5.11508330476
11.98,4.05314028197
11.985,3.06845632061
11.99,2.24247329755
11.995,1.595613194
12,1.10745402874
12.005,0.733215071916
12.01,0.448291526875
12.015,0.240873091236
12.02,0.0902917358253
12.025,-0.0113260742801
12.03,-0.0888311836825
12.035,-0.145668263911
12.04,-0.17814659547
12.045,-0.206688159567
12.05,-0.222927325347
12.055,-0.231046908237
12.06,-0.243349306555
12.065,-0.243349306555
12.07,-0.251468889444
12.075,-0.243349306555
12.08,-0.243349306555
12.085,-0.235229723665
12.09,-0.227110140775
12.095,-0.210870974995
12.1,-0.182329410898
12.105,-0.141731496449
12.11,-0.0846483682544
12.115,0.000730276071408
12.12,0.122770067384
12.125,0.289590588574
12.13,0.509311422531
12.135,0.806291317924
12.14,1.20907183885
12.145,1.7257725682
12.15,2.38099830261
12.155,3.21903767602
12.16,4.19141923906
12.165,5.2494254944
12.17,5.9083419483
12.175,5.90440518084
12.18,5.88004643217
12.185,5.87586361674
12.19,5.86774403385
12.195,5.87586361674
12.2,5.88004643217
12.205,5.90022236541
12.21,5.89210278252
12.215,5.14362486886
12.22,4.15475809207
12.225,3.21510090856
12.23,2.40929381874
12.235,1.76243371519
12.24,1.25385256873
12.245,0.85919163069
12.25,0.554092152408
12.255,0.33043455099
12.26,0.15549444691
12.265,0.0373914230586
12.27,-0.0602896195851
12.275,-0.133611913559
12.28,-0.17814659547
12.285,-0.210870974995
12.29,-0.235229723665
12.295,-0.255651704872
12.3,-0.267708055224
12.305,-0.275827638114
12.31,-0.283947221003
12.315,-0.288130036432
12.32,-0.283947221003
12.325,-0.283947221003
12.33,-0.288130036432
12.335,-0.283947221003
12.34,-0.283947221003
12.345,-0.280010453542
12.35,-0.271890870652
12.355,-0.263771287762
12.36,-0.243349306555
12.365,-0.218990557885
12.37,-0.182329410898
12.375,-0.137548681021
12.38,-0.0765287853646
12.385,0.00884985896118
12.39,0.122770067384
12.395,0.273351422795
12.4,0.472650275544
12.405,0.729032256488
12.41,1.06267329887
12.415,1.46963663522
12.42,1.99027413203
12.425,2.63319746812
12.43,3.3939777801
12.435,4.24431955183
12.44,5.14756163632
12.445,5.87192684928
12.45,5.91252476373
12.455,5.89210278252
12.46,5.87586361674
12.465,5.87192684928
12.47,5.86774403385
12.475,5.87192684928
12.48,5.87586361674
12.485,5.88816601506
12.49,5.89628559795
12.495,5.91252476373
12.5,5.8271461194
12.505,5.18840559874
12.51,4.51300393109
12.515,3.870080595
12.52,3.26800122132
12.525,2.73481527823
12.53,2.27519767707
12.535,1.88053673904
12.54,1.55501527955
12.545,1.2782113174
12.55,1.0383145502
12.555,0.834832882021
12.56,0.668012360831
12.565,0.525550588311
12.57,0.403510796998
12.575,0.297710171464
12.58,0.216514342566
12.585,0.143192048592
12.59,0.0779893375075
12.595,0.0250890247407
12.6,-0.0155088897081
12.605,-0.056106804157
12.61,-0.0888311836825
12.615,-0.121309515242
12.62,-0.137548681021
12.625,-0.157970662229
12.63,-0.17814659547
12.635,-0.198568576678
12.64,-0.206688159567
12.645,-0.214807742457
12.65,-0.227110140775
12.655,-0.235229723665
12.66,-0.243349306555
12.665,-0.243349306555
12.67,-0.251468889444
12.675,-0.259588472334
12.68,-0.259588472334
12.685,-0.259588472334
12.69,-0.263771287762
12.695,-0.267708055224
12.7,-0.271890870652
12.705,-0.271890870652
12.71,-0.271890870652
12.715,-0.275827638114
12.72,-0.275827638114
12.725,-0.271890870652
12.73,-0.271890870652
12.735,-0.275827638114
12.74,-0.271890870652
12.745,-0.267708055224
12.75,-0.263771287762
12.755,-0.255651704872
12.76,-0.243349306555
12.765,-0.227110140775
12.77,-0.206688159567
12.775,-0.18626617836
12.78,-0.157970662229
12.785,-0.121309515242
12.79,-0.0888311836825
12.795,-0.0440504538055
12.8,0.00884985896118
12.805,0.065932987156
12.81,0.135072465702
12.815,0.216514342566
12.82,0.305829754354
12.825,0.411630379887
12.83,0.54178975409
12.835,0.680314759149
12.84,0.851072047801
12.845,1.04225131766
12.85,1.25803538415
12.855,1.49793215135
12.86,1.7747361135
12.865,2.08401840721
12.87,2.43783538284
12.875,2.83249632087
12.88,3.26800122132
12.885,3.72761882248
12.89,4.21577798773
12.895,4.70418320095
12.9,5.20858153198
12.905,5.76194340832
12.91,5.92064434662
12.915,5.91252476373
12.92,5.90022236541
12.925,5.89210278252
12.93,5.88004643217
12.935,5.87586361674
12.94,5.87192684928
12.945,5.86774403385
12.95,5.86774403385
12.955,5.86774403385
12.96,5.86380726639
12.965,5.86774403385
12.97,5.87586361674
12.975,5.88398319963
12.98,5.89210278252
12.985,5.89628559795
12.99,5.91252476373
12.995,5.91670757916
13,5.79442173988
13.005,5.26960142764
13.01,4.76102028118
13.015,4.25662195015
13.02,3.76009715404
13.025,3.2842403871
13.03,2.8366791363
13.035,2.42971579995
13.04,2.06753319347
13.045,1.74225778195
13.05,1.4573342369
13.055,1.20095225596
13.06,0.977294654542
13.065,0.786115384682
13.07,0.619294863493
13.075,0.468713508082
13.08,0.350610484231
13.085,0.244809858697
13.09,0.15549444691
13.095,0.0698697546177
13.1,0.000730276071408
13.105,-0.0602896195851
13.11,-0.109007116924
13.115,-0.145668263911
13.12,-0.17002701258
13.125,-0.194631809216
13.13,-0.214807742457
13.135,-0.222927325347
13.14,-0.227110140775
13.145,-0.235229723665
13.15,-0.243349306555
13.155,-0.243349306555
13.16,-0.243349306555
13.165,-0.239166491127
13.17,-0.231046908237
13.175,-0.222927325347
13.18,-0.206688159567
13.185,-0.174209828008
13.19,-0.141731496449
13.195,-0.0888311836825
13.2,-0.0113260742801
13.205,0.0984113187151
13.21,0.236690275808
13.215,0.432052361095
13.22,0.70049069239
13.225,1.06267329887
13.23,1.52253694799
13.235,2.11231392335
13.24,2.87727705075
13.245,3.79282153356
13.25,4.80186424359
13.255,5.7781825741
13.26,5.9083419483
13.265,5.89210278252
13.27,5.87586361674
13.275,5.87192684928
13.28,5.87586361674
13.285,5.88398319963
13.29,5.89628559795
13.295,5.91670757916
13.3,5.44060476426
13.305,4.43156205423
13.31,3.46730007407
13.315,2.60883871945
13.32,1.92113465349
13.325,1.37195559258
13.33,0.940633507555
13.335,0.615112048064
13.34,0.371032465438
13.345,0.191909545931
13.35,0.0536305888381
13.355,-0.0479872212672
13.36,-0.117126699814
13.365,-0.166090245119
13.37,-0.206688159567
13.375,-0.231046908237
13.38,-0.247532121983
13.385,-0.263771287762
13.39,-0.271890870652
13.395,-0.275827638114
13.4,-0.271890870652
13.405,-0.275827638114
13.41,-0.271890870652
13.415,-0.267708055224
13.42,-0.259588472334
13.425,-0.243349306555
13.43,-0.227110140775
13.435,-0.194631809216
13.44,-0.141731496449
13.445,-0.0684092024749
13.45,0.0332086076305
13.455,0.187972778469
13.46,0.411630379887
13.465,0.71672985817
13.47,1.13599559284
13.475,1.70141381953
13.48,2.44595496573
13.485,3.38585819721
13.49,4.46822320121
13.495,5.60324247002
13.5,5.9083419483
13.505,5.89210278252
13.51,5.88004643217
13.515,5.86774403385
13.52,5.87192684928
13.525,5.88398319963
13.53,5.90440518084
13.535,5.79048497241
13.54,4.81392059394
13.545,3.76427996947
13.55,2.8081375722
13.555,2.02693527902
13.56,1.42067308992
13.565,0.964992256224
13.57,0.619294863493
13.575,0.36684965001
13.58,0.183789963041
13.585,0.0496938213764
13.59,-0.0440504538055
13.595,-0.113189932352
13.6,-0.16190742969
13.605,-0.198568576678
13.61,-0.218990557885
13.615,-0.235229723665
13.62,-0.251468889444
13.625,-0.255651704872
13.63,-0.263771287762
13.635,-0.271890870652
13.64,-0.267708055224
13.645,-0.267708055224
13.65,-0.263771287762
13.655,-0.255651704872
13.66,-0.231046908237
13.665,-0.198568576678
13.67,-0.145668263911
13.675,-0.0642263870468
13.68,0.0536305888381
13.685,0.220451110028
13.69,0.464530692654
13.695,0.786115384682
13.7,1.22949382006
13.705,1.82345361084
13.71,2.59653632114
13.715,3.57703746707
13.72,4.70418320095
13.725,5.78236538952
13.73,5.90022236541
13.735,5.88398319963
13.74,5.87192684928
13.745,5.85962445096
13.75,5.86380726639
13.755,5.87192684928
13.76,5.88816601506
13.765,5.9083419483
13.77,5.77424580664
13.775,4.84246215804
13.78,3.87401736246
13.785,2.9953800746
13.79,2.27101486165
13.795,1.69329423664
13.8,1.23367663549
13.805,0.879613611898
13.81,0.606992465175
13.815,0.391454446646
13.82,0.240873091236
13.825,0.114650484495
13.83,0.021152257279
13.835,-0.0521700366953
13.84,-0.105070349462
13.845,-0.145668263911
13.85,-0.174209828008
13.855,-0.198568576678
13.86,-0.210870974995
13.865,-0.222927325347
13.87,-0.235229723665
13.875,-0.243349306555
13.88,-0.247532121983
13.885,-0.243349306555
13.89,-0.243349306555
13.895,-0.251468889444
13.9,-0.243349306555
13.905,-0.243349306555
13.91,-0.235229723665
13.915,-0.227110140775
13.92,-0.214807742457
13.925,-0.202751392106
13.93,-0.182329410898
13.935,-0.149851079339
13.94,-0.105070349462
13.945,-0.0479872212672
13.95,0.0250890247407
13.955,0.118833299923
13.96,0.232753508346
13.965,0.387271631218
13.97,0.582633716505
13.975,0.822530483703
13.98,1.12369319452
13.985,1.49399538389
13.99,1.94155663469
13.995,2.47867934525
14,3.11741986591
14.005,3.86196101211
14.01,4.63898048986
14.015,5.48538549413
14.02,5.91670757916
14.025,5.90440518084
14.03,5.89210278252
14.035,5.87586361674
14.04,5.87192684928
14.045,5.86774403385
14.05,5.87192684928
14.055,5.87586361674
14.06,5.88004643217
14.065,5.89210278252
14.07,5.90440518084
14.075,5.92064434662
14.08,5.68468434688
14.085,4.97680434767
14.09,4.30140268002
14.095,3.64617694561
14.1,3.04409757194
14.105,2.51115767681
14.11,2.05547684312
14.115,1.66893548797
14.12,1.33529444559
14.125,1.05455371598
14.13,0.818593716242
14.135,0.623231630954
14.14,0.464530692654
14.145,0.326251735562
14.15,0.212331527138
14.155,0.114650484495
14.16,0.0415742384866
14.165,-0.0196917051362
14.17,-0.0723459699366
14.175,-0.117126699814
14.18,-0.149851079339
14.185,-0.174209828008
14.19,-0.198568576678
14.195,-0.218990557885
14.2,-0.231046908237
14.205,-0.243349306555
14.21,-0.255651704872
14.215,-0.263771287762
14.22,-0.263771287762
14.225,-0.271890870652
14.23,-0.275827638114
14.235,-0.275827638114
14.24,-0.275827638114
14.245,-0.275827638114
14.25,-0.280010453542
14.255,-0.280010453542
14.26,-0.283947221003
14.265,-0.275827638114
14.27,-0.283947221003
14.275,-0.280010453542
14.28,-0.280010453542
14.285,-0.275827638114
14.29,-0.271890870652
14.295,-0.267708055224
14.3,-0.259588472334
14.305,-0.247532121983
14.31,-0.239166491127
14.315,-0.222927325347
14.32,-0.202751392106
14.325,-0.17814659547
14.33,-0.149851079339
14.335,-0.117126699814
14.34,-0.0723459699366
14.345,-0.0155088897081
14.35,0.0455110059484
14.355,0.122770067384
14.36,0.216514342566
14.365,0.326251735562
14.37,0.460593925192
14.375,0.611175280603
14.38,0.798171735034
14.385,1.0097729861
14.39,1.25385256873
14.395,1.53459329834
14.4,1.86429757326
14.405,2.23435371466
14.41,2.66567579968
14.415,3.14177861458
14.42,3.67078174225
14.425,4.21577798773
14.43,4.77725944696
14.435,5.37540205317
14.44,5.88398319963
14.445,5.91670757916
14.45,5.9083419483
14.455,5.89210278252
14.46,5.88398319963
14.465,5.88398319963
14.47,5.87192684928
14.475,5.87192684928
14.48,5.87586361674
14.485,5.87586361674
14.49,5.88004643217
14.495,5.88004643217
14.5,5.89210278252
14.505,5.90440518084
14.51,5.91252476373
14.515,5.87586361674
14.52,5.39582403438
14.525,4.83434257515
14.53,4.28098069882
14.535,3.73573840537
14.54,3.22322049145
14.545,2.75105444401
14.55,2.33621757273
14.555,1.9619786159
14.56,1.6445767393
14.565,1.35965319426
14.57,1.11975642706
14.575,0.903972360567
14.58,0.725095489026
14.585,0.570331318188
14.59,0.440171943985
14.595,0.3223149681
14.6,0.236690275808
14.605,0.15549444691
14.61,0.0821721529355
14.615,0.0250890247407
14.62,-0.0236284725979
14.625,-0.0684092024749
14.63,-0.100887534034
14.635,-0.129429098131
14.64,-0.153787846801
14.645,-0.17814659547
14.65,-0.198568576678
14.655,-0.214807742457
14.66,-0.222927325347
14.665,-0.231046908237
14.67,-0.243349306555
14.675,-0.247532121983
14.68,-0.255651704872
14.685,-0.259588472334
14.69,-0.263771287762
14.695,-0.263771287762
14.7,-0.263771287762
14.705,-0.263771287762
14.71,-0.267708055224
14.715,-0.263771287762
14.72,-0.263771287762
14.725,-0.255651704872
14.73,-0.251468889444
14.735,-0.243349306555
14.74,-0.227110140775
14.745,-0.206688159567
14.75,-0.17814659547
14.755,-0.141731496449
14.76,-0.0927679511442
14.765,-0.027811288026
14.77,0.0578134042662
14.775,0.1636140298
14.78,0.301892986892
14.785,0.472650275544
14.79,0.688434342039
14.795,0.948753090444
14.8,1.27009173451
14.805,1.66893548797
14.81,2.14503830287
14.815,2.71463934499
14.82,3.38585819721
14.825,4.1303993434
14.83,4.89954528624
14.835,5.70904309555
14.84,5.92064434662
14.845,5.90440518084
14.85,5.88816601506
14.855,5.87586361674
14.86,5.86380726639
14.865,5.85962445096
14.87,5.86380726639
14.875,5.86774403385
14.88,5.88004643217
14.885,5.88816601506
14.89,5.9083419483
14.895,5.92064434662
14.9,5.51368101026
14.905,4.72854194962
14.91,3.98400080342
14.915,3.27193798879
14.92,2.64131705101
14.925,2.10419434046
14.93,1.6445767393
14.935,1.26197215162
14.94,0.944816322983
14.945,0.688434342039
14.95,0.476833090972
14.955,0.310012569782
14.96,0.183789963041
14.965,0.0779893375075
14.97,-0.0032064913903
14.975,-0.0723459699366
14.98,-0.121309515242
14.985,-0.16190742969
14.99,-0.190448993788
14.995,-0.210870974995
15,-0.218990557885
15.005,-0.227110140775
15.01,-0.235229723665
15.015,-0.243349306555
15.02,-0.231046908237
15.025,-0.235229723665
15.03,-0.227110140775
15.035,-0.214807742457
15.04,-0.198568576678
15.045,-0.166090245119
15.05,-0.121309515242
15.055,-0.0440504538055
15.06,0.0617501717279
15.065,0.212331527138
15.07,0.423932778205
15.075,0.725095489026
15.08,1.13181277741
15.085,1.68123788629
15.09,2.40929381874
15.095,3.34107746733
15.1,4.43156205423
15.105,5.58306653678
15.11,5.91670757916
15.115,5.89210278252
15.12,5.87192684928
15.125,5.87192684928
15.13,5.87192684928
15.135,5.88398319963
15.14,5.9083419483
15.145,5.70904309555
15.15,4.63898048986
15.155,3.53643955262
15.16,2.57217757247
15.165,1.81533402795
15.17,1.22531100463
15.175,0.790052152144
15.18,0.472650275544
15.185,0.244809858697
15.19,0.0740525700458
15.195,-0.0440504538055
15.2,-0.125246282703
15.205,-0.17814659547
15.21,-0.214807742457
15.215,-0.243349306555
15.22,-0.251468889444
15.225,-0.263771287762
15.23,-0.271890870652
15.235,-0.280010453542
15.24,-0.275827638114
15.245,-0.275827638114
15.25,-0.275827638114
15.255,-0.271890870652
15.26,-0.255651704872
15.265,-0.239166491127
15.27,-0.214807742457
15.275,-0.166090245119
15.28,-0.100887534034
15.285,0.00491309149947
15.29,0.151311631482
15.295,0.36684965001
15.3,0.668012360831
15.305,1.08703204754
15.31,1.65269632219
15.315,2.39723746839
15.32,3.34526028276
15.325,4.43968163712
15.33,5.59118611967
15.335,5.9083419483
15.34,5.89210278252
15.345,5.88004643217
15.35,5.86774403385
15.355,5.87586361674
15.36,5.88398319963
15.365,5.9083419483
15.37,5.70510632809
15.375,4.64710007275
15.38,3.59327663285
15.385,2.6494366339
15.39,1.89677590482
15.395,1.31905527981
15.4,0.88355037936
15.405,0.558274967836
15.41,0.318132152672
15.415,0.147128816054
15.42,0.0250890247407
15.425,-0.0642263870468
15.43,-0.125246282703
15.435,-0.174209828008
15.44,-0.198568576678
15.445,-0.222927325347
15.45,-0.243349306555
15.455,-0.255651704872
15.46,-0.259588472334
15.465,-0.263771287762
15.47,-0.275827638114
15.475,-0.275827638114
15.48,-0.275827638114
15.485,-0.267708055224
15.49,-0.259588472334
15.495,-0.239166491127
15.5,-0.202751392106
15.505,-0.149851079339
15.51,-0.0846483682544
15.515,0.0292718401688
15.52,0.187972778469
15.525,0.419749962777
15.53,0.733215071916
15.535,1.15617152608
15.54,1.73389215109
15.545,2.47867934525
15.55,3.41439976131
15.555,4.5048843482
15.56,5.64408643243
15.565,5.9083419483
15.57,5.88816601506
15.575,5.87192684928
15.58,5.86380726639
15.585,5.86380726639
15.59,5.87192684928
15.595,5.88004643217
15.6,5.90022236541
15.605,5.91252476373
15.61,5.28584059342
15.615,4.36635934314
15.62,3.52831996973
15.625,2.787715591
15.63,2.18981903275
15.635,1.70141381953
15.64,1.31487246438
15.645,1.00165340321
15.65,0.749454237695
15.655,0.550155384946
15.66,0.387271631218
15.665,0.265231839905
15.67,0.159431214372
15.675,0.0740525700458
15.68,0.016969441851
15.685,-0.0440504538055
15.69,-0.0846483682544
15.695,-0.121309515242
15.7,-0.149851079339
15.705,-0.17002701258
15.71,-0.190448993788
15.715,-0.202751392106
15.72,-0.214807742457
15.725,-0.222927325347
15.73,-0.231046908237
15.735,-0.239166491127
15.74,-0.235229723665
15.745,-0.239166491127
15.75,-0.243349306555
15.755,-0.243349306555
15.76,-0.243349306555
15.765,-0.247532121983
15.77,-0.251468889444
15.775,-0.243349306555
15.78,-0.243349306555
15.785,-0.243349306555
15.79,-0.239166491127
15.795,-0.227110140775
15.8,-0.222927325347
15.805,-0.206688159567
15.81,-0.194631809216
15.815,-0.17814659547
15.82,-0.153787846801
15.825,-0.121309515242
15.83,-0.0888311836825
15.835,-0.0479872212672
15.84,0.00491309149947
15.845,0.0698697546177
15.85,0.143192048592
15.855,0.232753508346
15.86,0.338554133879
15.865,0.472650275544
15.87,0.627414446382
15.875,0.802354550462
15.88,1.01789256899
15.885,1.26197215162
15.89,1.55083246412
15.895,1.88053673904
15.9,2.2508389284
15.905,2.66567579968
15.91,3.11741986591
15.915,3.62181819695
15.92,4.15475809207
15.925,4.68794403517
15.93,5.23294028065
15.935,5.80254132277
15.94,5.92064434662
15.945,5.9083419483
15.95,5.89628559795
15.955,5.89210278252
15.96,5.88004643217
15.965,5.87586361674
15.97,5.87586361674
15.975,5.87192684928
15.98,5.87586361674
15.985,5.87586361674
15.99,5.88004643217
15.995,5.88816601506
16,5.89628559795
16.005,5.91252476373
16.01,5.91670757916
16.015,5.83920246975
16.02,5.32668455583
16.025,4.77725944696
16.03,4.24431955183
16.035,3.7113796567
16.04,3.21091809313
16.045,2.75523725944
16.05,2.33621757273
16.055,1.97821778168
16.06,1.66893548797
16.065,1.38819475836
16.07,1.14411517573
16.075,0.932513924665
16.08,0.749454237695
16.085,0.598872882285
16.09,0.456411109764
16.095,0.342490901341
16.1,0.240873091236
16.105,0.159431214372
16.11,0.0861089203972
16.115,0.021152257279
16.12,-0.027811288026
16.125,-0.0723459699366
16.13,-0.109007116924
16.135,-0.133611913559
16.14,-0.157970662229
16.145,-0.18626617836
16.15,-0.202751392106
16.155,-0.218990557885
16.16,-0.227110140775
16.165,-0.243349306555
16.17,-0.251468889444
16.175,-0.259588472334
16.18,-0.259588472334
16.185,-0.267708055224
16.19,-0.267708055224
16.195,-0.271890870652
16.2,-0.271890870652
16.205,-0.271890870652
16.21,-0.280010453542
16.215,-0.271890870652
16.22,-0.275827638114
16.225,-0.271890870652
16.23,-0.271890870652
16.235,-0.275827638114
16.24,-0.271890870652
16.245,-0.267708055224
16.25,-0.259588472334
16.255,-0.255651704872
16.26,-0.247532121983
16.265,-0.235229723665
16.27,-0.222927325347
16.275,-0.206688159567
16.28,-0.17814659547
16.285,-0.149851079339
16.29,-0.117126699814
16.295,-0.0765287853646
16.3,-0.0155088897081
16.305,0.0455110059484
16.31,0.126952882812
16.315,0.228570692918
16.32,0.354793299659
16.325,0.501191839641
16.33,0.680314759149
16.335,0.900035593106
16.34,1.15617152608
16.345,1.46151705233
16.35,1.80721444506
16.355,2.22623413177
16.36,2.7065197621
16.365,3.25151600758
16.37,3.85777819668
16.375,4.48839913445
16.38,5.13944205343
16.385,5.7986045553
16.39,5.92064434662
16.395,5.90440518084
16.4,5.89210278252
16.405,5.88398319963
16.41,5.88004643217
16.415,5.87192684928
16.42,5.87192684928
16.425,5.87192684928
16.43,5.87586361674
16.435,5.88398319963
16.44,5.89628559795
16.445,5.9083419483
16.45,5.92482716205
16.455,5.57888372135
16.46,4.91578445202
16.465,4.28516351424
16.47,3.6542965285
16.475,3.05221715483
16.48,2.53157965802
16.485,2.06753319347
16.49,1.67287225543
16.495,1.33529444559
16.5,1.05455371598
16.505,0.818593716242
16.51,0.611175280603
16.515,0.444354759413
16.52,0.305829754354
16.525,0.175670380151
16.53,0.0779893375075
16.535,-0.00738930681837
16.54,-0.0642263870468
16.545,-0.117126699814
16.55,-0.153787846801
16.555,-0.182329410898
16.56,-0.202751392106
16.565,-0.222927325347
16.57,-0.239166491127
16.575,-0.247532121983
16.58,-0.251468889444
16.585,-0.259588472334
16.59,-0.263771287762
16.595,-0.267708055224
16.6,-0.263771287762
16.605,-0.259588472334
16.61,-0.255651704872
16.615,-0.243349306555
16.62,-0.222927325347
16.625,-0.190448993788
16.63,-0.145668263911
16.635,-0.0807116007927
16.64,0.016969441851
16.645,0.15549444691
16.65,0.342490901341
16.655,0.602809649747
16.66,0.956872673334
16.665,1.42067308992
16.67,2.03505486191
16.675,2.82043997052
16.68,3.78863871814
16.685,4.86682090671
16.69,5.83526570229
16.695,5.9083419483
16.7,5.88816601506
16.705,5.87192684928
16.71,5.85962445096
16.715,5.86774403385
16.72,5.87586361674
16.725,5.89210278252
16.73,5.91252476373
16.735,5.57076413846
16.74,4.52924309687
16.745,3.54037632008
16.75,2.66985861511
16.755,1.95361298505
16.76,1.40049715668
16.765,0.969175071652
16.77,0.639470796734
16.775,0.391454446646
16.78,0.212331527138
16.785,0.0779893375075
16.79,-0.0196917051362
16.795,-0.0888311836825
16.8,-0.141731496449
16.805,-0.17814659547
16.81,-0.202751392106
16.815,-0.218990557885
16.82,-0.231046908237
16.825,-0.231046908237
16.83,-0.239166491127
16.835,-0.239166491127
16.84,-0.239166491127
16.845,-0.231046908237
16.85,-0.222927325347
16.855,-0.202751392106
16.86,-0.182329410898
16.865,-0.145668263911
16.87,-0.0927679511442
16.875,-0.0155088897081
16.88,0.0984113187151
16.885,0.257112257015
16.89,0.468713508082
16.895,0.765693403475
16.9,1.17659350729
16.905,1.72183580074
16.91,2.43783538284
16.915,3.365436216
16.92,4.44361840458
16.925,5.57888372135
16.93,5.91670757916
16.935,5.88816601506
16.94,5.87586361674
16.945,5.87192684928
16.95,5.87586361674
16.955,5.88004643217
16.96,5.89628559795
16.965,5.87586361674
16.97,5.04176101079
16.975,3.9716984051
16.98,2.98726049171
16.985,2.17751663443
16.99,1.53459329834
16.995,1.04225131766
17,0.668012360831
17.005,0.395391214108
17.01,0.196092361359
17.015,0.0455110059484
17.02,-0.0521700366953
17.025,-0.125246282703
17.03,-0.17814659547
17.035,-0.218990557885
17.04,-0.235229723665
17.045,-0.255651704872
17.05,-0.263771287762
17.055,-0.271890870652
17.06,-0.275827638114
17.065,-0.275827638114
17.07,-0.275827638114
17.075,-0.280010453542
17.08,-0.275827638114
17.085,-0.267708055224
17.09,-0.255651704872
17.095,-0.231046908237
17.1,-0.202751392106
17.105,-0.153787846801
17.11,-0.0846483682544
17.115,0.016969441851
17.12,0.1636140298
17.125,0.362912882549
17.13,0.635534029272
17.135,1.00165340321
17.14,1.50211496678
17.145,2.13691871998
17.15,2.95453611219
17.155,3.93110049066
17.16,4.99304351345
17.165,5.87192684928
17.17,5.90440518084
17.175,5.88398319963
17.18,5.87586361674
17.185,5.86774403385
17.19,5.87586361674
17.195,5.88816601506
17.2,5.90440518084
17.205,5.91252476373
17.21,5.29396017631
17.215,4.32157861326
17.22,3.40628017842
17.225,2.60465590403
17.23,1.9619786159
17.235,1.44503183859
17.24,1.04225131766
17.245,0.725095489026
17.25,0.480769858434
17.255,0.297710171464
17.26,0.159431214372
17.265,0.0536305888381
17.27,-0.0317480554877
17.275,-0.0969507665723
17.28,-0.137548681021
17.285,-0.174209828008
17.29,-0.198568576678
17.295,-0.218990557885
17.3,-0.235229723665
17.305,-0.247532121983
17.31,-0.255651704872
17.315,-0.267708055224
17.32,-0.267708055224
17.325,-0.271890870652
17.33,-0.275827638114
17.335,-0.280010453542
17.34,-0.280010453542
17.345,-0.271890870652
17.35,-0.271890870652
17.355,-0.263771287762
17.36,-0.243349306555
17.365,-0.222927325347
17.37,-0.190448993788
17.375,-0.149851079339
17.38,-0.0846483682544
17.385,-0.0032064913903
17.39,0.106530901605
17.395,0.248992674125
17.4,0.436235176523
17.405,0.672195176259
17.41,0.973111839114
17.415,1.3557164268
17.42,1.83575600916
17.425,2.42159621706
17.43,3.1255394488
17.435,3.93503725812
17.44,4.78537902985
17.445,5.67656476399
17.45,5.91670757916
17.455,5.89210278252
17.46,5.88398319963
17.465,5.87586361674
17.47,5.86774403385
17.475,5.85962445096
17.48,5.86774403385
17.485,5.86774403385
17.49,5.88004643217
17.495,5.89210278252
17.5,5.90440518084
17.505,5.91670757916
17.51,5.71322591098
17.515,5.07448539032
17.52,4.4763427841
17.525,3.90255892656
17.53,3.35337986565
17.535,2.85685506954
17.54,2.42971579995
17.545,2.06753319347
17.55,1.74619454941
17.555,1.47775621811
17.56,1.24573298584
17.565,1.04643413309
17.57,0.871494029008
17.575,0.71672985817
17.58,0.590753299395
17.585,0.476833090972
17.59,0.3749692329
17.595,0.289590588574
17.6,0.220451110028
17.605,0.15549444691
17.61,0.0984113187151
17.615,0.0496938213764
17.62,0.0130326743893
17.625,-0.0236284725979
17.63,-0.0602896195851
17.635,-0.0846483682544
17.64,-0.105070349462
17.645,-0.129429098131
17.65,-0.149851079339
17.655,-0.16190742969
17.66,-0.17814659547
17.665,-0.18626617836
17.67,-0.198568576678
17.675,-0.206688159567
17.68,-0.210870974995
17.685,-0.218990557885
17.69,-0.227110140775
17.695,-0.231046908237
17.7,-0.235229723665
17.705,-0.239166491127
17.71,-0.243349306555
17.715,-0.239166491127
17.72,-0.243349306555
17.725,-0.243349306555
17.73,-0.243349306555
17.735,-0.243349306555
17.74,-0.243349306555
17.745,-0.243349306555
17.75,-0.247532121983
17.755,-0.243349306555
17.76,-0.243349306555
17.765,-0.243349306555
17.77,-0.243349306555
17.775,-0.239166491127
17.78,-0.231046908237
17.785,-0.231046908237
17.79,-0.227110140775
17.795,-0.222927325347
17.8,-0.214807742457
17.805,-0.206688159567
17.81,-0.194631809216
17.815,-0.18626617836
17.82,-0.17002701258
17.825,-0.153787846801
17.83,-0.137548681021
17.835,-0.113189932352
17.84,-0.0927679511442
17.845,-0.0602896195851
17.85,-0.027811288026
17.855,0.0130326743893
17.86,0.0578134042662
17.865,0.110713717033
17.87,0.171733612689
17.875,0.240873091236
17.88,0.318132152672
17.885,0.411630379887
17.89,0.521613820849
17.895,0.643653612162
17.9,0.781932569254
17.905,0.944816322983
17.91,1.12369319452
17.915,1.3271748627
17.92,1.55895204701
17.925,1.81951684338
17.93,2.11231392335
17.935,2.43389861537
17.94,2.80001798931
17.945,3.19467892735
17.95,3.62600101237
17.955,4.08168184607
17.96,4.54548226265
17.965,5.02158507755
17.97,5.52204664112
17.975,5.9083419483
17.98,5.91670757916
17.985,5.91252476373
17.99,5.90022236541
17.995,5.89210278252
18,5.88398319963
18.005,5.88004643217
18.01,5.87192684928
18.015,5.87192684928
18.02,5.87192684928
18.025,5.87192684928
18.03,5.86774403385
18.035,5.88004643217
18.04,5.88004643217
18.045,5.88816601506
18.05,5.89210278252
18.055,5.90440518084
18.06,5.9083419483
18.065,5.92064434662
18.07,5.92876392951
18.075,5.68050153145
18.08,5.31044539005
18.085,4.97262153224
18.09,4.64316330529
18.095,4.35012017736
18.1,4.08561861353
18.105,3.82948268055
18.11,3.59745944828
18.115,3.41021694588
18.12,3.24339642469
18.125,3.11323705049
18.13,3.00349965749
18.135,2.92624059605
18.14,2.8652207004
18.145,2.81232038763
18.15,2.77147642522
18.155,2.74293486112
18.16,2.72669569534
18.165,2.71463934499
18.17,2.71045652956
18.175,2.71463934499
18.18,2.71463934499
18.185,2.72275892788
18.19,2.73481527823
18.195,2.75105444401
18.2,2.76335684233
18.205,2.78377882353
18.21,2.80001798931
18.215,2.81625715509
18.22,2.8366791363
18.225,2.8652207004
18.23,2.87727705075
18.235,2.90163579942
18.24,2.93017736352
18.245,2.95059934472
18.25,2.97495809339
18.255,2.9953800746
18.26,3.02785840616
18.265,3.04828038737
18.27,3.06845632061
18.275,3.09306111724
18.28,3.11323705049
18.285,3.13365903169
18.29,3.1540810129
18.295,3.17425694614
18.3,3.19467892735
18.305,3.21903767602
18.31,3.23945965723
18.315,3.25569882301
18.32,3.27612080421
18.325,3.30047955288
18.33,3.31671871866
18.335,3.32483830155
18.34,3.34107746733
18.345,3.34526028276
18.35,3.34526028276
18.355,3.34526028276
18.36,3.34107746733
18.365,3.33714069987
18.37,3.32483830155
18.375,3.30859913577
18.38,3.29235996999
18.385,3.2638184059
18.39,3.22715725891
18.395,3.19049611192
18.4,3.13759579915
18.405,3.08469548639
18.41,3.03179517362
18.415,2.98307767628
18.42,2.95059934472
18.425,2.92205778063
18.43,2.90975538231
18.435,2.92205778063
18.44,2.95059934472
18.445,2.99931684206
18.45,3.06033673772
18.455,3.13759579915
18.46,3.21510090856
18.465,3.31671871866
18.47,3.42645611166
18.475,3.56498111672
18.48,3.71949923959
18.485,3.90255892656
18.49,4.10185777931
18.495,4.31345903037
18.5,4.53736267976
18.505,4.75290069829
18.51,4.97262153224
18.515,5.20046194909
18.52,5.42018278305
18.525,5.62366445122
18.53,5.83526570229
18.535,5.92876392951
18.54,5.92876392951
18.545,5.92064434662
18.55,5.91670757916
18.555,5.9083419483
18.56,5.90440518084
18.565,5.90440518084
18.57,5.89628559795
18.575,5.89628559795
18.58,5.89210278252
18.585,5.88816601506
18.59,5.88004643217
18.595,5.88004643217
18.6,5.88004643217
18.605,5.87586361674
18.61,5.87192684928
18.615,5.87586361674
18.62,5.87192684928
18.625,5.87586361674
18.63,5.86774403385
18.635,5.87192684928
18.64,5.87586361674
18.645,5.87192684928
18.65,5.87586361674
18.655,5.88004643217
18.66,5.88004643217
18.665,5.87586361674
18.67,5.88004643217
18.675,5.88398319963
18.68,5.89210278252
18.685,5.89210278252
18.69,5.89628559795
18.695,5.90022236541
18.7,5.9083419483
18.705,5.91252476373
18.71,5.91670757916
18.715,5.92482716205
18.72,5.84732205264
18.725,5.52204664112
18.73,5.18840559874
18.735,4.86288413925
18.74,4.54548226265
18.745,4.21996080316
18.75,3.8986221591
18.755,3.5812202825
18.76,3.2638184059
18.765,2.97077527797
18.77,2.677978198
18.775,2.42577903248
18.78,2.18981903275
18.785,1.9619786159
18.79,1.75849694772
18.795,1.57125444533
18.8,1.40443392414
18.805,1.24991580127
18.81,1.09933444585
18.815,0.969175071652
18.82,0.851072047801
18.825,0.737151839377
18.83,0.639470796734
18.835,0.545972569518
18.84,0.468713508082
18.845,0.391454446646
18.85,0.3223149681
18.855,0.265231839905
18.86,0.20814871171
18.865,0.1636140298
18.87,0.114650484495
18.875,0.0779893375075
18.88,0.0415742384866
18.885,0.0130326743893
18.89,-0.0236284725979
18.895,-0.0440504538055
18.9,-0.0684092024749
18.905,-0.0927679511442
18.91,-0.109007116924
18.915,-0.129429098131
18.92,-0.145668263911
18.925,-0.157970662229
18.93,-0.17002701258
18.935,-0.17814659547
18.94,-0.190448993788
18.945,-0.194631809216
18.95,-0.210870974995
18.955,-0.214807742457
18.96,-0.218990557885
18.965,-0.227110140775
18.97,-0.231046908237
18.975,-0.235229723665
18.98,-0.239166491127
18.985,-0.239166491127
18.99,-0.243349306555
18.995,-0.243349306555
19,-0.243349306555
19.005,-0.243349306555
19.01,-0.251468889444
19.015,-0.255651704872
19.02,-0.251468889444
19.025,-0.251468889444
19.03,-0.251468889444
19.035,-0.251468889444
19.04,-0.247532121983
19.045,-0.247532121983
19.05,-0.251468889444
19.055,-0.251468889444
19.06,-0.243349306555
19.065,-0.243349306555
19.07,-0.243349306555
19.075,-0.243349306555
19.08,-0.243349306555
19.085,-0.239166491127
19.09,-0.239166491127
19.095,-0.239166491127
19.1,-0.231046908237
19.105,-0.227110140775
19.11,-0.227110140775
19.115,-0.222927325347
19.12,-0.222927325347
19.125,-0.218990557885
19.13,-0.218990557885
19.135,-0.227110140775
19.14,-0.218990557885
19.145,-0.218990557885
19.15,-0.218990557885
19.155,-0.218990557885
19.16,-0.214807742457
19.165,-0.214807742457
19.17,-0.218990557885
19.175,-0.214807742457
19.18,-0.218990557885
19.185,-0.214807742457
19.19,-0.214807742457
19.195,-0.214807742457
19.2,-0.214807742457
19.205,-0.214807742457
19.21,-0.214807742457
19.215,-0.210870974995
19.22,-0.214807742457
19.225,-0.214807742457
19.23,-0.214807742457
19.235,-0.214807742457
19.24,-0.210870974995
19.245,-0.214807742457
19.25,-0.214807742457
19.255,-0.214807742457
19.26,-0.210870974995
19.265,-0.210870974995
19.27,-0.206688159567
19.275,-0.206688159567
19.28,-0.198568576678
19.285,-0.198568576678
19.29,-0.198568576678
19.295,-0.194631809216
19.3,-0.190448993788
19.305,-0.190448993788
19.31,-0.190448993788
19.315,-0.190448993788
19.32,-0.182329410898
19.325,-0.182329410898
19.33,-0.182329410898
19.335,-0.182329410898
19.34,-0.17814659547
19.345,-0.17814659547
19.35,-0.17814659547
19.355,-0.17002701258
19.36,-0.17002701258
19.365,-0.174209828008
19.37,-0.17002701258
19.375,-0.17002701258
19.38,-0.166090245119
19.385,-0.166090245119
19.39,-0.16190742969
19.395,-0.157970662229
19.4,-0.153787846801
19.405,-0.153787846801
19.41,-0.153787846801
19.415,-0.153787846801
19.42,-0.145668263911
19.425,-0.149851079339
19.43,-0.149851079339
19.435,-0.153787846801
19.44,-0.157970662229
19.445,-0.166090245119
19.45,-0.17002701258
19.455,-0.17814659547
19.46,-0.182329410898
19.465,-0.18626617836
19.47,-0.190448993788
19.475,-0.194631809216
19.48,-0.198568576678
19.485,-0.202751392106
19.49,-0.202751392106
19.495,-0.210870974995
19.5,-0.214807742457
19.505,-0.222927325347
19.51,-0.231046908237
19.515,-0.231046908237
19.52,-0.239166491127
19.525,-0.243349306555
19.53,-0.243349306555
19.535,-0.247532121983
19.54,-0.243349306555
19.545,-0.243349306555
19.55,-0.247532121983
19.555,-0.251468889444
19.56,-0.251468889444
19.565,-0.243349306555
19.57,-0.247532121983
19.575,-0.243349306555
19.58,-0.243349306555
19.585,-0.243349306555
19.59,-0.243349306555
19.595,-0.243349306555
19.6,-0.243349306555
19.605,-0.243349306555
19.61,-0.239166491127
19.615,-0.239166491127
19.62,-0.231046908237
19.625,-0.231046908237
19.63,-0.227110140775
19.635,-0.218990557885
19.64,-0.214807742457
19.645,-0.210870974995
19.65,-0.202751392106
19.655,-0.190448993788
19.66,-0.17814659547
19.665,-0.174209828008
19.67,-0.166090245119
19.675,-0.149851079339
19.68,-0.141731496449
19.685,-0.121309515242
19.69,-0.109007116924
19.695,-0.0846483682544
19.7,-0.0602896195851
19.705,-0.0398676383775
19.71,-0.0113260742801
19.715,0.016969441851
19.72,0.0496938213764
19.725,0.0861089203972
19.73,0.126952882812
19.735,0.179853195579
19.74,0.228570692918
19.745,0.277534238223
19.75,0.334371318451
19.755,0.399574029536
19.76,0.472650275544
19.765,0.545972569518
19.77,0.639470796734
19.775,0.733215071916
19.78,0.834832882021
19.785,0.948753090444
19.79,1.07079288176
19.795,1.20513507139
19.8,1.3557164268
19.805,1.5144173651
19.81,1.68935746918
19.815,1.88053673904
19.82,2.08401840721
19.825,2.30373924117
19.83,2.53551642548
19.835,2.78377882353
19.84,3.05639997026
19.845,3.34919705022
19.85,3.64617694561
19.855,3.96357882221
19.86,4.28910028171
19.865,4.6146217412
19.87,4.94826278358
19.875,5.29002340884
19.88,5.66426236567
19.885,5.91670757916
19.89,5.92482716205
19.895,5.91252476373
19.9,5.91252476373
19.905,5.90022236541
19.91,5.90022236541
19.915,5.88816601506
19.92,5.88398319963
19.925,5.88004643217
19.93,5.87586361674
19.935,5.87586361674
19.94,5.87192684928
19.945,5.87192684928
19.95,5.86380726639
19.955,5.87192684928
19.96,5.87586361674
19.965,5.87192684928
19.97,5.87586361674
19.975,5.88398319963
19.98,5.88398319963
19.985,5.89628559795
19.99,5.89628559795
19.995,5.90022236541
20,5.9083419483
20.005,5.91670757916
20.01,5.92064434662
20.015,5.91670757916
20.02,5.72946507676
20.025,5.45266111461
20.03,5.21276434741
20.035,4.98492393056
20.04,4.78537902985
20.045,4.60650215831
20.05,4.45198403543
20.055,4.30952226291
20.06,4.17936288871
20.065,4.08168184607
20.07,4.00835955209
20.075,3.96357882221
20.08,3.95152247186
20.085,3.95964205475
20.09,3.98400080342
20.095,4.02066195041
20.1,4.0573230974
20.105,4.10185777931
20.11,4.1589409075
20.115,4.23226320148
20.12,4.31345903037
20.125,4.39490090724
20.13,4.48446236699
20.135,4.57402382675
20.14,4.67145882142
20.145,4.76520309661
20.15,4.85870132382
20.155,4.95638236646
20.16,5.05406340911
20.165,5.14756163632
20.17,5.2494254944
20.175,5.35522611993
20.18,5.46496351292
20.185,5.57076413846
20.19,5.67656476399
20.195,5.7781825741
20.2,5.87586361674
20.205,5.92482716205
20.21,5.92482716205
20.215,5.92482716205
20.22,5.92482716205
20.225,5.92064434662
20.23,5.92064434662
20.235,5.92064434662
20.24,5.91252476373
20.245,5.91252476373
20.25,5.91252476373
20.255,5.9083419483
20.26,5.9083419483
20.265,5.9083419483
20.27,5.9083419483
20.275,5.90440518084
20.28,5.9083419483
20.285,5.90440518084
20.29,5.90440518084
20.295,5.90022236541
20.3,5.90440518084
20.305,5.89628559795
20.31,5.90022236541
20.315,5.89628559795
20.32,5.89628559795
20.325,5.89210278252
20.33,5.89210278252
20.335,5.88816601506
20.34,5.88816601506
20.345,5.89210278252
20.35,5.88816601506
20.355,5.88398319963
20.36,5.88398319963
20.365,5.88004643217
20.37,5.87192684928
20.375,5.87192684928
20.38,5.86774403385
20.385,5.87192684928
20.39,5.86774403385
20.395,5.87192684928
20.4,5.86774403385
20.405,5.87192684928
20.41,5.87192684928
20.415,5.87192684928
20.42,5.88004643217
20.425,5.88398319963
20.43,5.88004643217
20.435,5.88816601506
20.44,5.89210278252
20.445,5.89210278252
20.45,5.90022236541
20.455,5.90440518084
20.46,5.9083419483
20.465,5.91252476373
20.47,5.91252476373
20.475,5.92482716205
20.48,5.87586361674
20.485,5.6194816358
20.49,5.35522611993
20.495,5.0907245561
20.5,4.83015975972
20.505,4.57796059421
20.51,4.3176418458
20.515,4.06125986486
20.52,3.8129974668
20.525,3.56498111672
20.53,3.32090153409
20.535,3.08887830182
20.54,2.8652207004
20.545,2.64131705101
20.55,2.43389861537
20.555,2.23435371466
20.56,2.05129402769
20.565,1.88053673904
20.57,1.72183580074
20.575,1.57543726076
20.58,1.43297548823
20.585,1.30281611403
20.59,1.18077632272
20.595,1.0668561143
20.6,0.964992256224
20.605,0.85919163069
20.61,0.765693403475
20.615,0.680314759149
20.62,0.602809649747
20.625,0.529733403739
20.63,0.460593925192
20.635,0.395391214108
20.64,0.338554133879
20.645,0.281471005685
20.65,0.228570692918
20.655,0.183789963041
20.66,0.143192048592
20.665,0.102594134143
20.67,0.065932987156
20.675,0.0373914230586
20.68,0.00491309149947
20.685,-0.0196917051362
20.69,-0.0479872212672
20.695,-0.0684092024749
20.7,-0.0846483682544
20.705,-0.100887534034
20.71,-0.121309515242
20.715,-0.133611913559
20.72,-0.145668263911
20.725,-0.153787846801
20.73,-0.166090245119
20.735,-0.17814659547
20.74,-0.18626617836
20.745,-0.194631809216
20.75,-0.198568576678
20.755,-0.206688159567
20.76,-0.206688159567
20.765,-0.214807742457
20.77,-0.222927325347
20.775,-0.227110140775
20.78,-0.227110140775
20.785,-0.231046908237
20.79,-0.235229723665
20.795,-0.235229723665
20.8,-0.243349306555
20.805,-0.243349306555
20.81,-0.239166491127
20.815,-0.243349306555
20.82,-0.243349306555
20.825,-0.243349306555
20.83,-0.247532121983
20.835,-0.251468889444
20.84,-0.251468889444
20.845,-0.251468889444
20.85,-0.251468889444
20.855,-0.251468889444
20.86,-0.251468889444
20.865,-0.251468889444
20.87,-0.251468889444
20.875,-0.251468889444
20.88,-0.251468889444
20.885,-0.251468889444
20.89,-0.251468889444
20.895,-0.251468889444
20.9,-0.243349306555
20.905,-0.247532121983
20.91,-0.243349306555
20.915,-0.243349306555
20.92,-0.243349306555
20.925,-0.243349306555
20.93,-0.243349306555
20.935,-0.243349306555
20.94,-0.243349306555
20.945,-0.239166491127
20.95,-0.235229723665
20.955,-0.243349306555
20.96,-0.235229723665
20.965,-0.235229723665
20.97,-0.235229723665
20.975,-0.231046908237
20.98,-0.231046908237
20.985,-0.227110140775
20.99,-0.227110140775
20.995,-0.227110140775
21,-0.222927325347
21.005,-0.214807742457
21.01,-0.210870974995
21.015,-0.210870974995
21.02,-0.206688159567
21.025,-0.206688159567
21.03,-0.202751392106
21.035,-0.190448993788
21.04,-0.190448993788
21.045,-0.182329410898
21.05,-0.17814659547
21.055,-0.17814659547
21.06,-0.174209828008
21.065,-0.182329410898
21.07,-0.18626617836
21.075,-0.182329410898
21.08,-0.182329410898
21.085,-0.18626617836
21.09,-0.194631809216
21.095,-0.194631809216
21.1,-0.194631809216
21.105,-0.202751392106
21.11,-0.210870974995
21.115,-0.214807742457
21.12,-0.218990557885
21.125,-0.218990557885
21.13,-0.227110140775
21.135,-0.222927325347
21.14,-0.227110140775
21.145,-0.227110140775
21.15,-0.231046908237
21.155,-0.231046908237
21.16,-0.235229723665
21.165,-0.239166491127
21.17,-0.239166491127
21.175,-0.243349306555
21.18,-0.243349306555
21.185,-0.243349306555
21.19,-0.243349306555
21.195,-0.247532121983
21.2,-0.247532121983
21.205,-0.243349306555
21.21,-0.251468889444
21.215,-0.251468889444
21.22,-0.251468889444
21.225,-0.251468889444
21.23,-0.251468889444
21.235,-0.251468889444
21.24,-0.251468889444
21.245,-0.247532121983
21.25,-0.251468889444
21.255,-0.251468889444
21.26,-0.251468889444
21.265,-0.251468889444
21.27,-0.255651704872
21.275,-0.251468889444
21.28,-0.251468889444
21.285,-0.251468889444
21.29,-0.251468889444
21.295,-0.251468889444
21.3,-0.247532121983
21.305,-0.251468889444
21.31,-0.255651704872
21.315,-0.251468889444
21.32,-0.251468889444
21.325,-0.251468889444
21.33,-0.255651704872
21.335,-0.251468889444
21.34,-0.251468889444
21.345,-0.251468889444
21.35,-0.251468889444
21.355,-0.243349306555
21.36,-0.247532121983
21.365,-0.243349306555
21.37,-0.243349306555
21.375,-0.239166491127
21.38,-0.235229723665
21.385,-0.239166491127
21.39,-0.235229723665
21.395,-0.231046908237
21.4,-0.227110140775
21.405,-0.231046908237
21.41,-0.227110140775
21.415,-0.222927325347
21.42,-0.218990557885
21.425,-0.214807742457
21.43,-0.214807742457
21.435,-0.206688159567
21.44,-0.202751392106
21.445,-0.198568576678
21.45,-0.194631809216
21.455,-0.18626617836
21.46,-0.182329410898
21.465,-0.174209828008
21.47,-0.166090245119
21.475,-0.157970662229
21.48,-0.145668263911
21.485,-0.133611913559
21.49,-0.121309515242
21.495,-0.113189932352
21.5,-0.0969507665723
21.505,-0.0765287853646
21.51,-0.0602896195851
21.515,-0.0398676383775
21.52,-0.0196917051362
21.525,0.00491309149947
21.53,0.0292718401688
21.535,0.0496938213764
21.54,0.0821721529355
21.545,0.118833299923
21.55,0.147128816054
21.555,0.187972778469
21.56,0.224633925456
21.565,0.269414655333
21.57,0.313949337244
21.575,0.36684965001
21.58,0.419749962777
21.585,0.476833090972
21.59,0.5336701712
21.595,0.594690066857
21.6,0.664075593369
21.605,0.733215071916
21.61,0.814410900814
21.615,0.891916010216
21.62,0.977294654542
21.625,1.06267329887
21.63,1.15617152608
21.635,1.24991580127
21.64,1.3557164268
21.645,1.4573342369
21.65,1.56731767787
21.655,1.68935746918
21.66,1.81139726049
21.665,1.94155663469
21.67,2.06359642601
21.675,2.20605819853
21.68,2.35663955394
21.685,2.50303809392
21.69,2.66985861511
21.695,2.8366791363
21.7,3.00743642495
21.705,3.19049611192
21.71,3.37773861432
21.715,3.56498111672
21.72,3.75616038658
21.725,3.95964205475
21.73,4.15082132461
21.735,4.35823976025
21.74,4.557538613
21.745,4.75708351372
21.75,4.95638236646
21.755,5.17192038499
21.76,5.39164121895
21.765,5.63178403411
21.77,5.85544163553
21.775,5.92482716205
21.78,5.92064434662
21.785,5.92064434662
21.79,5.91670757916
21.795,5.9083419483
21.8,5.90440518084
21.805,5.90022236541
21.81,5.90022236541
21.815,5.89210278252
21.82,5.89210278252
21.825,5.88398319963
21.83,5.88004643217
21.835,5.88004643217
21.84,5.88004643217
21.845,5.88004643217
21.85,5.88004643217
21.855,5.87192684928
21.86,5.87192684928
21.865,5.87192684928
21.87,5.87192684928
21.875,5.87192684928
21.88,5.87586361674
21.885,5.87192684928
21.89,5.87586361674
21.895,5.87192684928
21.9,5.88004643217
21.905,5.87192684928
21.91,5.87586361674
21.915,5.88398319963
21.92,5.88398319963
21.925,5.88816601506
21.93,5.88398319963
21.935,5.88816601506
21.94,5.89210278252
21.945,5.89628559795
21.95,5.89628559795
21.955,5.89628559795
21.96,5.90022236541
21.965,5.9083419483
21.97,5.90440518084
21.975,5.90440518084
21.98,5.9083419483
21.985,5.9083419483
