t, s[1].omega / s[0].omega 
0, -0.6400286711417998 
0.009999999999999995, -0.6432264708385583 
0.019999999999999934, -0.646991571829896 
0.029999999999999874, -0.651007437585111 
0.04000000000000012, -0.654763526989292 
0.050000000000000405, -0.6577717839726445 
0.06000000000000069, -0.6597894271557766 
0.07000000000000098, -0.6608411777603289 
0.08000000000000126, -0.6610863335309578 
0.09000000000000155, -0.6607031440406239 
0.10000000000000184, -0.6598778960007412 
0.11000000000000212, -0.6589328059030362 
0.12000000000000241, -0.65871063922782 
0.130000000000002, -0.661586857874816 
0.1400000000000009, -0.6740307034875918 
0.1499999999999998, -0.7124444290420767 
0.1599999999999987, -0.8116414645937157 
0.1699999999999976, -1.009797160921149 
0.1799999999999965, -1.2612569672144631 
0.1899999999999954, -1.4536205903994799 
0.1999999999999943, -1.5651237692587283 
0.2099999999999932, -1.6264544042742268 
0.2199999999999921, -1.6604717627195427 
0.229999999999991, -1.6790143096329122 
0.2399999999999899, -1.6885558606554736 
0.2499999999999888, -1.6929923043848896 
0.2599999999999877, -1.6946398472413446 
0.2699999999999866, -1.6948004654255224 
0.2799999999999855, -1.6942613094647825 
0.2899999999999844, -1.6935666632666482 
0.2999999999999833, -1.6928942965464273 
0.3099999999999822, -1.692057404501271 
0.3199999999999811, -1.6910492538277393 
0.32999999999998, -1.6903084071011676 
0.3399999999999789, -1.6900647008453578 
0.3499999999999778, -1.6898046484218416 
0.35999999999997667, -1.6886315503002365 
0.36999999999997557, -1.6852025427195028 
0.37999999999997447, -1.6764579967720443 
0.38999999999997337, -1.6545395679889185 
0.39999999999997227, -1.6004173034534044 
0.40999999999997117, -1.4758074024682752 
0.41999999999997006, -1.2348429497903861 
0.42999999999996896, -0.9016861080359201 
0.43999999999996786, -0.6096966609639639 
0.44999999999996676, -0.43330927967078986 
0.45999999999996566, -0.3425218445529181 
0.46999999999996456, -0.2964214381114657 
0.47999999999996346, -0.27208495509726566 
0.48999999999996235, -0.25864260362434804 
0.49999999999996125, -0.2509562916050161 
0.5099999999999602, -0.24649701559861276 
0.519999999999959, -0.2439630032489743 
0.529999999999958, -0.2426633672063657 
0.5399999999999568, -0.24223427338488895 
0.5499999999999557, -0.242506709734714 
0.5599999999999546, -0.24345033186502302 
0.5699999999999535, -0.24516344364850004 
0.5799999999999524, -0.24790271114451778 
0.5899999999999513, -0.2521662970425948 
0.5999999999999502, -0.2588765615711901 
0.6099999999999491, -0.26977729749899154 
0.619999999999948, -0.2883039627721344 
0.6299999999999469, -0.3213778918597585 
0.6399999999999458, -0.38193924354946235 
0.6499999999999447, -0.4855202684507235 
0.6599999999999436, -0.6217201783651014 
0.6699999999999425, -0.736516440185725 
0.6799999999999414, -0.8006466232835701 
0.6899999999999403, -0.8296663039118932 
0.6999999999999392, -0.842139765152368 
0.7099999999999381, -0.8474436598762223 
0.719999999999937, -0.8494209497154683 
0.7299999999999359, -0.8494918254499157 
0.7399999999999348, -0.8479234291560953 
0.7499999999999337, -0.8440887746925261 
0.7599999999999326, -0.8359401592327848 
0.7699999999999315, -0.817953943724808 
0.7799999999999304, -0.7737527134194564 
0.7899999999999293, -0.6385209133444512 
0.7999999999999282, 0.01536038639952561 
0.8099999999999271, 1.1907671372345274 
0.819999999999926, 1.3434449791585839 
0.8299999999999249, 1.362007198394485 
0.8399999999999238, 1.3657793452507219 
0.8499999999999227, 1.3658118789670735 
0.8599999999999216, 1.3628545813506976 
0.8699999999999205, 1.352184893232058 
0.8799999999999194, 1.3091024853475226 
0.8899999999999183, 1.1778690219617496 
0.8999999999999172, 1.121883595657461 
0.9099999999999161, 1.1430642068520087 
0.919999999999915, 1.1542388767435459 
0.9299999999999139, 1.1581154353690464 
0.9399999999999128, 1.158902847107132 
0.9499999999999117, 1.157691935298011 
0.9599999999999106, 1.1539055829756175 
0.9699999999999095, 1.145770715992731 
0.9799999999999084, 1.139197881304411 
0.9899999999999073, 1.1807227980421628 
0.9999999999999062, 1.2482325650066515 
1.0099999999999052, 1.2764857023131433 
1.019999999999904, 1.2849832468596039 
1.029999999999903, 1.287275656636592 
1.039999999999902, 1.2868237104739693 
1.0499999999999008, 1.2830230049180167 
1.0599999999998997, 1.2672223494441819 
1.0699999999998986, 1.1544971810503484 
1.0799999999998975, -0.08616728428675383 
1.0899999999998964, -1.3078261977277 
1.0999999999998953, -1.5315076033007013 
1.1099999999998942, -1.5768772260855786 
1.119999999999893, -1.5885871424778928 
1.129999999999892, -1.5918300256800235 
1.1399999999998909, -1.592120051811828 
1.1499999999998898, -1.5909878293531512 
1.1599999999998887, -1.589874601955198 
1.1699999999998876, -1.5920806544012647 
1.1799999999998865, -1.599781951107177 
1.1899999999998854, -1.609502977452404 
1.1999999999998843, -1.61739727842997 
1.2099999999998832, -1.6228295597148226 
1.219999999999882, -1.6264486536826692 
1.229999999999881, -1.6288136670580233 
1.2399999999998799, -1.6302116791345007 
1.2499999999998788, -1.6307812744201402 
1.2599999999998777, -1.6305878763477064 
1.2699999999998766, -1.6296391954398 
1.2799999999998755, -1.6278852801461574 
1.2899999999998744, -1.6252099816264924 
1.2999999999998733, -1.6213773300875487 
1.3099999999998722, -1.6159085865480542 
1.319999999999871, -1.6081079847792026 
1.32999999999987, -1.5980033058746923 
1.3399999999998689, -1.588513107718085 
1.3499999999998678, -1.5840554720195912 
1.3599999999998666, -1.5840288407849028 
1.3699999999998655, -1.584809554559213 
1.3799999999998644, -1.584499217812663 
1.3899999999998633, -1.5819002209367792 
1.3999999999998622, -1.5734802344348946 
1.4099999999998611, -1.5441649865232123 
1.41999999999986, -1.4139482430024999 
1.429999999999859, -0.6858235931832282 
1.4399999999998578, 0.9400377623968372 
1.4499999999998567, 1.1984834520561907 
1.4599999999998556, 1.2267057443068983 
1.4699999999998545, 1.2324954489164575 
1.4799999999998534, 1.2334794959062556 
1.4899999999998523, 1.2320096845455375 
1.4999999999998512, 1.2267985532261803 
1.5099999999998501, 1.21148584957673 
1.519999999999849, 1.1705122917929605 
1.529999999999848, 1.1158228772440137 
1.5399999999998468, 1.1031896021994305 
1.5499999999998457, 1.1095218083477545 
1.5599999999998446, 1.1140776184130314 
1.5699999999998435, 1.1158602400592386 
1.5799999999998424, 1.1156990597184204 
1.5899999999998413, 1.113341974275244 
1.5999999999998402, 1.1063033858775428 
1.6099999999998391, 1.085513952362366 
1.619999999999838, 1.0465813907777752 
1.629999999999837, 1.2057944770412399 
1.6399999999998358, 1.3792498066992356 
1.6499999999998347, 1.4135192285657976 
1.6599999999998336, 1.4207195120030027 
1.6699999999998325, 1.4220397387821764 
1.6799999999998314, 1.4204744473596036 
1.6899999999998303, 1.4132145292795968 
1.6999999999998292, 1.3749646961296067 
1.709999999999828, 1.0056564178646326 
1.719999999999827, 0.158204572306978 
1.729999999999826, 0.11534289563380284 
1.7399999999998248, 0.15397101115040457 
1.7499999999998237, 0.17367551259135997 
1.7599999999998226, 0.18269593105084242 
1.7699999999998215, 0.18697446932824846 
1.7799999999998204, 0.18899744726212336 
1.7899999999998193, 0.1897855502542662 
1.7999999999998182, 0.18973234848312265 
1.809999999999817, 0.18889718015908283 
1.819999999999816, 0.18705495126046598 
1.8299999999998149, 0.18355233665135542 
1.8399999999998138, 0.1767933008989711 
1.8499999999998127, 0.1625809239539997 
1.8599999999998116, 0.12796302661145614 
1.8699999999998105, 0.023346517648843608 
1.8799999999998094, -0.3670905372401153 
1.8899999999998083, -1.3353348275879617 
1.8999999999998072, -1.912997452195265 
1.909999999999806, -2.052473967834179 
1.919999999999805, -2.0865782081744007 
1.9299999999998039, -2.096140714338998 
1.9399999999998028, -2.0987610261983267 
1.9499999999998017, -2.098995530163474 
1.9599999999998006, -2.0984172423815957 
1.9699999999997995, -2.0977130609144665 
1.9799999999997984, -2.0967157875404703 
1.9899999999997973, -2.0951901430357847 
1.9999999999997962, -2.0939590059769047 
2.0099999999998173, -2.093651574014837 
2.0199999999998384, -2.09317330640004 
2.0299999999998595, -2.0906223553138332 
2.0399999999998806, -2.0806756607863717 
2.0499999999999017, -2.031850484726981 
2.059999999999923, -1.6321492226733194 
2.069999999999944, 0.5546063728679776 
2.079999999999965, 1.138049100768307 
2.089999999999986, 1.1852909013881212 
2.100000000000007, 1.193900385799346 
2.1100000000000283, 1.195789949550605 
2.1200000000000494, 1.1951532160462912 
2.1300000000000705, 1.1919265059318582 
2.1400000000000916, 1.1833791934225668 
2.1500000000001127, 1.1631591301502262 
2.160000000000134, 1.1309009541152504 
2.170000000000155, 1.1112854572692965 
2.180000000000176, 1.110424718412754 
2.190000000000197, 1.1134537141257284 
2.2000000000002182, 1.1152691727842947 
2.2100000000002393, 1.1155119803552918 
2.2200000000002604, 1.1139074000287894 
2.2300000000002815, 1.1085179637234057 
2.2400000000003026, 1.090684433189653 
2.2500000000003237, 1.0220705406113701 
2.260000000000345, 1.042704221193035 
2.270000000000366, 1.5501429347489812 
2.280000000000387, 1.6309021177793543 
2.290000000000408, 1.6418650465972415 
2.3000000000004293, 1.6436984877470913 
2.3100000000004504, 1.6422281899390612 
2.3200000000004715, 1.6342534218476736 
2.3300000000004926, 1.5805594150187097 
2.3400000000005137, 0.8859133175676718 
2.3500000000005348, 0.23011818731555903 
2.360000000000556, 0.3212678670979171 
2.370000000000577, 0.3730576717546453 
2.380000000000598, 0.3928578274594804 
2.390000000000619, 0.4010675793773708 
2.4000000000006403, 0.40468602443616664 
2.4100000000006614, 0.4061175200386759 
2.4200000000006825, 0.40617973085981374 
2.4300000000007036, 0.4049531827899592 
2.4400000000007247, 0.40183846793954425 
2.450000000000746, 0.394852979926671 
2.460000000000767, 0.37757382406758566 
2.470000000000788, 0.32379597873018917 
2.480000000000809, 0.07971075249629353 
2.49000000000083, -1.1588103057520456 
2.5000000000008513, -2.2440797219393365 
2.5100000000008724, -2.424027337946931 
2.5200000000008935, -2.462532135355032 
2.5300000000009146, -2.474105933793957 
2.5400000000009357, -2.4778119393954614 
2.550000000000957, -2.4784233854722197 
2.560000000000978, -2.477372555454674 
2.570000000000999, -2.474796897214171 
2.58000000000102, -2.469322640177098 
2.5900000000010412, -2.4590783404383783 
2.6000000000010624, -2.4517436341897763 
2.6100000000010835, -2.453326712302201 
2.6200000000011046, -2.4545995455231715 
2.6300000000011257, -2.4530047287516163 
2.6400000000011468, -2.447436042275993 
2.650000000001168, -2.4477930523667544 
2.660000000001189, -2.470306259301193 
2.67000000000121, -2.485966452539956 
2.680000000001231, -2.4920273651122056 
2.6900000000012523, -2.4942578256994645 
2.7000000000012734, -2.494578853868517 
2.7100000000012945, -2.4931174310965245 
2.7200000000013156, -2.4888772154159833 
2.7300000000013367, -2.478384419677709 
2.740000000001358, -2.447802795422478 
2.750000000001379, -2.3169384321012165 
2.7600000000014, -1.6777257782346786 
2.770000000001421, -1.061611533556237 
2.780000000001442, -0.9782330703518664 
2.7900000000014633, -0.9905910478497988 
2.8000000000014844, -1.00446263077084 
2.8100000000015055, -1.012120761294383 
2.8200000000015266, -1.0157042932447928 
2.8300000000015477, -1.0169098656317221 
2.840000000001569, -1.0163549745233431 
2.85000000000159, -1.0136636621868909 
2.860000000001611, -1.0068705501852273 
2.870000000001632, -0.9898268165524973 
2.8800000000016532, -0.9429197293583996 
2.8900000000016743, -0.8046134680876957 
2.9000000000016954, -0.4696537913265977 
2.9100000000017165, -0.09687592223093798 
2.9200000000017377, 0.07395222289244682 
2.9300000000017588, 0.13268271518226013 
2.94000000000178, 0.1548140356747349 
2.950000000001801, 0.16433860187457733 
2.960000000001822, 0.16881024324804708 
2.970000000001843, 0.1709494786001291 
2.9800000000018643, 0.17189134387095112 
2.9900000000018854, 0.1721900834290968 
3.0000000000019065, 0.1721678353519568 
3.0100000000019276, 0.17204821003063903 
3.0200000000019487, 0.17202236305204455 
3.03000000000197, 0.17231500746360048 
3.040000000001991, 0.17330455289159982 
3.050000000002012, 0.17578139461272102 
3.060000000002033, 0.1814691608725704 
3.070000000002054, 0.19366988966443965 
3.0800000000020753, 0.21623551930567442 
3.0900000000020964, 0.2476087931108218 
3.1000000000021175, 0.27745653081994553 
3.1100000000021386, 0.2977211840123212 
3.1200000000021597, 0.3089453095290671 
3.130000000002181, 0.31457458147956374 
3.140000000002202, 0.31710630577412313 
3.150000000002223, 0.31779365781511065 
3.160000000002244, 0.3171060568266363 
3.1700000000022652, 0.31505606973389677 
3.1800000000022863, 0.3114174462110244 
3.1900000000023074, 0.3060204378902471 
3.2000000000023285, 0.299194917151546 
3.2100000000023496, 0.2919997290194539 
3.2200000000023707, 0.2857277272707034 
3.230000000002392, 0.28111206229425456 
3.240000000002413, 0.27815243231918946 
3.250000000002434, 0.27648783434318014 
3.260000000002455, 0.27572818784399955 
3.2700000000024763, 0.2755606832059658 
3.2800000000024974, 0.2757323192242051 
3.2900000000025185, 0.27600972051019074 
3.3000000000025396, 0.2761558919819791 
3.3100000000025607, 0.2759163532084491 
3.3200000000025818, 0.27497426189381724 
3.330000000002603, 0.2728059200968597 
3.340000000002624, 0.2682838833223819 
3.350000000002645, 0.2585194116724444 
3.360000000002666, 0.23499218382849998 
3.3700000000026873, 0.16959717137362518 
3.3800000000027084, -0.018232132115281196 
3.3900000000027295, -0.3569353855874875 
3.4000000000027506, -0.5972135370805917 
3.4100000000027717, -0.690892698263356 
3.420000000002793, -0.7248029290048932 
3.430000000002814, -0.7382213322438662 
3.440000000002835, -0.7439157985061394 
3.450000000002856, -0.7461948061147232 
3.460000000002877, -0.7465457892150902 
3.4700000000028983, -0.7452620175920094 
3.4800000000029194, -0.7417461524384452 
3.4900000000029405, -0.734024604429895 
3.5000000000029616, -0.7171350861025536 
3.5100000000029827, -0.6799617144866982 
3.520000000003004, -0.6051990630327985 
3.530000000003025, -0.4917481054348247 
3.540000000003046, -0.3806160598746024 
3.550000000003067, -0.3061936354648712 
3.5600000000030882, -0.2644392941144521 
3.5700000000031094, -0.24150033552328104 
3.5800000000031305, -0.22835564286718874 
3.5900000000031516, -0.22039937926272207 
3.6000000000031727, -0.21534057304379015 
3.6100000000031938, -0.2119985028827856 
3.620000000003215, -0.2097402448342396 
3.630000000003236, -0.20822685655385306 
3.640000000003257, -0.20729954947945012 
3.650000000003278, -0.20693444613733872 
3.6600000000032993, -0.20724257557117493 
3.6700000000033204, -0.20852012663089842 
3.6800000000033415, -0.21138531081546125 
3.6900000000033626, -0.21710364325581138 
3.7000000000033837, -0.22837902174701594 
3.710000000003405, -0.25140344126716235 
3.720000000003426, -0.3014804849521566 
3.730000000003447, -0.41776800865901426 
3.740000000003468, -0.6818484153488308 
3.750000000003489, -1.1158108273109018 
3.7600000000035103, -1.4888299660080004 
3.7700000000035314, -1.6822348799709619 
3.7800000000035525, -1.7684004900896084 
3.7900000000035736, -1.8061791599020722 
3.8000000000035947, -1.8224780075217235 
3.810000000003616, -1.8291931389420981 
3.820000000003637, -1.831598675682813 
3.830000000003658, -1.8320047034252167 
3.840000000003679, -1.831522691102656 
3.8500000000037002, -1.8308148994725166 
3.8600000000037213, -1.8300606455362427 
3.8700000000037424, -1.8290125013893956 
3.8800000000037635, -1.8277513095941706 
3.8900000000037847, -1.8269333116761595 
3.9000000000038058, -1.826710770786501 
3.910000000003827, -1.8262346091193202 
3.920000000003848, -1.8242221038128608 
3.930000000003869, -1.8180060064361503 
3.94000000000389, -1.7985265161405095 
3.9500000000039113, -1.7291388987763985 
3.9600000000039324, -1.4617583691763434 
3.9700000000039535, -0.7776188394949963 
3.9800000000039746, -0.22684383349268936 
3.9900000000039957, -0.03511629587785708 
4.000000000004016, 0.028713880103522372 
4.010000000003993, 0.05385821019039656 
4.02000000000397, 0.0653528821047909 
4.030000000003946, 0.0711288455633439 
4.040000000003923, 0.07415592985503869 
4.0500000000039, 0.0756891060407849 
4.0600000000038765, 0.07628731973537958 
4.070000000003853, 0.07616617868633903 
4.08000000000383, 0.07530598341818967 
4.090000000003807, 0.07341954679057847 
4.100000000003783, 0.06973597033504222 
4.11000000000376, 0.062331193898918856 
4.120000000003737, 0.045993850978349855 
4.130000000003713, 0.004498158762001199 
4.14000000000369, -0.12095953340805717 
4.150000000003667, -0.600842998943424 
4.1600000000036434, -3.189089053708026 
4.17000000000362, -3.6678538942748786 
4.180000000003597, -3.689125392421076 
4.1900000000035735, -3.692040909067682 
4.20000000000355, -3.690974014165539 
4.210000000003527, -3.6846975115843685 
4.220000000003504, -3.6404052154616044 
4.23000000000348, -3.056289887538968 
4.240000000003457, -3.2201520083739035 
4.250000000003434, -3.2535960692488137 
4.26000000000341, -3.2564951725330316 
4.270000000003387, -3.256083813213035 
4.280000000003364, -3.255538697860782 
4.2900000000033405, -3.2541664612920775 
4.300000000003317, -3.252532137152714 
4.310000000003294, -3.252352513857511 
4.320000000003271, -3.2500988663482238 
4.330000000003247, -3.2361299193991178 
4.340000000003224, -3.2417303705447487 
4.350000000003201, -3.297550237148527 
4.360000000003177, -3.3098215735841996 
4.370000000003154, -3.3122355800219543 
4.380000000003131, -3.311659688840055 
4.390000000003107, -3.307250009694345 
4.400000000003084, -3.287188325418067 
4.410000000003061, -3.0771407716246166 
4.4200000000030375, 0.5197104206094083 
4.430000000003014, 1.214135875828426 
4.440000000002991, 1.2546496842073451 
4.450000000002968, 1.2618442821428386 
4.460000000002944, 1.2635828209083053 
4.470000000002921, 1.2638561329080187 
4.480000000002898, 1.2637390529991432 
4.490000000002874, 1.2637015397456746 
4.500000000002851, 1.2639331957364872 
4.510000000002828, 1.2643646379458906 
4.520000000002804, 1.264795916964533 
4.530000000002781, 1.2650709240692994 
4.540000000002758, 1.2650868099927313 
4.5500000000027345, 1.264649026446222 
4.560000000002711, 1.263165436845463 
4.570000000002688, 1.258429300508917 
4.580000000002665, 1.2379545809846575 
4.590000000002641, 1.0319872441901397 
4.600000000002618, -2.491977781251508 
4.610000000002595, -3.2153875825074585 
4.620000000002571, -3.2548501944096158 
4.630000000002548, -3.261080413445189 
4.640000000002525, -3.261596639180529 
4.6500000000025015, -3.259576525978877 
4.660000000002478, -3.2527398807494974 
4.670000000002455, -3.227257006475091 
4.6800000000024315, -3.209959830448561 
4.690000000002408, -3.220118609461955 
4.700000000002385, -3.221763086799902 
4.710000000002362, -3.2206306179815747 
4.720000000002338, -3.2214040147074448 
4.730000000002315, -3.2230786169821344 
4.740000000002292, -3.223241566417846 
4.750000000002268, -3.222881483228364 
4.760000000002245, -3.2203974515326053 
4.770000000002222, -3.202233266874181 
4.7800000000021985, -2.8283786898691248 
4.790000000002175, -3.68422403263932 
4.800000000002152, -5.867429610541828 
4.810000000002129, -5.872431096028562 
4.820000000002105, -5.867560018608153 
4.830000000002082, -5.114008921573996 
4.840000000002059, 3.7929881319259424 
4.850000000002035, 3.8042792896630737 
4.860000000002012, 3.8032919949488617 
4.870000000001989, 3.7894395831636745 
4.880000000001965, 3.749689207352797 
4.890000000001942, 3.7696819774649164 
4.900000000001919, 3.7707597902932237 
4.9100000000018955, 3.770416618164255 
4.920000000001872, 3.7698236886337897 
4.930000000001849, 3.7682426818297463 
4.940000000001826, 3.7677122142990394 
4.950000000001802, 3.7636711285912208 
4.960000000001779, 3.7546072228062584 
4.970000000001756, 3.7806091866268297 
4.980000000001732, 3.7841669817361185 
4.990000000001709, 3.7824623793373613 
5.000000000001686, 3.7425714287464102 
5.0100000000016625, -5.956899941822702 
5.020000000001639, -6.043366335779328 
5.030000000001616, -6.043141058962975 
5.0400000000015925, -6.019822900208682 
5.050000000001569, 3.6233423083156593 
5.060000000001546, 3.796450745385905 
5.070000000001523, 3.798469985508228 
5.080000000001499, 3.795539862752052 
5.090000000001476, 3.7728725594151555 
5.100000000001453, 3.770852684495592 
5.110000000001429, 3.776362042402893 
5.120000000001406, 3.7758882932640616 
5.130000000001383, 3.776069107670847 
5.1400000000013595, 3.775721270582919 
5.150000000001336, 3.7747733421630363 
5.160000000001313, 3.773394331655857 
5.17000000000129, 3.75993764939385 
5.180000000001266, 3.778590546581023 
5.190000000001243, 3.8001663383447295 
5.20000000000122, 3.8010375885877736 
5.210000000001196, 3.7948812661437885 
5.220000000001173, 1.543192872190744 
5.23000000000115, -5.866676783303918 
5.240000000001126, -5.873785422123506 
5.250000000001103, -5.869889179169695 
5.26000000000108, -5.5668995223395985 
5.2700000000010565, 1.8694009242810157 
5.280000000001033, 2.255746828060562 
5.29000000000101, 2.269050150674558 
5.300000000000987, 2.2705249247872943 
5.310000000000963, 2.270359591082497 
5.32000000000094, 2.269523144968014 
5.330000000000917, 2.267619457489391 
5.340000000000893, 2.2651838249546477 
5.35000000000087, 2.2641536193062914 
5.360000000000847, 2.263954052607528 
5.3700000000008234, 2.262038119232355 
5.3800000000008, 2.250921304784712 
5.390000000000777, 2.2031564650767415 
5.4000000000007535, 2.329573397657475 
5.41000000000073, 2.3722554463907994 
5.420000000000707, 2.3774405331280195 
5.430000000000684, 2.3770634960458 
5.44000000000066, 2.370122727445513 
5.450000000000637, 2.2386531464562234 
5.460000000000614, -4.0303305287033755 
5.47000000000059, -4.215818572768592 
5.480000000000567, -4.2219914557509055 
5.490000000000544, -4.221160380367209 
5.5000000000005205, -4.215545242280499 
5.510000000000497, -4.186191273746452 
5.520000000000474, -4.191007514884679 
5.5300000000004506, -4.195121206230792 
5.540000000000427, -4.194335377089226 
5.550000000000404, -4.1943779518149285 
5.560000000000381, -4.193379149305796 
5.570000000000357, -4.192741528367209 
5.580000000000334, -4.189668339543914 
5.590000000000311, -4.171100083614298 
5.600000000000287, -4.20849240043444 
5.610000000000264, -4.219336604425133 
5.620000000000241, -4.2200937761109465 
5.6300000000002175, -4.216666623757488 
5.640000000000194, -4.17840554813434 
5.650000000000171, 0.778306009314807 
5.660000000000148, 2.2689983387376413 
5.670000000000124, 2.2875748416909163 
5.680000000000101, 2.289208989189378 
5.690000000000078, 2.287166040120276 
5.700000000000054, 2.27603567681305 
5.710000000000031, 2.2181724126570392 
5.720000000000008, 2.189058854861478 
5.729999999999984, 2.208823224545082 
5.739999999999961, 2.213038564458569 
5.749999999999938, 2.2129943003094636 
5.7599999999999145, 2.212015644396368 
5.769999999999891, 2.213276591430889 
5.779999999999868, 2.2168196168295027 
5.789999999999845, 2.219043251455356 
5.799999999999821, 2.2195415791080984 
5.809999999999798, 2.218869556833772 
5.819999999999775, 2.215462735494215 
5.829999999999751, 2.187879042959878 
5.839999999999728, -0.00801226401303754 
5.849999999999705, -4.440361086931204 
5.8599999999996815, -4.471177266349593 
5.869999999999658, -4.472989991164612 
5.879999999999635, -4.469790701347155 
5.8899999999996115, -4.439241800957111 
5.899999999999588, -3.1893872371199237 
5.909999999999565, -3.7283155433628976 
5.919999999999542, -3.7549129252157223 
5.929999999999518, -3.7563307744186636 
5.939999999999495, -3.7554415888887354 
5.949999999999472, -3.7531588293635076 
5.959999999999448, -3.749080783525173 
5.969999999999425, -3.749398231592166 
5.979999999999402, -3.748442052164568 
5.9899999999993785, -3.74385214823523 
5.999999999999355, -3.7512261283728408 
6.009999999999332, -3.7567164307336354 
6.019999999999309, -3.757465837839085 
6.029999999999285, -3.755958919721227 
6.039999999999262, -3.743991873682149 
6.049999999999239, -3.3984853729251023 
6.059999999999215, 2.186239338785758 
6.069999999999192, 2.305171068568199 
6.079999999999169, 2.3115929951801193 
6.089999999999145, 2.3112499796502504 
6.099999999999122, 2.3047611148161034 
6.109999999999099, 2.2421485734997506 
6.1199999999990755, 1.8576739810319758 
6.129999999999052, 1.9957118827365403 
6.139999999999029, 2.0172304796444713 
6.149999999999006, 2.0202471012229015 
6.159999999998982, 2.020297675742342 
6.169999999998959, 2.0201317971110373 
6.179999999998936, 2.02098131620075 
6.189999999998912, 2.022260850998456 
6.199999999998889, 2.0228732446571662 
6.209999999998866, 2.0228058385639343 
6.2199999999988425, 2.0222054993734058 
6.229999999998819, 2.019954024036177 
6.239999999998796, 2.007503265697583 
6.2499999999987725, 1.781925843856333 
6.259999999998749, -4.253223525049223 
6.269999999998726, -4.575674809834364 
6.279999999998703, -4.5832185764689335 
6.289999999998679, -4.582341734255706 
6.299999999998656, -4.572292518281624 
6.309999999998633, -4.160875598984495 
6.319999999998609, -0.5825147619921509 
6.329999999998586, -0.13895156980730825 
6.339999999998563, 0.0038490234018228155 
6.3499999999985395, 0.05186518148322389 
6.359999999998516, 0.07023164674924717 
6.369999999998493, 0.07816731896189137 
6.37999999999847, 0.08185005579114235 
6.389999999998446, 0.0835313835800789 
6.399999999998423, 0.08410852418298784 
6.4099999999984, 0.08392843617221651 
6.419999999998376, 0.08305188719565482 
6.429999999998353, 0.0813106518178928 
6.43999999999833, 0.07822806125641069 
6.449999999998306, 0.07272923579404908 
6.459999999998283, 0.06230673865491683 
6.46999999999826, 0.040415810388737455 
6.4799999999982365, -0.012840478161401913 
6.489999999998213, -0.16832166177715785 
6.49999999999819, -0.6435007349025084 
6.509999999998167, -1.374798686660092 
6.519999999998143, -1.7096977119830463 
6.52999999999812, -1.7969778832382093 
6.539999999998097, -1.8203742740769702 
6.549999999998073, -1.827273949466456 
6.55999999999805, -1.829124680614837 
6.569999999998027, -1.8291491917987102 
6.5799999999980034, -1.8287291604433384 
6.58999999999798, -1.8288113112693662 
6.599999999997957, -1.8294252813486067 
6.6099999999979335, -1.8299083631266282 
6.61999999999791, -1.8300696568458577 
6.629999999997887, -1.8301645406349105 
6.639999999997864, -1.8301078701596574 
6.64999999999784, -1.829298651010522 
6.659999999997817, -1.8267266940039035 
6.669999999997794, -1.8203719555480866 
6.67999999999777, -1.8056450677772369 
6.689999999997747, -1.772213864941302 
6.699999999997724, -1.696955134327449 
6.7099999999977005, -1.5289298998048402 
6.719999999997677, -1.1924630848823539 
6.729999999997654, -0.7547970157116493 
6.7399999999976306, -0.4579995937180278 
6.749999999997607, -0.32207331961981084 
6.759999999997584, -0.2634113084590302 
6.769999999997561, -0.23649452850973934 
6.779999999997537, -0.22321315257322832 
6.789999999997514, -0.21629015502754673 
6.799999999997491, -0.2125836050800916 
6.809999999997467, -0.21063707979651056 
6.819999999997444, -0.20974156304822938 
6.829999999997421, -0.20955240428374408 
6.8399999999973975, -0.2099273851097085 
6.849999999997374, -0.21086362105225867 
6.859999999997351, -0.21248841373052038 
6.869999999997328, -0.2150936052771629 
6.879999999997304, -0.21922972174391947 
6.889999999997281, -0.2259174843521874 
6.899999999997258, -0.23711656417140675 
6.909999999997234, -0.2567405426277688 
6.919999999997211, -0.292547508947517 
6.929999999997188, -0.35743414788332345 
6.939999999997164, -0.4596431944904323 
6.949999999997141, -0.57387110561323 
6.959999999997118, -0.6557427465335011 
6.9699999999970945, -0.6981250503757291 
6.979999999997071, -0.7173691525044295 
6.989999999997048, -0.7259223265179773 
6.999999999997025, -0.7296153157133525 
7.009999999997001, -0.7308260597809819 
7.019999999996978, -0.730362034967916 
7.029999999996955, -0.7281173542261322 
7.039999999996931, -0.7229465986350327 
7.049999999996908, -0.7114803680160038 
7.059999999996885, -0.684098032786309 
7.0699999999968615, -0.6127838831971564 
7.079999999996838, -0.4347695928428242 
7.089999999996815, -0.15210077445175996 
7.0999999999967915, 0.04612112466154869 
7.109999999996768, 0.12657007107575652 
7.119999999996745, 0.15699752678138884 
7.129999999996722, 0.16967294543770634 
7.139999999996698, 0.1754574479511025 
7.149999999996675, 0.17818098190743742 
7.159999999996652, 0.17936465870436058 
7.169999999996628, 0.17970653265721254 
7.179999999996605, 0.17959313111810704 
7.189999999996582, 0.17928853864019859 
7.1999999999965585, 0.17900706985314513 
7.209999999996535, 0.1789542575023136 
7.219999999996512, 0.17938403092215938 
7.229999999996489, 0.18070795621679658 
7.239999999996465, 0.18368822333332366 
7.249999999996442, 0.1896789981674926 
7.259999999996419, 0.20051713556813128 
7.269999999996395, 0.2170135719069955 
7.279999999996372, 0.23638217708280407 
7.289999999996349, 0.2533123690955007 
7.299999999996325, 0.26487013142268095 
7.309999999996302, 0.2715750610511771 
7.319999999996279, 0.27501907470413994 
7.3299999999962555, 0.2764025951796095 
7.339999999996232, 0.27632269990609093 
7.349999999996209, 0.2749066109432294 
7.359999999996186, 0.27194530154865865 
7.369999999996162, 0.2670689867156431 
7.379999999996139, 0.260135566581195 
7.389999999996116, 0.2517877759960657 
7.399999999996092, 0.24351690110111476 
7.409999999996069, 0.236765111078561 
7.419999999996046, 0.23207060535588017 
7.4299999999960225, 0.22918511347340198 
7.439999999995999, 0.2276154799670283 
7.449999999995976, 0.22693535082797567 
7.4599999999959525, 0.22683544912428025 
7.469999999995929, 0.22707425744042511 
7.479999999995906, 0.22742592073331774 
7.489999999995883, 0.22765593585986257 
7.499999999995859, 0.22751396430730683 
7.509999999995836, 0.22670317242614596 
7.519999999995813, 0.22476571505863713 
7.529999999995789, 0.22077469385221585 
7.539999999995766, 0.21250894622896074 
7.549999999995743, 0.1940235308397436 
7.5599999999957195, 0.14838511652455316 
7.569999999995696, 0.03442617365907262 
7.579999999995673, -0.17056425393385383 
7.58999999999565, -0.34961087084273323 
7.599999999995626, -0.43423338113833143 
7.609999999995603, -0.46752849388610257 
7.61999999999558, -0.48131104924836754 
7.629999999995556, -0.4875119291934298 
7.639999999995533, -0.49035405696301426 
7.64999999999551, -0.49140397346514086 
7.659999999995486, -0.49120708260057205 
7.669999999995463, -0.4898129161586179 
7.67999999999544, -0.4869493550224684 
7.6899999999954165, -0.4821496702599797 
7.699999999995393, -0.4750552509043491 
7.70999999999537, -0.4659478927021411 
7.719999999995347, -0.456025467660811 
7.729999999995323, -0.4468187095302871 
7.7399999999953, -0.4392887387551572 
7.749999999995277, -0.4335996755593189 
7.759999999995253, -0.4294678356000906 
7.76999999999523, -0.4265055428801069 
7.779999999995207, -0.4243693306544246 
7.789999999995183, -0.42279070770121346 
7.79999999999516, -0.42157514449712474 
7.809999999995137, -0.42060189897643874 
7.8199999999951135, -0.4198264850036715 
7.82999999999509, -0.41928417959055053 
7.839999999995067, -0.4191008397459175 
7.849999999995044, -0.41952299749370725 
7.85999999999502, -0.42098248114060366 
7.869999999994997, -0.42421830706160685 
7.879999999994974, -0.43049621703125684 
7.88999999999495, -0.44199807926811274 
7.899999999994927, -0.4624944233567166 
7.909999999994904, -0.49840162496370927 
7.9199999999948805, -0.5599631906416745 
7.929999999994857, -0.6607217046486442 
7.939999999994834, -0.8103035114916594 
7.9499999999948106, -0.9981528562741578 
7.959999999994787, -1.1863801135826768 
7.969999999994764, -1.333586775964329 
7.979999999994741, -1.4246478301999699 
7.989999999994717, -1.4711626235951072 
7.999999999994694, -1.4920632083070269 
8.00999999999467, -1.5007660931499558 
8.019999999994647, -1.5040755688076994 
8.029999999994624, -1.5049603778422878 
8.0399999999946, -1.5047576739135293 
8.049999999994577, -1.504382861222348 
8.059999999994554, -1.5047091354501316 
8.06999999999453, -1.5060455928875578 
8.079999999994508, -1.5078334968877454 
8.089999999994484, -1.509433167662564 
8.099999999994461, -1.5106697084348752 
8.109999999994438, -1.5115923139324676 
8.119999999994414, -1.5121447743237875 
8.129999999994391, -1.5121373204660444 
8.139999999994368, -1.5113562487569863 
8.149999999994344, -1.5096210124779523 
8.159999999994321, -1.5067930069883941 
8.169999999994298, -1.5027484794574644 
8.179999999994275, -1.497299291035188 
8.189999999994251, -1.4900672939591426 
8.199999999994228, -1.4803149772203104 
8.209999999994205, -1.4667717177088748 
8.219999999994181, -1.447879276213406 
8.229999999994158, -1.4239184419847581 
8.239999999994135, -1.401403707614327 
8.249999999994111, -1.3897737173795852 
8.259999999994088, -1.3882966847489944 
8.269999999994065, -1.389894033558044 
8.279999999994041, -1.3909186624999597 
8.289999999994018, -1.3904678054353792 
8.299999999993995, -1.387670589475822 
8.309999999993972, -1.3794169143630477 
8.319999999993948, -1.3538031809147257 
8.329999999993925, -1.2575001181585215 
8.339999999993902, -0.8188197832699272 
8.349999999993878, 0.32234258034619234 
8.359999999993855, 0.7382918448764093 
8.369999999993832, 0.8011199246093366 
8.379999999993808, 0.8153731459257832 
8.389999999993785, 0.8196036643800264 
8.399999999993762, 0.820599125348577 
8.409999999993738, 0.8198637297754517 
8.419999999993715, 0.8174773577155732 
8.429999999993692, 0.8129232515403905 
8.439999999993669, 0.8057076993161569 
8.449999999993645, 0.7965531733507658 
8.459999999993622, 0.7880073629806051 
8.469999999993599, 0.7823787733723343 
8.479999999993575, 0.7797100970282868 
8.489999999993552, 0.7787604525093407 
8.499999999993529, 0.77843533112623 
8.509999999993505, 0.778060877649862 
8.519999999993482, 0.7771091292256256 
8.529999999993459, 0.7747279046963674 
8.539999999993436, 0.7685117242939298 
8.549999999993412, 0.7486395120568263 
8.559999999993389, 0.6496419095616737 
8.569999999993366, -0.37828644075306905 
8.579999999993342, -2.496760632030644 
8.589999999993319, -2.735774846128579 
8.599999999993296, -2.769716565063141 
8.609999999993272, -2.7776646107795147 
8.619999999993249, -2.7793875116546367 
8.629999999993226, -2.77871944219645 
8.639999999993202, -2.776223317661902 
8.64999999999318, -2.769947005699245 
8.659999999993156, -2.755825098066009 
8.669999999993133, -2.747868273209918 
8.67999999999311, -2.751711933010679 
8.689999999993086, -2.7528055479103335 
8.699999999993063, -2.7507527017535702 
8.70999999999304, -2.7488631405657236 
8.719999999993016, -2.7560016235622466 
8.729999999992993, -2.762682199101817 
8.73999999999297, -2.7651526755994165 
8.749999999992946, -2.7657108858751247 
8.759999999992923, -2.7646348501181803 
8.7699999999929, -2.7598648467015225 
8.779999999992876, -2.7412219038270433 
8.789999999992853, -2.633961505652711 
8.79999999999283, -1.444190428005485 
8.809999999992806, 0.5264330000527285 
8.819999999992783, 0.7335615370857574 
8.82999999999276, 0.7652438169432114 
8.839999999992736, 0.7736519174239668 
8.849999999992713, 0.7764367783917635 
8.85999999999269, 0.7773222978848684 
8.869999999992666, 0.7774646097030115 
8.879999999992643, 0.777398045729404 
8.88999999999262, 0.7775279827007914 
8.899999999992596, 0.7782738698848454 
8.909999999992573, 0.7800179293900524 
8.91999999999255, 0.7828592215413297 
8.929999999992527, 0.786367228506503 
8.939999999992503, 0.7897384946039675 
8.94999999999248, 0.7923072199395449 
8.959999999992457, 0.7938137441254545 
8.969999999992433, 0.7942291969682398 
8.97999999999241, 0.7933928254811047 
8.989999999992387, 0.7904405266495815 
8.999999999992363, 0.7819096636625167 
9.00999999999234, 0.7508796792653684 
9.019999999992317, 0.5612436482950627 
9.029999999992294, -0.8704126664297686 
9.03999999999227, -1.9336619196864029 
9.049999999992247, -2.0657841643279804 
9.059999999992224, -2.087895761802504 
9.0699999999922, -2.0928581755713793 
9.079999999992177, -2.0936682155442408 
9.089999999992154, -2.0932772207703083 
9.09999999999213, -2.093107024329875 
9.109999999992107, -2.09347664268016 
9.119999999992084, -2.0936133441214815 
9.12999999999206, -2.093368849169415 
9.139999999992037, -2.0932103198099234 
9.149999999992014, -2.092877478554086 
9.15999999999199, -2.0912122460670517 
9.169999999991967, -2.08554334954309 
9.179999999991944, -2.0658369936115797 
9.18999999999192, -1.9816205769249204 
9.199999999991897, -1.541085006620925 
9.209999999991874, -0.3934336687061015 
9.21999999999185, 0.12131424376060776 
9.229999999991827, 0.2360617524766905 
9.239999999991804, 0.26916453645915084 
9.24999999999178, 0.28148541426070695 
9.259999999991757, 0.2868209861893732 
9.269999999991734, 0.28928193862793167 
9.27999999999171, 0.2903752792864897 
9.289999999991688, 0.2907477715950321 
9.299999999991664, 0.2907167198722864 
9.309999999991641, 0.2904713788461959 
9.319999999991618, 0.2902012746738837 
9.329999999991594, 0.290310941557134 
9.339999999991571, 0.29203875774347343 
9.349999999991548, 0.29927967891933405 
9.359999999991524, 0.3219421278193285 
9.369999999991501, 0.3709783334631976 
9.379999999991478, 0.4307239951172237 
9.389999999991455, 0.47135242926339804 
9.399999999991431, 0.4910660534291284 
9.409999999991408, 0.49968065120572486 
9.419999999991385, 0.5032600058289962 
9.429999999991361, 0.5043395439150677 
9.439999999991338, 0.5037619087393466 
9.449999999991315, 0.5014950351474281 
9.459999999991291, 0.4968681599251263 
9.469999999991268, 0.48877259399643336 
9.479999999991245, 0.4765827157026237 
9.489999999991221, 0.46198955321845697 
9.499999999991198, 0.4489808610798748 
9.509999999991175, 0.44026359876978927 
9.519999999991152, 0.43552421874102876 
9.529999999991128, 0.4332426106450896 
9.539999999991105, 0.43219615921255017 
9.549999999991082, 0.4316744047673322 
9.559999999991058, 0.43127235384461915 
9.569999999991035, 0.4306959601085459 
9.579999999991012, 0.4296129434503351 
9.589999999990988, 0.4274557503548209 
9.599999999990965, 0.42293918079015863 
9.609999999990942, 0.41242489122538784 
9.619999999990918, 0.3826861870332908 
9.629999999990895, 0.26597250540396344 
9.639999999990872, -0.39658155706414827 
9.649999999990849, -1.8109848667762265 
9.659999999990825, -2.1756679762319804 
9.669999999990802, -2.233960679297708 
9.679999999990779, -2.2466633151634268 
9.689999999990755, -2.2497234046671037 
9.699999999990732, -2.2499831002133153 
9.709999999990709, -2.2493800328572773 
9.719999999990685, -2.2486138911185036 
9.729999999990662, -2.247365494214384 
9.739999999990639, -2.2455565965523143 
9.749999999990616, -2.2444673241407624 
9.759999999990592, -2.2443091190350235 
9.769999999990569, -2.2432992926717628 
9.779999999990546, -2.2383847480202905 
9.789999999990522, -2.214991009975573 
9.799999999990499, -2.0434558951681003 
9.809999999990476, -0.7248305771300128 
9.819999999990452, 2.656354064872367 
9.829999999990429, 2.732299016450944 
9.839999999990406, 2.7360664469335667 
9.849999999990382, 2.733967856306678 
9.85999999999036, 2.708721323311827 
9.869999999990336, -0.37268383709934444 
9.879999999990313, -3.4731980314829256 
9.88999999999029, -3.518860968461592 
9.899999999990266, -3.522147081791521 
9.909999999990243, -3.521584931941465 
9.91999999999022, -3.5196795492384405 
9.929999999990196, -3.514680214856272 
9.939999999990173, -3.511992230920098 
9.94999999999015, -3.5131726871952873 
9.959999999990126, -3.511132327739575 
9.969999999990103, -3.50852454753974 
9.97999999999008, -3.5168676528847245 
9.989999999990056, -3.520765889168009 
9.999999999990033, -3.5212838448778117 
10.00999999999001, -3.519694239096926 
10.019999999989986, -3.5088397882926436 
10.029999999989963, -3.3252121031945103 
10.03999999998994, 1.5745030652526393 
10.049999999989916, 1.9130932590712735 
10.059999999989893, 1.9277852872174943 
10.06999999998987, 1.9295596785814553 
10.079999999989846, 1.9278671895519097 
10.089999999989823, 1.9192339292966065 
10.0999999999898, 1.8728690392508909 
10.109999999989776, 1.7595225913175283 
10.119999999989753, 1.782496528674935 
10.12999999998973, 1.7976559022318728 
10.139999999989707, 1.8009286449734734 
10.149999999989683, 1.8008449513729299 
10.15999999998966, 1.7994777357830518 
10.169999999989637, 1.7994275432257154 
10.179999999989613, 1.804298666646512 
10.18999999998959, 1.810733501923697 
10.199999999989567, 1.814362681866367 
10.209999999989543, 1.8155333775421951 
10.21999999998952, 1.8150849050791176 
10.229999999989497, 1.8120290609869023 
10.239999999989474, 1.7947297472321733 
10.24999999998945, 1.4052921449707836 
10.259999999989427, -3.6445283806421096 
10.269999999989404, -3.8020220374347042 
10.27999999998938, -3.8121115723934493 
10.289999999989357, -3.8127273953579994 
10.299999999989334, -3.809877175188409 
10.30999999998931, -3.7952463777404497 
10.319999999989287, -3.720399740534275 
10.329999999989264, -3.742093421340562 
10.33999999998924, -3.7493102052296132 
10.349999999989217, -3.7490729118295922 
10.359999999989194, -3.7487656796512128 
10.36999999998917, -3.748139338672055 
10.379999999989147, -3.746992070141424 
10.389999999989124, -3.7464243124075374 
10.3999999999891, -3.740943911783546 
10.409999999989077, -3.7197610784915254 
10.419999999989054, -3.773114433275402 
10.42999999998903, -3.78790421046156 
10.439999999989007, -3.7898684074456463 
10.449999999988984, -3.7884480744159235 
10.45999999998896, -3.779007634311282 
10.469999999988937, -3.6644556168142848 
10.479999999988914, 1.1442636165880185 
10.48999999998889, 1.7663477711351567 
10.499999999988868, 1.787481809853329 
10.509999999988844, 1.7904885019629089 
10.519999999988821, 1.790442195871788 
10.529999999988798, 1.788589905240024 
10.539999999988774, 1.7838754430395034 
10.549999999988751, 1.7752815299136557 
10.559999999988728, 1.767853979588359 
10.569999999988704, 1.7670008117239693 
10.579999999988681, 1.7681896074886208 
10.589999999988658, 1.768150689393521 
10.599999999988635, 1.7654047929350334 
10.609999999988611, 1.7547508772915326 
10.619999999988588, 1.731401223093199 
10.629999999988565, 1.8037500284070618 
10.639999999988541, 1.8620861075599215 
10.649999999988518, 1.8738857028132032 
10.659999999988495, 1.8760544824870191 
10.669999999988471, 1.8748738835833685 
10.679999999988448, 1.8669307429410824 
10.689999999988425, 1.7821935851766724 
10.699999999988401, -2.465110661823357 
10.709999999988378, -3.4672735273199455 
10.719999999988355, -3.4921583796640974 
10.729999999988332, -3.4944563344514075 
10.739999999988308, -3.493556040792368 
10.749999999988285, -3.4904640132573803 
10.759999999988262, -3.481688837980355 
10.769999999988238, -3.4780972120658253 
10.779999999988215, -3.4806819573245553 
10.789999999988192, -3.479545553402486 
10.799999999988168, -3.4780907935572394 
10.809999999988145, -3.4826160754595508 
10.819999999988122, -3.4847631333661355 
10.829999999988098, -3.4848833226986073 
10.839999999988075, -3.483225337776338 
10.849999999988052, -3.471187988760925 
10.859999999988029, -3.20399049221119 
10.869999999988005, 2.321848459708605 
10.879999999987982, 2.53965619452476 
10.889999999987959, 2.5471997551381915 
10.899999999987935, 2.546737232229737 
10.909999999987912, 2.538000761380153 
10.919999999987889, 2.350916032255083 
10.929999999987865, 0.9291300543040972 
10.939999999987842, 1.3777060915335841 
10.949999999987819, 1.4284496037697223 
10.959999999987796, 1.4368843762394026 
10.969999999987772, 1.4386232306931581 
10.979999999987749, 1.43853884906039 
10.989999999987726, 1.4381054797669144 
10.999999999987702, 1.4387398989709026 
11.009999999987679, 1.4415839513102542 
11.019999999987656, 1.4456663269837304 
11.029999999987632, 1.4489366873101637 
11.039999999987609, 1.4506761674849824 
11.049999999987586, 1.4511183184953977 
11.059999999987562, 1.4502905695419979 
11.06999999998754, 1.4468026357930899 
11.079999999987516, 1.4310479920585535 
11.089999999987493, 1.25808642511684 
11.09999999998747, -2.747563623131567 
11.109999999987446, -3.406120571076027 
11.119999999987423, -3.435455833005972 
11.1299999999874, -3.4393692567651093 
11.139999999987376, -3.4389088253398663 
11.149999999987353, -3.435640673179388 
11.15999999998733, -3.4230240798601175 
11.169999999987306, -3.3954729730846394 
11.179999999987283, -3.403355794301318 
11.18999999998726, -3.4067717174501366 
11.199999999987236, -3.4058999465007616 
11.209999999987213, -3.4060349808380153 
11.21999999998719, -3.407566238653785 
11.229999999987166, -3.4076042062422447 
11.239999999987143, -3.4071863299972995 
11.24999999998712, -3.4044748865857897 
11.259999999987096, -3.3808456503098077 
11.269999999987073, -3.0189241340232558 
11.27999999998705, -3.9490322112261724 
11.289999999987026, -4.014349096959504 
11.299999999987003, -4.019565349700441 
11.30999999998698, -4.019017930448709 
11.319999999986956, -4.012885520377653 
11.329999999986933, -3.953709990536094 
11.33999999998691, -0.8501258742480108 
11.349999999986887, 1.210646038631593 
11.359999999986863, 1.3188893876830166 
11.36999999998684, 1.3330245159438607 
11.379999999986817, 1.3361091820194133 
11.389999999986793, 1.3366093805259451 
11.39999999998677, 1.3364037687883241 
11.409999999986747, 1.336523595343492 
11.419999999986723, 1.3378786261281443 
11.4299999999867, 1.3405521117141503 
11.439999999986677, 1.3434533482820918 
11.449999999986654, 1.345534770820125 
11.45999999998663, 1.3465474444982306 
11.469999999986607, 1.3465708547648227 
11.479999999986584, 1.3453188451906664 
11.48999999998656, 1.3407951941070189 
11.499999999986537, 1.320071994718328 
11.509999999986514, 1.0770148407537852 
11.51999999998649, -2.7845626932792698 
11.529999999986467, -3.300260015475895 
11.539999999986444, -3.328836304903212 
11.54999999998642, -3.3329485210592957 
11.559999999986397, -3.3326672906212194 
11.569999999986374, -3.3299026675906043 
11.57999999998635, -3.3202944590554373 
11.589999999986327, -3.296860466622186 
11.599999999986304, -3.299850683093498 
11.60999999998628, -3.303929090027764 
11.619999999986257, -3.3032411644457795 
11.629999999986234, -3.302697385506473 
11.63999999998621, -3.3050616307546448 
11.649999999986187, -3.305954279813599 
11.659999999986164, -3.305818252435811 
11.66999999998614, -3.3044261780615565 
11.679999999986117, -3.2949268895979564 
11.689999999986094, -3.1501152181098826 
11.69999999998607, 0.1205454429036699 
11.709999999986048, 3.9195696385006507 
11.719999999986024, 3.9304175936464056 
11.729999999986001, 3.927961666718886 
11.739999999985978, 3.7818647708227537 
11.749999999985954, -5.561221612252707 
11.759999999985931, -5.584314506029021 
11.769999999985908, -5.583082706958877 
11.779999999985884, -5.56531548497994 
11.789999999985861, -5.540657471193211 
11.799999999985838, -5.551201870372283 
11.809999999985815, -5.550239352974827 
11.819999999985791, -5.5472605400325055 
11.829999999985768, -5.545871002880217 
11.839999999985745, -5.54445068606787 
11.849999999985721, -5.5446463889922555 
11.859999999985698, -5.5455348999749665 
11.869999999985675, -5.544255683843275 
11.879999999985651, -5.5244412911334155 
11.889999999985628, -5.565164181390058 
11.899999999985605, -5.578526612443516 
11.909999999985581, -5.577339546578959 
11.919999999985558, -5.543988738531546 
11.929999999985535, 3.6905408509573157 
11.939999999985512, 3.7912317734708068 
11.949999999985488, 3.7923304670518734 
11.959999999985465, 3.781580098542302 
11.969999999985442, 2.224323902447484 
11.979999999985418, 3.0244270639803483 
11.989999999985395, 3.0452704920349447 
11.999999999985372, 3.046378252201585 
12.009999999985348, 3.0455361955517573 
12.019999999985325, 3.0422506240116243 
12.029999999985302, 3.0369469125721587 
12.039999999985278, 3.0370656009219164 
12.049999999985255, 3.0373539122894253 
12.059999999985232, 3.0339537383469937 
12.069999999985209, 3.0321080964121636 
12.079999999985185, 3.044602597921267 
12.089999999985162, 3.0489216834660766 
12.099999999985139, 3.0489076427016304 
12.109999999985115, 3.0450711247027193 
12.119999999985092, 2.95860022830775 
12.129999999985069, -5.200323286841739 
12.139999999985045, -5.314412342160772 
12.149999999985022, -5.316366775010279 
12.159999999984999, -5.310772846595314 
12.169999999984976, -4.9837706194785865 
12.179999999984952, 2.575266545093209 
12.189999999984929, 2.671683379896757 
12.199999999984906, 2.676048266994256 
12.209999999984882, 2.676048185177811 
12.219999999984859, 2.674384981725851 
12.229999999984836, 2.669661725426736 
12.239999999984812, 2.6644300225306514 
12.249999999984789, 2.6648974908136847 
12.259999999984766, 2.6653039021155895 
12.269999999984742, 2.66240487994227 
12.27999999998472, 2.655902591088537 
12.289999999984696, 2.6703457783888487 
12.299999999984673, 2.682616236608137 
12.30999999998465, 2.685074937788543 
12.319999999984626, 2.6842752031678616 
12.329999999984603, 2.676683422564101 
12.33999999998458, 2.3982672532704497 
12.349999999984556, -4.648516345706236 
12.359999999984533, -4.707967892566782 
12.36999999998451, -4.710421804091273 
12.379999999984486, -4.70727047992485 
12.389999999984463, -4.670424259265898 
12.39999999998444, -4.294711223855386 
12.409999999984416, -4.446465467494803 
12.419999999984393, -4.4504062718122706 
12.42999999998437, -4.4494646276325165 
12.439999999984346, -4.4462970166491385 
12.449999999984323, -4.4419710869262605 
12.4599999999843, -4.443247497432905 
12.469999999984276, -4.441035620054001 
12.479999999984253, -4.4425380496843605 
12.48999999998423, -4.444600225751058 
12.499999999984206, -4.444243208504211 
12.509999999984183, -4.440616687368797 
12.51999999998416, -4.3622925694242785 
12.529999999984136, -4.59106124153294 
12.539999999984113, -4.645927553624814 
12.54999999998409, -4.648532933170435 
12.559999999984067, -4.6457243123844725 
12.569999999984043, -4.61403343901165 
12.57999999998402, 1.474331219055542 
12.589999999983997, 2.6135710708564703 
12.599999999983973, 2.62560327879856 
12.60999999998395, 2.6263068899973634 
12.619999999983927, 2.624054407678593 
12.629999999983903, 2.61438928002464 
12.63999999998388, 2.594521156975296 
12.649999999983857, 2.5971868187153606 
12.659999999983834, 2.6009116896553786 
12.66999999998381, 2.6005551647572718 
12.679999999983787, 2.598520303162562 
12.689999999983764, 2.6008710491582945 
12.69999999998374, 2.606332529020116 
12.709999999983717, 2.6084360015254306 
12.719999999983694, 2.6083590646304464 
12.72999999998367, 2.6061534787647878 
12.739999999983647, 2.587398575932154 
12.749999999983624, 0.5451990629450247 
12.7599999999836, -5.00138994397645 
12.769999999983577, -5.022582984718418 
12.779999999983554, -5.022604191579264 
12.78999999998353, -5.013763870134873 
12.799999999983507, -4.267739835983457 
12.809999999983484, 2.246283648045316 
12.81999999998346, 2.3441127780412745 
12.829999999983437, 2.349853074418749 
12.839999999983414, 2.3503371277239076 
12.84999999998339, 2.3496536683038833 
12.859999999983367, 2.347651814559293 
12.869999999983344, 2.344089362568915 
12.87999999998332, 2.341751312452801 
12.889999999983297, 2.3418137237658567 
12.899999999983274, 2.3412497508279264 
12.90999999998325, 2.3364675420175014 
12.919999999983228, 2.316030801757681 
12.929999999983204, 2.3491654897745673 
12.939999999983181, 2.396019846600214 
12.949999999983158, 2.4038614964937843 
12.959999999983134, 2.4044911373531535 
12.969999999983111, 2.400949602108446 
12.979999999983088, 2.3626009417236324 
12.989999999983064, -3.12020132302239 
12.999999999983041, -4.3492181359521975 
13.009999999983018, -4.363188020186097 
13.019999999982995, -4.363321700992033 
13.029999999982971, -4.358912593155253 
13.039999999982948, -4.323280616064697 
13.049999999982925, -4.307188353668613 
13.059999999982901, -4.31928461082445 
13.069999999982878, -4.319177756273762 
13.079999999982855, -4.318590310925536 
13.089999999982831, -4.316903862800168 
13.099999999982808, -4.3160042545990205 
13.109999999982785, -4.314400039908507 
13.119999999982761, -4.305924131519786 
13.129999999982738, -4.320920226304961 
13.139999999982715, -4.32651478156403 
13.149999999982692, -4.326500392359332 
13.159999999982668, -4.3214892322104275 
13.169999999982645, -4.204189503236132 
13.179999999982622, 2.737302177940812 
13.189999999982598, 2.8795123961067106 
13.199999999982575, 2.8838858388335553 
13.209999999982552, 2.881834517416156 
13.219999999982528, 2.856046345422933 
13.229999999982505, 1.6525937898294807 
13.239999999982482, 2.095006515112169 
13.249999999982458, 2.145053602066893 
13.259999999982435, 2.14987041912372 
13.269999999982412, 2.1503387891624097 
13.279999999982389, 2.1501836494604483 
13.289999999982365, 2.150016871359608 
13.299999999982342, 2.1494194924578958 
13.309999999982319, 2.148417939951281 
13.319999999982295, 2.1477274317207318 
13.329999999982272, 2.1470943760457746 
13.339999999982249, 2.144427713298232 
13.349999999982225, 2.1277228542174016 
13.359999999982202, 1.9319908517042663 
13.369999999982179, 2.4442053191032604 
13.379999999982156, 2.5360081756438246 
13.389999999982132, 2.541920486805198 
13.399999999982109, 2.5411881770521654 
13.409999999982086, 2.530895833679703 
13.419999999982062, 2.119815024803 
13.429999999982039, -3.9157109797760414 
13.439999999982016, -3.995770443035614 
13.449999999981992, -3.9995600438632843 
13.459999999981969, -3.9985748780853902 
13.469999999981946, -3.994186301669167 
13.479999999981922, -3.9804923818864446 
13.4899999999819, -3.9825714215007375 
13.499999999981876, -3.9842621080328833 
13.509999999981853, -3.982874186173813 
13.51999999998183, -3.9842119370332147 
13.529999999981806, -3.9846943202758878 
13.539999999981783, -3.9842215117232938 
13.54999999998176, -3.981657893071353 
13.559999999981736, -3.950690776414543 
13.569999999981713, -3.9982190201542176 
13.57999999998169, -4.1264072369671325 
13.589999999981666, -4.134657973228035 
13.599999999981643, -4.134799000859772 
13.60999999998162, -4.129903236387607 
13.619999999981596, -4.083418154516912 
13.629999999981573, 0.4816247133760917 
13.63999999998155, 2.0700411242867895 
13.649999999981526, 2.0936966306344607 
13.659999999981503, 2.096351820052049 
13.66999999998148, 2.096178794409861 
13.679999999981456, 2.0943402275580016 
13.689999999981433, 2.0897407414058833 
13.69999999998141, 2.0827764770639123 
13.709999999981386, 2.0797673951714724 
13.719999999981363, 2.0806723226277337 
13.72999999998134, 2.080835672717691 
13.739999999981316, 2.0781711664083127 
13.749999999981293, 2.067666059988569 
13.75999999998127, 2.063132468775106 
13.769999999981247, 2.1156214592076603 
13.779999999981223, 2.135726544502996 
13.7899999999812, 2.1396817137966204 
13.799999999981177, 2.139478109877359 
13.809999999981153, 2.134640496307692 
13.81999999998113, 2.0856279562429094 
13.829999999981107, -2.717782086379935 
13.839999999981083, -4.05054409064575 
13.84999999998106, -4.069441909167271 
13.859999999981037, -4.070490571064004 
13.869999999981014, -4.067967623481238 
13.87999999998099, -4.054473353803457 
13.889999999980967, -4.022607450446424 
13.899999999980944, -4.037071351017929 
13.90999999998092, -4.038547817020271 
13.919999999980897, -4.037822334682922 
13.929999999980874, -4.0378866248556395 
13.93999999998085, -4.036807133520703 
13.949999999980827, -4.036238932352336 
13.959999999980804, -4.032048718184579 
13.96999999998078, -4.010132217162287 
13.979999999980757, -4.0586523745298795 
13.989999999980734, -4.0709633970671995 
13.99999999998071, -4.072099350878256 
14.009999999980687, -4.069440821865799 
14.019999999980664, -4.047348057735317 
14.02999999998064, -2.614630418746786 
14.039999999980617, 2.0370736585831173 
14.049999999980594, 2.0858935700317995 
14.05999999998057, 2.090253546723336 
14.069999999980547, 2.090055396074291 
14.079999999980524, 2.0866524949816543 
14.0899999999805, 2.0740951246141597 
14.099999999980477, 2.044385860787106 
14.109999999980454, 2.038367192206645 
14.11999999998043, 2.045326031673874 
14.129999999980408, 2.0474229145599314 
14.139999999980384, 2.0465573988293375 
14.149999999980361, 2.043671191140944 
14.159999999980338, 2.0442326850058183 
14.169999999980314, 2.0548686368233207 
14.179999999980291, 2.0630325139823027 
14.189999999980268, 2.065818980274791 
14.199999999980244, 2.0659730998938204 
14.209999999980221, 2.0636473291073507 
14.219999999980198, 2.0490899183950155 
14.229999999980175, 1.6163805620498433 
14.239999999980151, -3.9565944881649586 
14.249999999980128, -4.058081629943837 
14.259999999980105, -4.0644075670808295 
14.269999999980081, -4.06388669569802 
14.279999999980058, -4.058440650480214 
14.289999999980035, -4.0135103918989525 
14.299999999980011, -3.9522197327550592 
14.309999999979988, -3.9817610107907755 
14.319999999979965, -3.98346803698772 
14.329999999979941, -3.9827913530625603 
14.339999999979918, -3.981874952325613 
14.349999999979895, -3.9798753552921085 
14.359999999979872, -3.9796110206420394 
14.369999999979848, -3.976521723911793 
14.379999999979825, -3.967927910675936 
14.389999999979802, -3.9887911597277133 
14.399999999979778, -3.9950893909563545 
14.409999999979755, -3.995490854095241 
14.419999999979732, -3.9922074142422894 
14.429999999979708, -3.95905258259355 
14.439999999979685, -0.39518462512831964 
14.449999999979662, 2.1588351410863496 
14.459999999979638, 2.1859640267984504 
14.469999999979615, 2.1885430022450754 
14.479999999979592, 2.1871031180124594 
14.489999999979569, 2.1783222006278002 
14.499999999979545, 2.1230270302768797 
14.509999999979522, 2.0337124505123527 
14.519999999979499, 2.068191505080465 
14.529999999979475, 2.077210412724024 
14.539999999979452, 2.0784426656493364 
14.549999999979429, 2.0777144843470516 
14.559999999979405, 2.077539401666837 
14.569999999979382, 2.080109927957572 
14.579999999979359, 2.0832825861964053 
14.589999999979335, 2.08480389959672 
14.599999999979312, 2.0849553690764466 
14.609999999979289, 2.0839053695150525 
14.619999999979266, 2.0789001695710616 
14.629999999979242, 2.0320451668813506 
14.639999999979219, -2.0450284856874137 
14.649999999979196, -4.213194438126806 
14.659999999979172, -4.236585658082712 
14.669999999979149, -4.238344778165214 
14.679999999979126, -4.2356015034821635 
14.689999999979102, -4.2155678873022016 
14.69999999997908, -3.711428991676388 
14.709999999979056, -3.861983934636799 
14.719999999979033, -3.886150793187647 
14.72999999997901, -3.887195037816803 
14.739999999978986, -3.8862774391150907 
14.749999999978963, -3.8839236609773464 
14.75999999997894, -3.880659131094088 
14.769999999978916, -3.881149748138352 
14.779999999978893, -3.8790070797826486 
14.78999999997887, -3.8756640481508766 
14.799999999978846, -3.8853678559913165 
14.809999999978823, -3.8885636158062153 
14.8199999999788, -3.888519086768908 
14.829999999978776, -3.884929122068324 
14.839999999978753, -3.842771456009065 
14.84999999997873, 0.8289415471426977 
14.859999999978706, 2.544646602137258 
14.869999999978683, 2.561764577431604 
14.87999999997866, 2.5626892048483776 
14.889999999978636, 2.5581996421473785 
14.899999999978613, 2.505360857228907 
14.90999999997859, 1.6442368162044114 
14.919999999978566, 1.9779667464006931 
14.929999999978543, 2.0110901853160223 
14.93999999997852, 2.0151472330234754 
14.949999999978496, 2.015508443256345 
14.959999999978473, 2.01538364037624 
14.96999999997845, 2.0157018316729216 
14.979999999978427, 2.0160948760346113 
14.989999999978403, 2.0159979658160743 
14.99999999997838, 2.0156017964753525 
15.009999999978357, 2.0150345553450957 
15.019999999978333, 2.013247939733155 
15.02999999997831, 2.00419367741635 
15.039999999978287, 1.8947849419713385 
15.049999999978263, 0.10526403119669439 
15.05999999997824, 4.351768921511677 
15.069999999978217, 4.364568966013811 
15.079999999978194, 4.361256871784756 
15.08999999997817, 3.395241366749739 
15.099999999978147, -6.140990437924482 
15.109999999978124, -6.1464739831914965 
15.1199999999781, -6.141368604161757 
15.129999999978077, -6.036280311692325 
15.139999999978054, -6.0956171673436 
15.14999999997803, -6.095528886975954 
15.159999999978007, -6.091771893511498 
15.169999999977984, -6.088818962072809 
15.17999999997796, -6.088685845721758 
15.189999999977937, -6.088215470822037 
15.199999999977914, -6.087190750940846 
15.20999999997789, -6.085267975541163 
15.219999999977867, -6.0773630609618685 
15.229999999977844, -6.091144184119722 
15.23999999997782, -6.090749360482363 
15.249999999977797, -6.070692958034681 
15.259999999977774, -6.3823380648310515 
15.26999999997775, -6.452450796270599 
15.279999999977727, -6.451140822784448 
15.289999999977704, -6.362926585928431 
15.29999999997768, 4.4334750621144305 
15.309999999977657, 4.448648217670794 
15.319999999977634, 4.446123956113405 
15.32999999997761, 4.332538384439794 
15.339999999977588, 4.331640482530804 
15.349999999977564, 4.340719016255234 
15.359999999977541, 4.34021600625071 
15.369999999977518, 4.336406904636734 
15.379999999977494, 4.331953425311519 
15.389999999977471, 4.333556331476658 
15.399999999977448, 4.331619424586085 
15.409999999977424, 4.333319529629661 
15.419999999977401, 4.334465141805019 
15.429999999977378, 4.333538868770884 
15.439999999977355, 4.326054136598108 
15.449999999977331, 4.307128119187069 
15.459999999977308, 4.382671187527118 
15.469999999977285, 4.3841601530033625 
15.479999999977261, 4.373895199039607 
15.489999999977238, -6.11890573246666 
15.499999999977215, -6.405402314840373 
15.509999999977191, -6.405457483137292 
15.519999999977168, -6.3766074691770385 
15.529999999977145, -4.542732706885372 
15.539999999977121, -4.988791548408666 
15.549999999977098, -4.9923885464441 
15.559999999977075, -4.990481384750126 
15.569999999977052, -4.979805080812166 
15.579999999977028, -4.978027328325539 
15.589999999977005, -4.979979977953073 
15.599999999976982, -4.979069380856112 
15.609999999976958, -4.978846565174417 
15.619999999976935, -4.977780044976283 
15.629999999976912, -4.975457285864652 
15.639999999976888, -4.964003666577363 
15.649999999976865, -4.986418355685156 
15.659999999976842, -4.989130736717858 
15.669999999976818, -4.98706891262634 
15.679999999976795, -4.942290809657032 
15.689999999976772, 3.614144533200735 
15.699999999976749, 3.7803430687280786 
15.709999999976725, 3.782189929228166 
15.719999999976702, 3.7735078168706466 
15.729999999976679, -0.07475705234111216 
15.739999999976655, -4.885604288005569 
15.749999999976632, -4.897199595564033 
15.759999999976609, -4.896264424776754 
15.769999999976585, -4.889046592939172 
15.779999999976562, -4.871506379201068 
15.789999999976539, -4.880071346686695 
15.799999999976515, -4.879588386900174 
15.809999999976492, -4.8792257006796556 
15.819999999976469, -4.877762327162157 
15.829999999976446, -4.8770541971426855 
15.839999999976422, -4.871349747183626 
15.849999999976399, -4.87576815696397 
15.859999999976376, -4.8851818403876015 
15.869999999976352, -4.88532191206888 
15.879999999976329, -4.8794607741925855 
15.889999999976306, -4.3907220143163626 
15.899999999976282, 4.0706654979885695 
15.90999999997626, 4.092926557564528 
15.919999999976236, 4.091414429882272 
15.929999999976213, 4.00768037282503 
15.93999999997619, -5.605436015480946 
15.949999999976166, -5.636895487186068 
15.959999999976143, -5.6359062850774855 
15.96999999997612, -5.620649272546764 
15.979999999976096, -5.597845009814316 
15.989999999976073, -5.607776637625287 
15.99999999997605, -5.606786889986103 
16.009999999976028, -5.603863672325419 
16.019999999976005, -5.602648147294465 
16.02999999997598, -5.6009215827812096 
16.039999999975958, -5.601519741680648 
16.049999999975935, -5.602231028820016 
16.05999999997591, -5.600732422534223 
16.069999999975888, -5.574185096703091 
16.079999999975865, -5.626230058536021 
16.08999999997584, -5.635627983893353 
16.099999999975818, -5.633748721677888 
16.109999999975795, -5.569629368954016 
16.11999999997577, 3.811133322019328 
16.129999999975748, 3.8548491735559005 
16.139999999975725, 3.8547755341717127 
16.1499999999757, 3.834613772444979 
16.15999999997568, 2.1473736100420053 
16.169999999975655, 2.999938272012878 
16.17999999997563, 3.0123218608518965 
16.18999999997561, 3.0129439791460007 
16.199999999975585, 3.011857021656 
16.20999999997556, 3.008049495723563 
16.21999999997554, 3.003088810029573 
16.229999999975515, 3.0036766488302287 
16.239999999975492, 3.003665584486664 
16.24999999997547, 2.999761554043827 
16.259999999975445, 2.9993056658415362 
16.269999999975422, 3.0120929191048007 
16.2799999999754, 3.0159975739142935 
16.289999999975375, 3.015842714587958 
16.299999999975352, 3.011483964157194 
16.30999999997533, 2.8993616123097725 
16.319999999975305, -5.153482770673423 
16.329999999975282, -5.240280547735182 
16.33999999997526, -5.242011242285563 
16.349999999975235, -5.236390039671671 
16.359999999975212, -4.9511595053361726 
16.36999999997519, 2.042923662576912 
16.379999999975166, 2.279241496173089 
16.389999999975142, 2.289077363706306 
16.39999999997512, 2.2901455244446427 
16.409999999975096, 2.289822331033466 
16.419999999975072, 2.2886358156890934 
16.42999999997505, 2.28613477485153 
16.439999999975026, 2.2834847558854507 
16.449999999975002, 2.2828019959860035 
16.45999999997498, 2.2826162317318173 
16.469999999974956, 2.2800371999916167 
16.479999999974932, 2.2656487966764387 
16.48999999997491, 2.240978543070772 
16.499999999974886, 2.3471433455418884 
16.509999999974863, 2.370921747302904 
16.51999999997484, 2.374106412141571 
16.529999999974816, 2.3729713382114386 
16.539999999974793, 2.362398905608378 
16.54999999997477, 2.006643217240077 
16.559999999974746, -4.190119745024269 
16.569999999974723, -4.265708494622996 
16.5799999999747, -4.269229661232855 
16.589999999974676, -4.267670659543642 
16.599999999974653, -4.258619075816425 
16.60999999997463, -4.2202577357045366 
16.619999999974606, -4.235305760290364 
16.629999999974583, -4.2376870875656945 
16.63999999997456, -4.236933482676459 
16.649999999974536, -4.236667823798152 
16.659999999974513, -4.235279322847849 
16.66999999997449, -4.234724557032008 
16.679999999974466, -4.22970836386715 
16.689999999974443, -4.222235073286378 
16.69999999997442, -4.25034159278877 
16.709999999974396, -4.254701687643549 
16.719999999974373, -4.25417554712987 
16.72999999997435, -4.246514726920848 
16.739999999974327, -4.03890313055689 
16.749999999974303, 2.304243448562814 
16.75999999997428, 2.416568581843101 
16.769999999974257, 2.4221017318121048 
16.779999999974233, 2.421484804681684 
16.78999999997421, 2.414394908287889 
16.799999999974187, 2.355039725153159 
16.809999999974163, 2.2269482238667893 
16.81999999997414, 2.280438194594699 
16.829999999974117, 2.289034045422748 
16.839999999974093, 2.2898871275843096 
16.84999999997407, 2.289461624677815 
16.859999999974047, 2.2899897541705716 
16.869999999974024, 2.291382880175333 
16.879999999974, 2.292037006878766 
16.889999999973977, 2.291877430628074 
16.899999999973954, 2.2911753898620018 
16.90999999997393, 2.2882947898516357 
16.919999999973907, 2.2666840098346253 
16.929999999973884, 1.5526538510659202 
16.93999999997386, 3.5782327923807946 
16.949999999973837, 3.6458957013062125 
16.959999999973814, 3.647034652027364 
16.96999999997379, 3.637188690367932 
16.979999999973767, -2.06401089128938 
16.989999999973744, -5.287474189109572 
16.99999999997372, -5.293865092721696 
17.009999999973697, -5.291553135167133 
17.019999999973674, -5.26583143177323 
17.02999999997365, -5.257730936089518 
17.039999999973627, -5.263949324014585 
17.049999999973604, -5.263016853656241 
17.05999999997358, -5.260736510462616 
17.069999999973557, -5.259248258950053 
17.079999999973534, -5.257806898974938 
17.08999999997351, -5.256862469209524 
17.099999999973488, -5.260185462875419 
17.109999999973464, -5.259613343117059 
17.11999999997344, -5.2520781895249 
17.129999999973418, -5.190713805058816 
17.139999999973394, -5.353322891052931 
17.14999999997337, -5.356972654842716 
17.159999999973348, -5.353292193179826 
17.169999999973324, -5.216513526196744 
17.1799999999733, 3.3258763619376572 
17.189999999973278, 3.365849153976648 
17.199999999973254, 3.3667329203515264 
17.20999999997323, 3.3604886974179786 
17.219999999973208, 3.2491091758430857 
17.229999999973185, 3.2464542047344955 
17.23999999997316, 3.264276812596665 
17.249999999973138, 3.2651237674462634 
17.259999999973115, 3.2647720994512968 
17.26999999997309, 3.2636144985905604 
17.279999999973068, 3.261376119210161 
17.289999999973045, 3.2608807441474994 
17.29999999997302, 3.25969718586446 
17.309999999972998, 3.25068670960428 
17.319999999972975, 3.2580619299237923 
17.32999999997295, 3.279522662250315 
17.339999999972928, 3.2822256293526095 
17.349999999972905, 3.280606343797138 
17.35999999997288, 3.256581179653497 
17.36999999997286, -4.867642682491642 
17.379999999972835, -5.345456307734496 
17.38999999997281, -5.349602509056204 
17.39999999997279, -5.345928230168597 
17.409999999972765, -5.2396360350406015 
17.41999999997274, -4.288708201074816 
17.42999999997272, -4.449649274945734 
17.439999999972695, -4.45305700106965 
17.449999999972672, -4.451847071079171 
17.45999999997265, -4.446966645070925 
17.469999999972625, -4.44086469727038 
17.479999999972602, -4.44347226185498 
17.48999999997258, -4.441996704719951 
17.499999999972555, -4.442840424677149 
17.509999999972532, -4.4436473940608945 
17.51999999997251, -4.443074198747257 
17.529999999972485, -4.439413061323518 
17.539999999972462, -4.384265109310081 
17.54999999997244, -4.501995054256092 
17.559999999972415, -4.5252968467227275 
17.569999999972392, -4.52660235186074 
17.57999999997237, -4.522865046434514 
17.589999999972346, -4.474555807528059 
17.599999999972322, 1.9473022701353684 
17.6099999999723, 2.5148617285720727 
17.619999999972276, 2.5250915533571305 
17.629999999972252, 2.5255676882691396 
17.63999999997223, 2.5225182027693167 
17.649999999972206, 2.5077114431147147 
17.659999999972182, 2.472211259924328 
17.66999999997216, 2.47947958387416 
17.679999999972136, 2.4853175549986375 
17.689999999972112, 2.4856186911752136 
17.69999999997209, 2.4842559959191446 
17.709999999972066, 2.4853457964038723 
17.719999999972043, 2.489314401829183 
17.72999999997202, 2.491371102973951 
17.739999999971996, 2.49154302784443 
17.749999999971973, 2.4903319975960905 
17.75999999997195, 2.483171602840729 
17.769999999971926, 2.3333227190229184 
17.779999999971903, -4.857082562111182 
17.78999999997188, -5.093968377454709 
17.799999999971856, -5.097958393138741 
17.809999999971833, -5.094875426993527 
17.81999999997181, -5.040650232353043 
17.829999999971786, 2.3030965574006537 
17.839999999971763, 2.6893071681023617 
17.84999999997174, 2.697468372093055 
17.859999999971716, 2.697909232468123 
17.869999999971693, 2.6964579919393703 
17.87999999997167, 2.6916557662174383 
17.889999999971646, 2.6845109533178837 
17.899999999971623, 2.6845393068365495 
17.9099999999716, 2.685645248591242 
17.919999999971576, 2.683800279541445 
17.929999999971553, 2.6786151472834714 
17.93999999997153, 2.6869027451399843 
17.949999999971507, 2.6983518642163364 
17.959999999971483, 2.7011477156647645 
17.96999999997146, 2.7007141430288018 
17.979999999971437, 2.69556265734534 
17.989999999971413, 2.5872414916639164 
17.99999999997139, -4.627780391567774 
18.009999999971367, -4.76083533781289 
18.019999999971343, -4.764926615004768 
18.02999999997132, -4.762603886248039 
18.039999999971297, -4.737886886457536 
18.049999999971273, -3.9603893146663225 
18.05999999997125, -4.340448980015197 
18.069999999971227, -4.349676673653452 
18.079999999971204, -4.349235999009574 
18.08999999997118, -4.346928229950998 
18.099999999971157, -4.340920032604859 
18.109999999971134, -4.34176610960989 
18.11999999997111, -4.341052748121378 
18.129999999971087, -4.33978244608827 
18.139999999971064, -4.343027570690319 
18.14999999997104, -4.343278661065926 
18.159999999971017, -4.3420273840225345 
18.169999999970994, -4.327675492270851 
18.17999999997097, -4.181772684776687 
18.189999999970947, -4.553502590663595 
18.199999999970924, -4.566087940222422 
18.2099999999709, -4.566192643160452 
18.219999999970877, -4.559690368458498 
18.229999999970854, -4.421784778834901 
18.23999999997083, 2.394629023944913 
18.249999999970807, 2.5277078375816098 
18.259999999970784, 2.533213130918101 
18.26999999997076, 2.533178436155652 
18.279999999970737, 2.5303533587729716 
18.289999999970714, 2.5204047894979813 
18.29999999997069, 2.5065656155664713 
18.309999999970668, 2.5091913087747266 
18.319999999970644, 2.51164643236453 
18.32999999997062, 2.5107797258247984 
18.339999999970598, 2.5078429370201056 
18.349999999970574, 2.5110039918922586 
18.35999999997055, 2.5193412326518083 
18.369999999970528, 2.5226380061539513 
18.379999999970504, 2.5229048217972534 
18.38999999997048, 2.520870897119667 
18.399999999970458, 2.504746446074705 
18.409999999970434, 0.9963636341006084 
18.41999999997041, -4.610580270231835 
18.429999999970388, -4.639459825514999 
18.439999999970365, -4.64073689568764 
18.44999999997034, -4.6365327017620555 
18.459999999970318, -4.578225427125077 
18.469999999970295, -3.8526674209826886 
18.47999999997027, -4.115540822896293 
18.489999999970248, -4.122547506508701 
18.499999999970225, -4.1220943660596445 
18.5099999999702, -4.120088319825231 
18.519999999970178, -4.114771045198899 
18.529999999970155, -4.114707904150284 
18.53999999997013, -4.114469988261024 
18.549999999970108, -4.111734416011833 
18.559999999970085, -4.116153606520556 
18.56999999997006, -4.11794935436643 
18.57999999997004, -4.117572212014016 
18.589999999970015, -4.113228716799801 
18.59999999996999, -4.025195528745546 
18.60999999996997, -4.563162332572221 
18.619999999969945, -4.891470873373965 
18.62999999996992, -4.897367647968819 
18.6399999999699, -4.895551083058343 
18.649999999969875, -4.873817711036129 
18.659999999969852, 0.7993704125226673 
18.66999999996983, 2.7518277164911558 
18.679999999969805, 2.765074939590607 
18.689999999969782, 2.765841547433913 
18.69999999996976, 2.764039186370542 
18.709999999969735, 2.7568512046772 
18.719999999969712, 2.744532821708656 
18.72999999996969, 2.7463390941004233 
18.739999999969665, 2.748436058639344 
18.749999999969642, 2.747176611288768 
18.75999999996962, 2.7447897098917577 
18.769999999969595, 2.7500549980066333 
18.779999999969572, 2.7555584610150516 
18.78999999996955, 2.756829138050529 
18.799999999969526, 2.756036943309719 
18.809999999969502, 2.7502608104411257 
18.81999999996948, 2.6069430307575865 
18.829999999969456, -5.039786123145989 
18.839999999969432, -5.159966208228448 
18.84999999996941, -5.162468968251399 
18.859999999969386, -5.158090464120595 
18.869999999969362, -5.0324050337626165 
18.87999999996934, 2.4489342174985613 
18.889999999969316, 2.631491116576173 
18.899999999969292, 2.637707199889286 
18.90999999996927, 2.6379923218292647 
18.919999999969246, 2.6366257689156427 
18.929999999969223, 2.6324396025509165 
18.9399999999692, 2.626496590565197 
18.949999999969176, 2.626135319948642 
18.959999999969153, 2.626963172242835 
18.96999999996913, 2.6250039641687706 
18.979999999969106, 2.6182108471078545 
18.989999999969083, 2.62664015934473 
18.99999999996906, 2.6432573114676727 
19.009999999969036, 2.6474136797251626 
19.019999999969013, 2.6473765211556026 
19.02999999996899, 2.6432497722256416 
19.039999999968966, 2.5795298536992908 
19.049999999968943, -4.378642426277894 
19.05999999996892, -4.65885663002915 
19.069999999968896, -4.665338873714914 
19.079999999968873, -4.663981029556253 
19.08999999996885, -4.650941212207629 
19.099999999968826, -4.2838259446968925 
19.109999999968803, -4.432032153584462 
19.11999999996878, -4.443653505924969 
19.129999999968756, -4.443323316701526 
19.139999999968733, -4.441372465491026 
19.14999999996871, -4.436334168708474 
19.159999999968687, -4.436888896318962 
19.169999999968663, -4.435717261401412 
19.17999999996864, -4.434724257294552 
19.189999999968617, -4.4383465370427775 
19.199999999968593, -4.438531254338229 
19.20999999996857, -4.436841859454408 
19.219999999968547, -4.413394851049223 
19.229999999968523, -4.412113993902724 
19.2399999999685, -4.6792186756849015 
19.249999999968477, -4.686702210086478 
19.259999999968453, -4.685752814910158 
19.26999999996843, -4.673847787152758 
19.279999999968407, -3.7255530009569844 
19.289999999968384, 2.6197721392364035 
19.29999999996836, 2.652653666138029 
19.309999999968337, 2.654776768125429 
19.319999999968314, 2.653594750523127 
19.32999999996829, 2.6475935929421226 
19.339999999968267, 2.6297484447528214 
19.349999999968244, 2.625572158282267 
19.35999999996822, 2.6304909015283022 
19.369999999968197, 2.6309417723333794 
19.379999999968174, 2.6289412747391845 
19.38999999996815, 2.629482932363676 
19.399999999968127, 2.635322560357523 
19.409999999968104, 2.638307536444114 
19.41999999996808, 2.638615882448531 
19.429999999968057, 2.637107445146852 
19.439999999968034, 2.6262488084460207 
19.44999999996801, 2.0738840540716708 
19.459999999967987, -5.021683461754656 
19.469999999967964, -5.066533283387822 
19.47999999996794, -5.06764869431065 
19.489999999967917, -5.061649644530538 
19.499999999967894, -4.810195588829407 
19.50999999996787, 2.3283949218197018 
19.519999999967848, 2.471432028076791 
19.529999999967824, 2.4777508182761863 
19.5399999999678, 2.478201856046323 
19.549999999967778, 2.4772771945726038 
19.559999999967754, 2.4744896156202674 
19.56999999996773, 2.4697927287813632 
19.579999999967708, 2.4678777833179986 
19.589999999967684, 2.468469020406584 
19.59999999996766, 2.4674817969147265 
19.609999999967638, 2.4610976394293793 
19.619999999967614, 2.4515960504625136 
19.62999999996759, 2.4870881475748865 
19.639999999967568, 2.5027393437484386 
19.649999999967545, 2.5053676423389266 
19.65999999996752, 2.504339472815983 
19.669999999967498, 2.494912234836616 
19.679999999967475, 2.141759367909504 
19.68999999996745, -4.432711311195239 
19.699999999967428, -4.49633675231036 
19.709999999967405, -4.499311413115863 
19.71999999996738, -4.497004837893355 
19.729999999967358, -4.478502868400384 
19.739999999967335, -4.355023782295354 
19.74999999996731, -4.412379598335988 
19.759999999967288, -4.415490050173189 
19.769999999967265, -4.414688917818269 
19.77999999996724, -4.412843893410405 
19.78999999996722, -4.410252085938592 
19.799999999967195, -4.41035740424931 
19.80999999996717, -4.406465047725754 
19.81999999996715, -4.40966688821261 
19.829999999967125, -4.414688158945856 
19.8399999999671, -4.414836229619017 
19.84999999996708, -4.4116021889633945 
19.859999999967055, -4.34465278448376 
19.869999999967032, -4.855176411502791 
19.87999999996701, -6.0090615894058885 
19.889999999966985, -6.012085505784247 
19.899999999966962, -6.0045593705696385 
19.90999999996694, 0.44344078454179225 
19.919999999966915, 3.9590349204261157 
19.929999999966892, 3.9637932420798747 
19.93999999996687, 3.9610591356654283 
19.949999999966845, 3.9220629301813803 
19.959999999966822, 3.9140849549823407 
19.9699999999668, 3.9237189714455107 
19.979999999966775, 3.923636076713098 
19.989999999966752, 3.923081895979224 
19.99999999996673, 3.92099967170248 
20.009999999966706, 3.9200729347474246 
20.019999999966682, 3.918868029988368 
20.02999999996666, 3.9110788231469416 
20.039999999966636, 3.9237631105796664 
20.049999999966612, 3.929319666626425 
20.05999999996659, 3.9286811825669234 
20.069999999966566, 3.916845328361063 
20.079999999966542, 0.5752930414792653 
20.08999999996652, 5.9622250579720815 
20.099999999966496, 5.963478010976596 
20.109999999966472, 5.608609067309111 
20.11999999996645, -7.898127697634166 
20.129999999966426, -7.897771442937042 
20.139999999966403, -7.55462996607488 
20.14999999996638, -7.733753236029608 
20.159999999966356, -7.732665494268329 
20.169999999966333, -7.709789203562288 
20.17999999996631, -7.721413727371446 
20.189999999966286, -7.719478102698072 
20.199999999966263, -7.715519580220007 
20.20999999996624, -7.714490766154171 
20.219999999966216, -7.713658775775558 
20.229999999966193, -7.71182688699168 
20.23999999996617, -7.705327997148826 
20.249999999966146, -7.711599229468751 
20.259999999966123, -7.708677347059646 
20.2699999999661, -7.697186193597581 
20.279999999966076, -7.740839307892946 
20.289999999966053, -7.735632978086518 
20.29999999996603, 6.275948585690077 
20.309999999966006, 6.379073334662528 
20.319999999965983, 6.370099619564395 
20.32999999996596, -8.184061923385235 
20.339999999965936, -8.19921050245339 
20.349999999965913, -8.17517057156953 
20.35999999996589, -8.099869617911995 
20.369999999965867, -8.101522625673558 
20.379999999965843, -8.084685659843334 
20.38999999996582, -8.09122312466926 
20.399999999965797, -8.089288250090979 
20.409999999965773, -8.085404346913112 
20.41999999996575, -8.084038583557982 
20.429999999965727, -8.083026625550316 
20.439999999965703, -8.080893583360064 
20.44999999996568, -8.077419872756554 
20.459999999965657, -8.080131476775513 
20.469999999965633, -8.071759892986567 
20.47999999996561, -8.094691434422785 
20.489999999965587, -8.09761464772575 
20.499999999965564, -8.004222539600509 
20.50999999996554, 7.703466516460578 
20.519999999965517, 7.70312707130487 
20.529999999965494, -9.636032664325594 
20.53999999996547, -9.675439856853558 
20.549999999965447, -9.347606321794482 
20.559999999965424, -9.226724241634015 
20.5699999999654, -9.222510013972391 
20.579999999965377, -9.200764247856265 
20.589999999965354, -9.202885830217133 
20.59999999996533, -9.192992555863174 
20.609999999965307, -9.195492308102114 
20.619999999965284, -9.192222749242909 
20.62999999996526, -9.190018707330436 
20.639999999965237, -9.188084625364192 
20.649999999965214, -9.185699419782571 
20.65999999996519, -9.181900111506936 
20.669999999965167, -9.18326359079424 
20.679999999965144, -9.155482290319453 
20.68999999996512, -9.19172591156058 
20.699999999965097, -9.185374471765153 
20.709999999965074, -9.4556211912661 
20.71999999996505, -9.462652832534825 
20.729999999965028, 1.565537053638352 
20.739999999965004, 7.513457369121537 
20.74999999996498, 7.49994409132969 
20.759999999964958, -8.49508255489457 
20.769999999964934, -8.500544290958285 
20.77999999996491, -8.440928430416268 
20.789999999964888, -8.465870585658351 
20.799999999964864, -8.46358254810516 
20.80999999996484, -8.4552820115948 
20.819999999964818, -8.456631062728166 
20.829999999964794, -8.453546845991847 
20.83999999996477, -8.451791959935026 
20.849999999964748, -8.450031892782786 
20.859999999964725, -8.44836942017229 
20.8699999999647, -8.440525194348156 
20.879999999964678, -8.447439703124534 
20.889999999964655, -8.443615503163114 
20.89999999996463, -8.458370267995788 
20.909999999964608, -8.470504504782204 
20.919999999964585, -8.432696776629689 
20.92999999996456, 7.534528309741516 
20.939999999964538, 7.535121797093898 
20.949999999964515, -9.39495216341274 
20.95999999996449, -9.487922022073482 
20.969999999964468, -9.419697570354758 
20.979999999964445, -9.184640539351241 
20.98999999996442, -9.182073138662009 
20.9999999999644, -9.158912615738696 
21.009999999964375, -9.164471950749197 
21.01999999996435, -9.155761402764728 
21.02999999996433, -9.15737404873607 
21.039999999964305, -9.154562613375745 
21.04999999996428, -9.152094339018003 
21.05999999996426, -9.149963321177246 
21.069999999964235, -9.147927234329867 
21.079999999964212, -9.141703678443928 
21.08999999996419, -9.14585843131707 
21.099999999964165, -9.129946125819536 
21.109999999964142, -9.157649304236445 
21.11999999996412, -9.154640420074944 
21.129999999964095, -9.592618271370581 
21.139999999964072, -9.637837754095324 
21.14999999996405, -9.379858199184188 
21.159999999964025, 7.660671407432564 
21.169999999964002, 7.653990211571328 
21.17999999996398, -7.256972125701504 
21.189999999963955, -7.356209597111899 
21.199999999963932, -7.352872635482997 
21.20999999996391, -7.310830358133023 
21.219999999963886, -7.332636074228165 
21.229999999963862, -7.330515469056375 
21.23999999996384, -7.325013217435128 
21.249999999963816, -7.325489726929092 
21.259999999963792, -7.324322430921649 
21.26999999996377, -7.322475681095473 
21.279999999963746, -7.317851127565371 
21.289999999963722, -7.321484458985767 
21.2999999999637, -7.320445838594736 
21.309999999963676, -7.285691499627589 
21.319999999963652, -7.342655776152085 
21.32999999996363, -7.343078704879295 
21.339999999963606, -7.256187776485801 
21.349999999963583, 6.144561900448227 
21.35999999996356, 6.148415067313213 
21.369999999963536, 6.01453778150254 
21.379999999963513, -7.9907787541490976 
21.38999999996349, -7.991123833484002 
21.399999999963466, -7.791028957676488 
21.409999999963443, -7.89132123314174 
21.41999999996342, -7.889902384203017 
21.429999999963396, -7.872000876621705 
21.439999999963373, -7.880434342035558 
21.44999999996335, -7.878232142512668 
21.459999999963326, -7.87511338220075 
21.469999999963303, -7.873241505407876 
21.47999999996328, -7.872587811200066 
21.489999999963256, -7.870435965888372 
21.499999999963233, -7.866947712472277 
21.50999999996321, -7.870698447604445 
21.519999999963186, -7.863414849144699 
21.529999999963163, -7.893174224807742 
21.53999999996314, -7.900582519788749 
21.549999999963116, -7.87492592892769 
21.559999999963093, 6.540585103464084 
21.56999999996307, 6.546373049953949 
21.579999999963047, 6.331739131566562 
21.589999999963023, -8.385207102637501 
21.599999999963, -8.383696456622653 
21.609999999962977, -8.091490173870442 
21.619999999962953, -8.277551439547157 
21.62999999996293, -8.273510488903383 
21.639999999962907, -8.263063724771415 
21.649999999962883, -8.264702530355526 
21.65999999996286, -8.260384295896667 
21.669999999962837, -8.259438287566399 
21.679999999962813, -8.257673912013363 
21.68999999996279, -8.255669982715814 
21.699999999962767, -8.250482617492695 
21.709999999962744, -8.253793050052828 
21.71999999996272, -8.250935214617291 
21.729999999962697, -8.249534958362565 
21.739999999962674, -8.263476811172456 
21.74999999996265, -8.24733175876028 
21.759999999962627, -8.766237593551214 
21.769999999962604, -8.772643702541597 
21.77999999996258, -8.430958027387744 
21.789999999962557, 6.7829906221635365 
21.799999999962534, 6.7808504775272125 
21.80999999996251, 5.789349079713595 
21.819999999962487, 6.184673714887234 
21.829999999962464, 6.182869475621519 
21.83999999996244, 6.142267781457255 
21.849999999962417, 6.165546522226166 
21.859999999962394, 6.164798709516577 
21.86999999996237, 6.160256702290977 
21.879999999962347, 6.160218036550639 
21.889999999962324, 6.158449524808119 
21.8999999999623, 6.158975403294034 
21.909999999962277, 6.15761897575828 
21.919999999962254, 6.149567380357858 
21.92999999996223, 6.160414958467788 
21.939999999962208, 6.161454296922463 
21.949999999962184, 6.141395458355761 
21.95999999996216, 6.275546554301583 
21.969999999962138, 6.282936183881583 
21.979999999962114, 6.241725462173561 
21.98999999996209, -8.293464437544674 
21.999999999962068, -8.295504445018937 
22.009999999962044, -7.890520392454367 
22.01999999996202, 5.8010261507150425 
22.029999999961998, 5.803107570663961 
22.039999999961974, 5.782883766692328 
22.04999999996195, 5.769538003638042 
22.059999999961928, 5.7734939314111005 
22.069999999961905, 5.771550281133493 
22.07999999996188, 5.766218101256257 
22.089999999961858, 5.767410775296861 
22.099999999961835, 5.766158164269866 
22.10999999996181, 5.766328077416592 
22.119999999961788, 5.765006514067819 
22.129999999961765, 5.755801531666147 
22.13999999996174, 5.768836270182531 
22.149999999961718, 5.770441355575473 
22.159999999961695, 5.759444302682526 
22.16999999996167, 5.9266839965005005 
22.179999999961648, 5.955102859741556 
22.189999999961625, 5.94695333435189 
22.1999999999616, -7.925034006090018 
22.20999999996158, -7.9539104115716395 
22.219999999961555, -7.942202426872285 
22.22999999996153, -6.771537996461741 
22.23999999996151, -6.859227892152636 
22.249999999961485, -6.857045787638347 
22.25999999996146, -6.821260602227504 
22.26999999996144, -6.8401915696975335 
22.279999999961415, -6.83916806285332 
22.289999999961392, -6.8348394694196175 
22.29999999996137, -6.834634553398674 
22.309999999961345, -6.832824425258851 
22.319999999961322, -6.832531562776966 
22.3299999999613, -6.830808891499482 
22.339999999961275, -6.822348679787528 
22.349999999961252, -6.834064762242212 
22.35999999996123, -6.832654461399693 
22.369999999961205, -6.711561409032845 
22.379999999961182, -6.961709591346829 
22.38999999996116, -6.9649212672257645 
22.399999999961135, -6.947158633919639 
22.409999999961112, 4.972151709140529 
22.41999999996109, 5.007348749537522 
22.429999999961066, 5.004203039430193 
22.439999999961042, 3.9165028570203226 
22.44999999996102, 4.4933035412454005 
22.459999999960996, 4.499075548120263 
22.469999999960972, 4.497320227960744 
22.47999999996095, 4.4833094830761215 
22.489999999960926, 4.484316539412288 
22.499999999960902, 4.486165854796793 
22.50999999996088, 4.485514805321895 
22.519999999960856, 4.485509984422065 
22.529999999960832, 4.484315622302367 
22.53999999996081, 4.482947748283869 
22.549999999960786, 4.470764224857968 
22.559999999960763, 4.490638365371277 
22.56999999996074, 4.4954763245530875 
22.579999999960716, 4.493401620217949 
22.589999999960693, 4.358306242114596 
22.59999999996067, 6.805027050138037 
22.609999999960646, 6.825953316971395 
22.619999999960623, 6.771491431462532 
22.6299999999606, -8.786537425317949 
22.639999999960576, -8.785613048542949 
22.649999999960553, -8.043817635262002 
22.65999999996053, -8.49459050883845 
22.669999999960506, -8.48945973283606 
22.679999999960483, -8.474017017166904 
22.68999999996046, -8.476073307423642 
22.699999999960436, -8.469483731098714 
22.709999999960413, -8.469942026624649 
22.71999999996039, -8.46796510456765 
22.729999999960366, -8.465526915461691 
22.739999999960343, -8.462067555050684 
22.74999999996032, -8.462652919029665 
22.759999999960296, -8.457883295174025 
22.769999999960273, -8.462611518684035 
22.77999999996025, -8.462714023876547 
22.789999999960227, -8.27492836189471 
22.799999999960203, -8.541194848827166 
22.80999999996018, -8.537519783483258 
22.819999999960157, 6.7027456805651 
22.829999999960133, 6.7656887494098585 
22.83999999996011, 6.745318087742483 
22.849999999960087, -8.324760291291216 
22.859999999960063, -8.328476512625624 
22.86999999996004, -8.243525672032394 
22.879999999960017, -8.273190735626338 
22.889999999959993, -8.271352329435086 
22.89999999995997, -8.259101201975895 
22.909999999959947, -8.263328316029083 
22.919999999959924, -8.260495623189524 
22.9299999999599, -8.258404392827936 
22.939999999959877, -8.256275192141896 
22.949999999959854, -8.25496733597784 
22.95999999995983, -8.250227767128438 
22.969999999959807, -8.253393167682088 
22.979999999959784, -8.251922286533077 
22.98999999995976, -8.20296224646447 
22.999999999959737, -8.27439054011803 
23.009999999959714, -8.269285043813316 
23.01999999995969, 7.426068771288536 
23.029999999959667, 7.487723490533655 
23.039999999959644, 7.401112260024711 
23.04999999995962, -9.444389802689535 
23.059999999959597, -9.439969900465732 
23.069999999959574, -9.102238435023093 
23.07999999995955, -9.119416997248633 
23.089999999959527, -9.082471253357346 
23.099999999959504, -9.100099365986363 
23.10999999995948, -9.096557214924642 
23.119999999959457, -9.092498001550068 
23.129999999959434, -9.090821230326679 
23.13999999995941, -9.087464444978982 
23.149999999959388, -9.084791595486497 
23.159999999959364, -9.083859908712611 
23.16999999995934, -9.079765495908322 
23.179999999959318, -9.081204680937054 
23.189999999959294, -9.079108561740025 
23.19999999995927, -9.074866737614451 
23.209999999959248, -9.094107752083328 
23.219999999959224, -9.033508524516341 
23.2299999999592, -9.702960286278707 
23.239999999959178, -9.699852976688778 
23.249999999959154, 7.703659504526511 
23.25999999995913, 7.719395641202037 
23.269999999959108, 5.8657553682591965 
23.279999999959085, 6.28249382843583 
23.28999999995906, 6.283369194155892 
23.299999999959038, 6.246229538567721 
23.309999999959015, 6.259259199541834 
23.31999999995899, 6.259576623038398 
23.329999999958968, 6.255270782470285 
23.339999999958945, 6.253945826874404 
23.34999999995892, 6.2528575659909285 
23.359999999958898, 6.25276005926847 
23.369999999958875, 6.251309811199232 
23.37999999995885, 6.246665414117256 
23.389999999958828, 6.251383291813362 
23.399999999958805, 6.252984615034472 
23.40999999995878, 6.243025779759823 
23.41999999995876, 6.303883661447042 
23.429999999958735, 6.315829510677913 
23.43999999995871, 6.296542447801956 
23.44999999995869, -8.383585848943511 
23.459999999958665, -8.388939678703668 
23.46999999995864, -8.254529064849043 
23.47999999995862, 6.251021674621235 
23.489999999958595, 6.2520817608002694 
23.499999999958572, 6.166176759861471 
23.50999999995855, 6.197039470627505 
23.519999999958525, 6.19767894793707 
23.529999999958502, 6.190440344832304 
23.53999999995848, 6.189715008279354 
23.549999999958455, 6.189424032140612 
23.559999999958432, 6.188508911665144 
23.56999999995841, 6.186689227916307 
23.579999999958385, 6.18382041264935 
23.589999999958362, 6.185620046218547 
23.59999999995834, 6.18644314173701 
23.609999999958315, 6.180806327327797 
23.619999999958292, 6.195372148465066 
23.62999999995827, 6.211673151838741 
23.639999999958246, 6.203871371578041 
23.649999999958222, -8.663221192102432 
23.6599999999582, -8.693189295679606 
23.669999999958176, -8.659712545854124 
23.679999999958152, 6.675684631841564 
23.68999999995813, 6.677505004421595 
23.699999999958106, 6.285910994604528 
23.709999999958082, 6.514774122296369 
23.71999999995806, 6.514265789294792 
23.729999999958036, 6.491051682331244 
23.739999999958012, 6.502619304485134 
23.74999999995799, 6.501806472083347 
23.759999999957966, 6.498171499641951 
23.769999999957943, 6.49772283400992 
23.77999999995792, 6.495680404593874 
23.789999999957896, 6.496362659585489 
23.799999999957873, 6.494650884458304 
23.80999999995785, 6.4821115211852725 
23.819999999957826, 6.499615223685536 
23.829999999957803, 6.497824951858972 
23.83999999995778, 6.225786786515193 
23.849999999957756, 6.616611097273131 
23.859999999957733, 6.613330011475855 
23.86999999995771, -8.574069237217888 
23.879999999957686, -8.637191188780546 
23.889999999957663, -8.619159299086217 
23.89999999995764, 6.312145698664519 
23.909999999957616, 6.320024937465728 
23.919999999957593, 6.301549323138558 
23.92999999995757, 6.277474098549124 
23.939999999957546, 6.281033053219705 
23.949999999957523, 6.277147650965707 
23.9599999999575, 6.272988737494738 
23.969999999957476, 6.273484759936132 
23.979999999957453, 6.272761585619024 
23.98999999995743, 6.270944427820804 
23.999999999957407, 6.268641273247211 
24.009999999957383, 6.268725823554576 
24.01999999995736, 6.2710398093976485 
24.029999999957337, 6.266877163754208 
24.039999999957313, 6.271813857120982 
24.04999999995729, 6.301405744208937 
24.059999999957267, 6.29535870690713 
24.069999999957243, -8.59184118946867 
24.07999999995722, -8.63080450375783 
24.089999999957197, -8.606366660296006 
24.099999999957173, 6.602602385463141 
24.10999999995715, 6.605855529946998 
24.119999999957127, 6.443588205537905 
24.129999999957104, 6.476878373440909 
24.13999999995708, 6.477134217137708 
24.149999999957057, 6.4598249965054935 
24.159999999957034, 6.466210196995027 
24.16999999995701, 6.465655254946631 
24.179999999956987, 6.462787227778698 
24.189999999956964, 6.461753238030663 
24.19999999995694, 6.459304578516415 
24.209999999956917, 6.460621738348938 
24.219999999956894, 6.4591564155596615 
24.22999999995687, 6.444699799996568 
24.239999999956847, 6.46494425580255 
24.249999999956824, 6.4642757222219345 
24.2599999999568, 6.215588295966567 
24.269999999956777, 6.634194006148052 
24.279999999956754, 6.633053877019366 
24.28999999995673, -8.233208899438718 
24.299999999956707, -8.641396126073689 
24.309999999956684, -8.632576211551626 
24.31999999995666, 5.991620100055801 
24.329999999956637, 6.025048765113782 
24.339999999956614, 6.020214841852205 
24.34999999995659, 5.975911262501469 
24.359999999956568, 5.995759187792423 
24.369999999956544, 5.994542636065532 
24.37999999995652, 5.98814321937473 
24.389999999956498, 5.989591265441102 
24.399999999956474, 5.988183646525984 
24.40999999995645, 5.988155812716999 
24.419999999956428, 5.986785218328211 
24.429999999956404, 5.979903023211126 
24.43999999995638, 5.98864970122227 
24.449999999956358, 5.989740174810251 
24.459999999956334, 5.977536029876966 
24.46999999995631, 6.070450547377694 
24.479999999956288, 6.085139597871479 
24.489999999956265, 6.071785722004203 
24.49999999995624, -8.095701184817573 
24.509999999956218, -8.107419562228076 
24.519999999956195, -8.078491235925144 
24.52999999995617, 5.706144976930095 
24.539999999956148, 5.716553904432243 
24.549999999956125, 5.709588708723566 
24.5599999999561, 5.667829592482848 
24.569999999956078, 5.684813562387909 
24.579999999956055, 5.683808255525503 
24.58999999995603, 5.678093198187403 
24.599999999956008, 5.678782286405075 
24.609999999955985, 5.677316840484109 
24.61999999995596, 5.677888822732832 
24.62999999995594, 5.676803665113125 
24.639999999955915, 5.673445248392695 
24.64999999995589, 5.672271402881244 
24.65999999995587, 5.6828043232922685 
24.669999999955845, 5.680534249195022 
24.67999999995582, 5.169254566576059 
24.6899999999558, 5.9086134268958155 
24.699999999955775, 5.908609656269858 
24.709999999955752, 4.9635151309243835 
24.71999999995573, -7.904106716552711 
24.729999999955705, -7.903116317415676 
24.739999999955682, -6.664476868147373 
24.74999999995566, -7.212988091488745 
24.759999999955635, -7.213799138379966 
24.769999999955612, -7.194585523863505 
24.77999999995559, -7.195436538732376 
24.789999999955565, -7.19542383584519 
24.799999999955542, -7.19126015869301 
24.80999999995552, -7.190429316488975 
24.819999999955495, -7.188669911630512 
24.829999999955472, -7.187833683550008 
24.83999999995545, -7.185926060456668 
24.849999999955426, -7.181808992520303 
24.859999999955402, -7.1872408712730405 
24.86999999995538, -7.18408955226013 
24.879999999955356, -7.148679205275483 
24.889999999955332, -7.236449016502688 
24.89999999995531, -7.234188660404219 
24.909999999955286, -3.767852720805153 
24.919999999955262, 5.507417968802768 
24.92999999995524, 5.507774813712948 
24.939999999955216, 5.292222003597738 
24.949999999955192, -6.809985231355524 
24.95999999995517, -6.814675338498224 
24.969999999955146, -6.8058846615025725 
24.979999999955123, -6.772305904833885 
24.9899999999551, -6.783348707406342 
24.999999999955076, -6.7812105111618735 
