t, s[0].Ï‰ 
0, 45.00008562195778 
0.001000000000000002, 45.00997513878963 
0.0020000000000000044, 45.022311776013154 
0.003000000000000007, 45.03754787063397 
0.004000000000000005, 45.05709481316252 
0.0049999999999999645, 45.08294191926424 
0.005999999999999924, 45.116944966603164 
0.006999999999999883, 45.16007476293347 
0.007999999999999842, 45.21195104057219 
0.008999999999999802, 45.27083818298878 
0.00999999999999976, 45.334042522743154 
0.01099999999999972, 45.398489716827015 
0.01199999999999968, 45.46125312093689 
0.012999999999999639, 45.51990058236256 
0.013999999999999598, 45.572636138968726 
0.014999999999999557, 45.61828147803859 
0.015999999999999518, 45.65616395097299 
0.016999999999999477, 45.685969917829084 
0.017999999999999437, 45.707602495413575 
0.018999999999999396, 45.72106357250634 
0.019999999999999355, 45.72636657708952 
0.020999999999999314, 45.72347960390914 
0.021999999999999274, 45.712296689010174 
0.022999999999999233, 45.69263641864568 
0.023999999999999192, 45.66427014608454 
0.02499999999999915, 45.626985513289824 
0.02599999999999911, 45.58153308211375 
0.02699999999999907, 45.528262650337076 
0.02799999999999903, 45.46710361279735 
0.02899999999999899, 45.39949190954969 
0.029999999999998948, 45.327581697772786 
0.030999999999998907, 45.25424195151008 
0.031999999999999126, 45.18285753627181 
0.03299999999999943, 45.11689375398471 
0.03399999999999974, 45.059272481673524 
0.035000000000000045, 45.0114246576176 
0.03600000000000035, 44.97233776183584 
0.03700000000000066, 44.94195669251682 
0.038000000000000964, 44.91803652217816 
0.03900000000000127, 44.89842328446509 
0.040000000000001576, 44.88171918759857 
0.04100000000000188, 44.867566611641415 
0.04200000000000219, 44.85648416168213 
0.043000000000002495, 44.849359411807484 
0.0440000000000028, 44.84684683886311 
0.04500000000000311, 44.84896396309454 
0.04600000000000341, 44.85507896649171 
0.04700000000000372, 44.864285095257195 
0.048000000000004026, 44.87597332398433 
0.04900000000000433, 44.890330522048316 
0.05000000000000464, 44.908519924900205 
0.051000000000004944, 44.93242210100821 
0.05200000000000525, 44.96399868065252 
0.05300000000000556, 45.0045265365577 
0.05400000000000586, 45.05403096865135 
0.05500000000000617, 45.111147712028114 
0.056000000000006475, 45.17341969086347 
0.05700000000000678, 45.2378416279541 
0.05800000000000709, 45.30141517874823 
0.059000000000007394, 45.361551568426634 
0.0600000000000077, 45.41626977268158 
0.061000000000008006, 45.46421939704449 
0.06200000000000831, 45.50459135311848 
0.06300000000000827, 45.53697842881554 
0.06400000000000788, 45.56123046328977 
0.0650000000000075, 45.57732903128854 
0.06600000000000711, 45.58529141900256 
0.06700000000000672, 45.58510502526995 
0.06800000000000633, 45.57669015734983 
0.06900000000000595, 45.55988972681501 
0.07000000000000556, 45.53448698140542 
0.07100000000000517, 45.500255806970536 
0.07200000000000478, 45.457314236754655 
0.0730000000000044, 45.40699554757171 
0.07400000000000401, 45.34846466660571 
0.07500000000000362, 45.28292260791522 
0.07600000000000323, 45.212250942630426 
0.07700000000000284, 45.13905909769304 
0.07800000000000246, 45.06656407726181 
0.07900000000000207, 44.998244511473025 
0.08000000000000168, 44.93727871170514 
0.0810000000000013, 44.88589218577468 
0.0820000000000009, 44.84345725605138 
0.08300000000000052, 44.81003509409013 
0.08400000000000013, 44.78393649535764 
0.08499999999999974, 44.7628928824396 
0.08599999999999935, 44.7451690025386 
0.08699999999999897, 44.730004788202585 
0.08799999999999858, 44.71762162466127 
0.08899999999999819, 44.70883069320236 
0.0899999999999978, 44.70443973118103 
0.09099999999999742, 44.704744805554704 
0.09199999999999703, 44.70935209179429 
0.09299999999999664, 44.717407695799054 
0.09399999999999625, 44.72811446382568 
0.09499999999999587, 44.7412874241753 
0.09599999999999548, 44.75768484485381 
0.09699999999999509, 44.778936763514935 
0.0979999999999947, 44.80705213875475 
0.09899999999999431, 44.843677494019 
0.09999999999999393, 44.88941561437468 
0.10099999999999354, 44.94349288730137 
0.10199999999999315, 45.00388129363535 
0.10299999999999276, 45.067759648071 
0.10399999999999238, 45.13208362281242 
0.10499999999999199, 45.194062627836516 
0.1059999999999916, 45.25144538667331 
0.10699999999999121, 45.302613221870246 
0.10799999999999083, 45.34653344575347 
0.10899999999999044, 45.382637334377236 
0.10999999999999005, 45.41067528810249 
0.11099999999998966, 45.430582205186056 
0.11199999999998927, 45.442368713769376 
0.11299999999998889, 45.446042532569855 
0.1139999999999885, 45.441558847520895 
0.11499999999998811, 45.42879764305373 
0.11599999999998772, 45.40756771227267 
0.11699999999998734, 45.37764019936957 
0.11799999999998695, 45.33881770756367 
0.11899999999998656, 45.292234808273356 
0.11999999999998617, 45.23764551350047 
0.12099999999998579, 45.17539776641371 
0.1219999999999854, 45.107012046323376 
0.12299999999998501, 45.034722525722984 
0.12399999999998462, 44.9614502769716 
0.12499999999998423, 44.890578044445704 
0.12599999999998523, 44.825495743224046 
0.12699999999998624, 44.76897809238837 
0.12799999999998724, 44.722128517446166 
0.12899999999998824, 44.684025790776715 
0.12999999999998924, 44.65437543502018 
0.13099999999999024, 44.63093218613932 
0.13199999999999124, 44.61161213487097 
0.13299999999999224, 44.59511539037543 
0.13399999999999324, 44.5811669173524 
0.13499999999999424, 44.570324779226404 
0.13599999999999524, 44.563469047834225 
0.13699999999999624, 44.56121803854325 
0.13799999999999724, 44.56355257299148 
0.13899999999999824, 44.56982532542142 
0.13999999999999924, 44.57914021591842 
0.14100000000000024, 44.590913880191735 
0.14200000000000124, 44.60535535262788 
0.14300000000000224, 44.6236320251579 
0.14400000000000324, 44.647608374547445 
0.14500000000000424, 44.67922116596495 
0.14600000000000524, 44.719731935195114 
0.14700000000000624, 44.769173744479424 
0.14800000000000724, 44.826213901093304 
0.14900000000000824, 44.88843956826893 
0.15000000000000924, 44.95288730856033 
0.15100000000001024, 45.01658713312214 
0.15200000000001124, 45.076961339607756 
0.15300000000001224, 45.132025079975975 
0.15400000000001324, 45.18041480207948 
0.15500000000001424, 45.22130487009926 
0.15600000000001524, 45.25427280868637 
0.15700000000001624, 45.27915735942985 
0.15800000000001724, 45.2959344337606 
0.15900000000001824, 45.30462116914218 
0.16000000000001924, 45.30520958532305 
0.16100000000002024, 45.29762796419871 
0.16200000000002124, 45.28172836296384 
0.16300000000002224, 45.2573010676912 
0.16400000000002324, 45.224120037425934 
0.16500000000002424, 45.182127392781084 
0.16600000000002524, 45.13293229403073 
0.16700000000002624, 45.07546405456274 
0.16800000000002724, 45.01082649367458 
0.16900000000002824, 44.94077604116122 
0.17000000000002924, 44.867785091625635 
0.17100000000003024, 44.794953514292416 
0.17200000000003124, 44.72570705067694 
0.17300000000003224, 44.66327821948802 
0.17400000000003324, 44.610070746483885 
0.17500000000003424, 44.56611083165885 
0.17600000000003524, 44.53102902817577 
0.17700000000003624, 44.503669160802595 
0.17800000000003724, 44.481767019492665 
0.17900000000003824, 44.463451474155406 
0.18000000000003924, 44.44775246302815 
0.18100000000004024, 44.4346994248106 
0.18200000000004124, 44.42501196580461 
0.18300000000004224, 44.41954181637037 
0.18400000000004324, 44.4187324151748 
0.18500000000004424, 44.42235422043258 
0.18600000000004524, 44.42963622048729 
0.18700000000004624, 44.43972027591387 
0.18800000000004724, 44.45221955083887 
0.18900000000004824, 44.46762100534288 
0.19000000000004924, 44.48733075407093 
0.19100000000005024, 44.513297295485394 
0.19200000000005124, 44.54732920134525 
0.19300000000005224, 44.5903797745832 
0.19400000000005324, 44.64210113008599 
0.19500000000005424, 44.70083288627941 
0.19600000000005524, 44.76397259758909 
0.19700000000005624, 44.828523852105974 
0.19800000000005724, 44.891606572003255 
0.19900000000005824, 44.9508005152527 
0.20000000000005924, 45.00429449839405 
0.20100000000006024, 45.050879890687455 
0.20200000000006124, 45.08985013490061 
0.20300000000006224, 45.1208624820434 
0.20400000000006324, 45.14380049778948 
0.20500000000006424, 45.158657810993375 
0.20600000000006524, 45.16545046766146 
0.20700000000006624, 45.1641581326367 
0.20800000000006724, 45.154692096056316 
0.20900000000006824, 45.13688893776179 
0.21000000000006924, 45.11053134997757 
0.21100000000007024, 45.075400811541975 
0.21200000000007124, 45.03187050424878 
0.21300000000007224, 44.98084312609775 
0.21400000000007324, 44.92175519748787 
0.21500000000007424, 44.85582988314962 
0.21600000000007524, 44.78495868688637 
0.21700000000007624, 44.71173898670931 
0.21800000000007724, 44.63934753867223 
0.21900000000007824, 44.57119706907581 
0.22000000000007924, 44.510389067155 
0.22100000000008024, 44.45908562477651 
0.22200000000008124, 44.41671099701109 
0.22300000000008224, 44.383201926616444 
0.22400000000008324, 44.35698757209952 
0.22500000000008424, 44.33583556191652 
0.22600000000008524, 44.31801727390829 
0.22700000000008624, 44.3027453544039 
0.22800000000008724, 44.29019673578535 
0.22900000000008824, 44.281150385206296 
0.23000000000008924, 44.276419098717554 
0.23100000000009024, 44.276344763633865 
0.23200000000009124, 44.280596265348365 
0.23300000000009224, 44.28835884148946 
0.23400000000009324, 44.29881509046141 
0.23500000000009424, 44.311689583770324 
0.23600000000009524, 44.32760471561323 
0.23700000000009624, 44.3480656772236 
0.23800000000009724, 44.37503464625876 
0.23900000000009824, 44.41023385372682 
0.24000000000009925, 44.45445850760185 
0.24100000000010025, 44.50718757131817 
0.24200000000010125, 44.566628029959425 
0.24300000000010225, 44.63011535799161 
0.24400000000010325, 44.69466074722236 
0.24500000000010425, 44.75744031354294 
0.24600000000010525, 44.81611207243067 
0.24700000000010625, 44.86894344015478 
0.24800000000010725, 44.91479162764598 
0.24900000000010825, 44.952998035643226 
0.25000000000010925, 44.98325029838881 
0.25100000000011025, 45.005447890369815 
0.25200000000011125, 45.01958984470483 
0.25300000000011225, 45.02569088429306 
0.25400000000011325, 45.023725813260455 
0.25500000000011425, 45.01360013404124 
0.25600000000011525, 44.99514593757618 
0.25700000000011625, 44.968144797086694 
0.25800000000011725, 44.93238251150797 
0.25900000000011825, 44.88838965678044 
0.26000000000011925, 44.83681177566465 
0.26100000000012025, 44.77725974337304 
0.26200000000012125, 44.71098692135927 
0.26300000000012225, 44.63991422885683 
0.26400000000012325, 44.56665966395389 
0.26500000000012425, 44.49440249467187 
0.26600000000012525, 44.42653247311817 
0.26700000000012625, 44.36610167230331 
0.26800000000012725, 44.31520529447614 
0.26900000000012825, 44.273159124454494 
0.27000000000012925, 44.239933950828075 
0.27100000000013025, 44.21390957036057 
0.27200000000013125, 44.192872387428864 
0.27300000000013225, 44.17512556407277 
0.27400000000013325, 44.15991103716429 
0.27500000000013425, 44.14742211072359 
0.27600000000013525, 44.13843904731144 
0.27700000000013625, 44.13376635647703 
0.27800000000013725, 44.13373694402508 
0.27900000000013825, 44.13801660215893 
0.28000000000013925, 44.14579398503964 
0.28100000000014025, 44.1562567300383 
0.28200000000014125, 44.16912945244612 
0.28300000000014225, 44.18502589702593 
0.28400000000014325, 44.20543625334456 
0.28500000000014425, 44.23230955902095 
0.28600000000014525, 44.26736682327972 
0.28700000000014625, 44.3114197792687 
0.28800000000014725, 44.36397925798395 
0.28900000000014825, 44.42329003386543 
0.29000000000014925, 44.48672018799897 
0.29100000000015025, 44.55130078017212 
0.29200000000015125, 44.61421310456598 
0.29300000000015225, 44.67310827087054 
0.29400000000015325, 44.72623950471294 
0.29500000000015425, 44.772447412347574 
0.29600000000015525, 44.81105809301797 
0.29700000000015625, 44.84174739273349 
0.29800000000015725, 44.8644074085913 
0.29900000000015825, 44.8790341890657 
0.30000000000015925, 44.88564329381758 
0.30100000000016025, 44.8842132780012 
0.30200000000016125, 44.874655113477935 
0.30300000000016225, 44.85680648604819 
0.30400000000016325, 44.83045246964104 
0.30500000000016425, 44.79537713820912 
0.30600000000016525, 44.75198914096091 
0.30700000000016625, 44.70111860728126 
0.30800000000016725, 44.6422207645862 
0.30900000000016825, 44.576488249643994 
0.31000000000016925, 44.50576679561562 
0.31100000000017025, 44.43259572282576 
0.31200000000017125, 44.36009178570032 
0.31300000000017225, 44.29162396577066 
0.31400000000017325, 44.23028794434283 
0.31500000000017425, 44.17829273449013 
0.31600000000017525, 44.135337876637074 
0.31700000000017625, 44.1011422929156 
0.31800000000017725, 44.07438669211199 
0.31900000000017825, 44.05285321108396 
0.32000000000017925, 44.03476271674635 
0.32100000000018025, 44.019235745936825 
0.32200000000018125, 44.00635690597908 
0.32300000000018225, 43.996855488618735 
0.32400000000018325, 43.99156117075671 
0.32500000000018425, 43.990889691398955 
0.32600000000018525, 43.99459957951314 
0.32700000000018625, 44.00192808774362 
0.32800000000018725, 44.012032590856606 
0.32900000000018825, 44.02452905215102 
0.33000000000018925, 44.039881576053844 
0.33100000000019025, 44.05945219641751 
0.33200000000019125, 44.08514696693192 
0.33300000000019225, 44.118764287672775 
0.33400000000019325, 44.1612998990194 
0.33500000000019425, 44.212497283354914 
0.33600000000019525, 44.270810009260366 
0.33700000000019625, 44.333738195483186 
0.33800000000019725, 44.39835163253652 
0.33900000000019825, 44.46179184815822 
0.34000000000019925, 44.5216219729322 
0.34100000000020025, 44.57598999316779 
0.34200000000020125, 44.62363724007546 
0.34300000000020225, 44.66380975675242 
0.34400000000020325, 44.69612734259965 
0.34500000000020425, 44.72044925851182 
0.34600000000020525, 44.73675823181517 
0.34700000000020625, 44.745071264868926 
0.34800000000020725, 44.745378219937486 
0.34900000000020825, 44.73760635414679 
0.35000000000020925, 44.721609395200375 
0.35100000000021025, 44.69718201206008 
0.35200000000021126, 44.66410352140134 
0.35300000000021226, 44.6223763185458 
0.35400000000021326, 44.57348974706091 
0.35500000000021426, 44.51640484185675 
0.35600000000021526, 44.452169895292215 
0.35700000000021626, 44.38245531470601 
0.35800000000021726, 44.309620440950205 
0.35900000000021826, 44.236642442039845 
0.36000000000021926, 44.166848330089046 
0.36100000000022026, 44.10343940165618 
0.36200000000022126, 44.04889064322441 
0.36300000000022226, 44.00376795672689 
0.36400000000022326, 43.96724986800409 
0.36500000000022426, 43.93872316101563 
0.36600000000022526, 43.915982935926436 
0.36700000000022626, 43.897082673141014 
0.36800000000022726, 43.880878707666014 
0.36900000000022826, 43.86720645935752 
0.37000000000022926, 43.8566602406121 
0.37100000000023026, 43.850095025664686 
0.37200000000023126, 43.84808263847531 
0.37300000000023226, 43.850575940429934 
0.37400000000023326, 43.85693389220803 
0.37500000000023426, 43.86628599476858 
0.37600000000023526, 43.87806139712948 
0.37700000000023626, 43.89244182348466 
0.37800000000023726, 43.910526373702126 
0.37900000000023826, 43.93410139470003 
0.38000000000023926, 43.96506654608506 
0.38100000000024026, 44.004729390294955 
0.38200000000024126, 44.05325810637885 
0.38300000000024226, 44.10950837413007 
0.38400000000024326, 44.17125190038732 
0.38500000000024426, 44.2356572782942 
0.38600000000024526, 44.2998119458322 
0.38700000000024626, 44.36112593666219 
0.38800000000024726, 44.41755387749552 
0.38900000000024826, 44.467649302856756 
0.39000000000024926, 44.510503250106446 
0.39100000000025026, 44.54562405323526 
0.39200000000025126, 44.572802580797024 
0.39300000000025226, 44.59198979436751 
0.39400000000025326, 44.60319887723793 
0.39500000000025426, 44.60643490249888 
0.39600000000025526, 44.60165078545291 
0.39700000000025626, 44.58872771376489 
0.39800000000025726, 44.567479945721175 
0.39900000000025826, 44.53768665480891 
0.40000000000025926, 44.499156282411924 
0.40100000000026026, 44.45310728572752 
0.40200000000026126, 44.3990946696257 
0.40300000000026226, 44.33748364587674 
0.40400000000026326, 44.26968007087453 
0.40500000000026426, 44.19775874956542 
0.40600000000026526, 44.12445479619344 
0.40700000000026626, 44.05298093677331 
0.40800000000026726, 43.98663594478645 
0.40900000000026826, 43.92824426385905 
0.41000000000026926, 43.879573196964195 
0.41100000000027026, 43.83928565847216 
0.41200000000027126, 43.80767964412163 
0.41300000000027226, 43.782774371560095 
0.41400000000027326, 43.76244413802898 
0.41500000000027426, 43.74516867118439 
0.41600000000027526, 43.73037329550192 
0.41700000000027626, 43.71837282981635 
0.41800000000027726, 43.709974736581174 
0.41900000000027826, 43.705929120643574 
0.42000000000027926, 43.70648004865637 
0.42100000000028026, 43.71122502921409 
0.42200000000028126, 43.71934008133748 
0.42300000000028226, 43.73005753238119 
0.42400000000028326, 43.74317697168696 
0.42500000000028426, 43.75937805369152 
0.42600000000028526, 43.78017547637896 
0.42700000000028626, 43.807491115967665 
0.42800000000028726, 43.842983382004284 
0.42900000000028826, 43.88739899017589 
0.43000000000028926, 43.940212115531835 
0.43100000000029026, 43.99967206504041 
0.43200000000029126, 44.06318505293591 
0.43300000000029226, 44.12783510306788 
0.43400000000029326, 44.19085301555338 
0.43500000000029426, 44.249924997440154 
0.43600000000029526, 44.30332226148013 
0.43700000000029626, 44.34988928698956 
0.43800000000029726, 44.388947354336956 
0.43900000000029826, 44.4201642001923 
0.44000000000029926, 44.443424660555344 
0.44100000000030026, 44.45872093491425 
0.44200000000030126, 44.46606929708135 
0.44300000000030226, 44.46545357713902 
0.44400000000030326, 44.456793556497665 
0.44500000000030426, 44.439937110033625 
0.44600000000030526, 44.4146772364345 
0.44700000000030626, 44.38079799136275 
0.44800000000030726, 44.33851754969751 
0.44900000000030826, 44.2889559665718 
0.45000000000030926, 44.23131068871245 
0.45100000000031026, 44.1666571748793 
0.45200000000031126, 44.09668870397323 
0.45300000000031226, 44.02377471335921 
0.45400000000031326, 43.950881357721485 
0.45500000000031426, 43.881299039044514 
0.45600000000031526, 43.818170325792565 
0.45700000000031626, 43.76390268286447 
0.45800000000031726, 43.7190229703975 
0.45900000000031826, 43.68264941756008 
0.46000000000031926, 43.6541933016263 
0.46100000000032026, 43.631475179242955 
0.46200000000032126, 43.61257356507233 
0.46300000000032226, 43.59635525695978 
0.46400000000032326, 43.582648661936695 
0.46500000000032427, 43.572032462109114 
0.46600000000032527, 43.56535225684262 
0.46700000000032627, 43.56318790536014 
0.46800000000032727, 43.56551686967382 
0.46900000000032827, 43.57172522700629 
0.47000000000032927, 43.580951871338385 
0.47100000000033027, 43.592602329373676 
0.47200000000033127, 43.606801019664445 
0.47300000000033227, 43.62457410403193 
0.47400000000033327, 43.64765189334893 
0.47500000000033427, 43.67792860056823 
0.47600000000033527, 43.71677396753301 
0.47700000000033627, 43.764474944313896 
0.47800000000033727, 43.82002783038339 
0.47900000000033827, 43.881326198095174 
0.48000000000033927, 43.94561366958385 
0.48100000000034027, 44.00999814536614 
0.48200000000034127, 44.071864704378285 
0.48300000000034227, 44.1291150232496 
0.48400000000034327, 44.18023952946199 
0.48500000000034427, 44.22426967737211 
0.48600000000034527, 44.26066589999578 
0.48700000000034627, 44.289186165097405 
0.48800000000034727, 44.30976350660788 
0.48900000000034827, 44.32240622686793 
0.49000000000034927, 44.32712472611387 
0.49100000000035027, 44.32388414499274 
0.49200000000035127, 44.31258097432388 
0.49300000000035227, 44.29304311466111 
0.49400000000035327, 44.26505542060187 
0.49500000000035427, 44.22841552635328 
0.49600000000035527, 44.183966087852426 
0.49700000000035627, 44.131817725071855 
0.49800000000035727, 44.07188442140405 
0.49900000000035827, 44.00541121585171 
0.5000000000003593, 43.934283163896666 
0.5010000000003547, 43.8610486050208 
0.5020000000003502, 43.78878793643664 
0.5030000000003456, 43.72078340100852 
0.5040000000003411, 43.660006122072915 
0.5050000000003365, 43.60853406693893 
0.506000000000332, 43.565999108408235 
0.5070000000003274, 43.532033452811085 
0.5080000000003229, 43.50537560749462 
0.5090000000003183, 43.48386188101497 
0.5100000000003138, 43.46575598920816 
0.5110000000003092, 43.450187604872184 
0.5120000000003047, 43.437218520547525 
0.5130000000003001, 43.42754644154741 
0.5140000000002956, 43.421990649007 
0.515000000000291, 43.42099438804893 
0.5160000000002865, 43.424371592256264 
0.5170000000002819, 43.431408749292075 
0.5180000000002773, 43.441265847603646 
0.5190000000002728, 43.45349067944025 
0.5200000000002682, 43.46841748931183 
0.5210000000002637, 43.48726306735199 
0.5220000000002591, 43.511842507825634 
0.5230000000002546, 43.54397963964043 
0.52400000000025, 43.58483179387054 
0.5250000000002455, 43.63440231820364 
0.5260000000002409, 43.69142540314155 
0.5270000000002364, 43.75362463834958 
0.5280000000002318, 43.81819043191862 
0.5290000000002273, 43.882277326419405 
0.5300000000002227, 43.943378756512004 
0.5310000000002182, 43.99952698365179 
0.5320000000002136, 44.049335827157456 
0.5330000000002091, 44.09193656548531 
0.5340000000002045, 44.12686046732602 
0.5350000000002, 44.153908992531385 
0.5360000000001954, 44.17303641982468 
0.5370000000001909, 44.184256112262545 
0.5380000000001863, 44.187573078124544 
0.5390000000001818, 44.18294160435494 
0.5400000000001772, 44.17024624886186 
0.5410000000001727, 44.14930606823258 
0.5420000000001681, 44.119904565653066 
0.5430000000001636, 44.081850467920475 
0.544000000000159, 44.03632304498051 
0.5450000000001545, 43.982905354727365 
0.5460000000001499, 43.92188219373971 
0.5470000000001454, 43.854581634199185 
0.5480000000001408, 43.782976386444865 
0.5490000000001363, 43.709687962575146 
0.5500000000001317, 43.63783026606972 
0.5510000000001272, 43.57065490581325 
0.5520000000001226, 43.51102606635347 
0.5530000000001181, 43.46085081867802 
0.5540000000001135, 43.419358038736064 
0.555000000000109, 43.38641309435485 
0.5560000000001044, 43.36048961497344 
0.5570000000000999, 43.33945506502065 
0.5580000000000953, 43.32166845052562 
0.5590000000000908, 43.30637428606171 
0.5600000000000862, 43.29372410524657 
0.5610000000000817, 43.28445085402681 
0.5620000000000771, 43.27935066373666 
0.5630000000000726, 43.27880710850103 
0.564000000000068, 43.28257401194141 
0.5650000000000635, 43.28990985321577 
0.5660000000000589, 43.299993517182074 
0.5670000000000543, 43.31243120552161 
0.5680000000000498, 43.32763030554791 
0.5690000000000452, 43.3468637975392 
0.5700000000000407, 43.37196023884292 
0.5710000000000361, 43.40470564329786 
0.5720000000000316, 43.44618121897486 
0.573000000000027, 43.49630381161245 
0.5740000000000225, 43.5537393341657 
0.5750000000000179, 43.61617791407846 
0.5760000000000134, 43.680812165367534 
0.5770000000000088, 43.74482436431221 
0.5780000000000043, 43.80574763439492 
0.5789999999999997, 43.86165448100355 
0.5799999999999952, 43.91119256511843 
0.5809999999999906, 43.95351788743329 
0.5819999999999861, 43.98817753085843 
0.5829999999999815, 44.01498157711168 
0.583999999999977, 44.03388789384695 
0.5849999999999724, 44.04491039973427 
0.5859999999999679, 44.048053219310084 
0.5869999999999633, 44.04326946869653 
0.5879999999999588, 44.03044300797801 
0.5889999999999542, 44.00939308925555 
0.5899999999999497, 43.97990439315111 
0.5909999999999451, 43.94178750470307 
0.5919999999999406, 43.89625914671419 
0.592999999999936, 43.84283509902563 
0.5939999999999315, 43.78183033826004 
0.5949999999999269, 43.71456290601293 
0.5959999999999224, 43.64298901593013 
0.5969999999999178, 43.56970789694641 
0.5979999999999133, 43.497809011246254 
0.5989999999999087, 43.43052425689117 
0.5999999999999042, 43.37071141219675 
0.6009999999998996, 43.32029077800859 
0.6019999999998951, 43.278607113752365 
0.6029999999998905, 43.24541056936145 
0.603999999999886, 43.2192851103162 
0.6049999999998814, 43.198105011890604 
0.6059999999998769, 43.180211606281276 
0.6069999999998723, 43.164814946398096 
0.6079999999998678, 43.15203055109752 
0.6089999999998632, 43.142570606177664 
0.6099999999998587, 43.13723619293156 
0.6109999999998541, 43.136439433794095 
0.6119999999998496, 43.13997132417257 
0.612999999999845, 43.14711492389872 
0.6139999999998405, 43.15704367066155 
0.6149999999998359, 43.169323043044585 
0.6159999999998313, 43.184295107009646 
0.6169999999998268, 43.20316749882357 
0.6179999999998222, 43.22773366081651 
0.6189999999998177, 43.25979757517544 
0.6199999999998131, 43.30051465276463 
0.6209999999998086, 43.34991238520207 
0.621999999999804, 43.40677051416793 
0.6229999999997995, 43.46886552396094 
0.6239999999997949, 43.533432746589 
0.6249999999997904, 43.597653880132334 
0.6259999999997858, 43.65902958664801 
0.6269999999997813, 43.71558318097185 
0.6279999999997767, 43.76590987281859 
0.6289999999997722, 43.809119208324184 
0.6299999999997676, 43.84472261677962 
0.6309999999997631, 43.87250665517712 
0.6319999999997585, 43.89241694462281 
0.632999999999754, 43.904464492064164 
0.6339999999997494, 43.90865748430076 
0.6349999999997449, 43.9049575637478 
0.6359999999997403, 43.89325886763341 
0.6369999999997358, 43.87338947880346 
0.6379999999997312, 43.84513737121108 
0.6389999999997267, 43.80830550248448 
0.6399999999997221, 43.76384787864485 
0.6409999999997176, 43.71167498228908 
0.641999999999713, 43.65179363443295 
0.6429999999997085, 43.5854210271518 
0.6439999999997039, 43.51439516520248 
0.6449999999996994, 43.441199193849336 
0.6459999999996948, 43.36883969198586 
0.6469999999996903, 43.30053592822438 
0.6479999999996857, 43.2392325729921 
0.6489999999996812, 43.18703866667606 
0.6499999999996766, 43.143895573145585 
0.6509999999996721, 43.109150637762305 
0.6519999999996675, 43.08185462809318 
0.652999999999663, 43.0598757386126 
0.6539999999996584, 43.04143465796887 
0.6549999999996539, 43.0255620407788 
0.6559999999996493, 43.01220815370899 
0.6569999999996448, 43.00199814104653 
0.6579999999996402, 42.99575361904796 
0.6589999999996357, 42.993995063472696 
0.6599999999996311, 42.996648469245 
0.6609999999996266, 43.003084280905945 
0.661999999999622, 43.012462169958404 
0.6629999999996175, 43.02422279269729 
0.6639999999996129, 43.03851120058055 
0.6649999999996083, 43.05634164365765 
0.6659999999996038, 43.07940404390985 
0.6669999999995992, 43.10954932021338 
0.6679999999995947, 43.14813427644103 
0.6689999999995901, 43.19548422004812 
0.6699999999995856, 43.25068097682896 
0.670999999999581, 43.31172510183608 
0.6719999999995765, 43.37595681618078 
0.6729999999995719, 43.440547383939915 
0.6739999999995674, 43.50290451318553 
0.6749999999995628, 43.56091739636329 
0.6759999999995583, 43.61304143302334 
0.6769999999995537, 43.65826411429683 
0.6779999999995492, 43.6960039412043 
0.6789999999995446, 43.72598598569975 
0.6799999999995401, 43.74812273586964 
0.6809999999995355, 43.76241486000273 
0.681999999999531, 43.76887677828566 
0.6829999999995264, 43.767486802118995 
0.6839999999995219, 43.758160096162634 
0.6849999999995173, 43.74074358321363 
0.6859999999995128, 43.71503408476206 
0.6869999999995082, 43.68082356896492 
0.6879999999995037, 43.638513508685655 
0.6889999999994991, 43.58889261526079 
0.6899999999994946, 43.53132180576539 
0.69099999999949, 43.46683724913737 
0.6919999999994855, 43.397062020922625 
0.6929999999994809, 43.3242633019387 
0.6939999999994764, 43.25128441742692 
0.6949999999994718, 43.181300453387685 
0.6959999999994673, 43.117387684403305 
0.6969999999994627, 43.06197642702608 
0.6979999999994582, 43.016086578378605 
0.6989999999994536, 42.97834181014261 
0.6999999999994491, 42.94871573894256 
0.7009999999994445, 42.92511960844965 
0.70199999999944, 42.90559633743333 
0.7029999999994354, 42.88886764539415 
0.7039999999994309, 42.874570501609774 
0.7049999999994263, 42.86313237451393 
0.7059999999994218, 42.85536065169515 
0.7069999999994172, 42.851930722231835 
0.7079999999994127, 42.853000934109865 
0.7089999999994081, 42.85812469392743 
0.7099999999994036, 42.866491328832296 
0.710999999999399, 42.87738112402554 
0.7119999999993945, 42.8906340961203 
0.7129999999993899, 42.9069280265348 
0.7139999999993853, 42.92772744553352 
0.7149999999993808, 42.954884593974576 
0.7159999999993762, 42.99001820963634 
0.7169999999993717, 43.03390647167976 
0.7179999999993671, 43.08613364515243 
0.7189999999993626, 43.14510778961128 
0.719999999999358, 43.2083940601708 
0.7209999999993535, 43.273193933629095 
0.7219999999993489, 43.33679433595061 
0.7229999999993444, 43.39687883329453 
0.7239999999993398, 43.45167397864001 
0.7249999999993353, 43.49995877792325 
0.7259999999993307, 43.54098689951307 
0.7269999999993262, 43.574369268209644 
0.7279999999993216, 43.59995163862887 
0.7289999999993171, 43.61770701381854 
0.7299999999993125, 43.62765126721938 
0.730999999999308, 43.62978341773823 
0.7319999999993034, 43.62404913545899 
0.7329999999992989, 43.6103260217188 
0.7339999999992943, 43.58843087758508 
0.7349999999992898, 43.5581516297715 
0.7359999999992852, 43.51930890980687 
0.7369999999992807, 43.47336357365751 
0.7379999999992761, 43.41942546353251 
0.7389999999992716, 43.358044624398715 
0.739999999999267, 43.29054570631429 
0.7409999999992625, 43.218876113601176 
0.7419999999992579, 43.14560509308295 
0.7429999999992534, 43.073770540405526 
0.7439999999992488, 43.00653960370946 
0.7449999999992443, 42.94670980753788 
0.7459999999992397, 42.89616727400425 
0.7469999999992352, 42.85437105118771 
0.7479999999992306, 42.82091797738815 
0.7489999999992261, 42.79455002732815 
0.7499999999992215, 42.77317397781152 
0.750999999999217, 42.75512531894175 
0.7519999999992124, 42.73957135975229 
0.7529999999992079, 42.726568994756576 
0.7539999999992033, 42.716787655249234 
0.7549999999991988, 42.71102804565122 
0.7559999999991942, 42.70974947752279 
0.7569999999991897, 42.71281533988212 
0.7579999999991851, 42.719565265495795 
0.7589999999991806, 42.72917328568187 
0.759999999999176, 42.74113023671359 
0.7609999999991715, 42.75564226353916 
0.7619999999991669, 42.77376726151416 
0.7629999999991623, 42.797201853359304 
0.7639999999991578, 42.827764538084466 
0.7649999999991532, 42.86675629478593 
0.7659999999991487, 42.914448165113896 
0.7669999999991441, 42.9698902920787 
0.7679999999991396, 43.03108196879201 
0.768999999999135, 43.09538696842584 
0.7699999999991305, 43.160012336715056 
0.7709999999991259, 43.222401528592314 
0.7719999999991214, 43.28047167242936 
0.7729999999991168, 43.33269563891688 
0.7739999999991123, 43.37806898037407 
0.7749999999991077, 43.41601170879749 
0.7759999999991032, 43.44624702298905 
0.7769999999990986, 43.46868478779249 
0.7779999999990941, 43.48332410521041 
0.7789999999990895, 43.49017987794268 
0.779999999999085, 43.48923323322524 
0.7809999999990804, 43.4804041285555 
0.7819999999990759, 43.46354521320565 
0.7829999999990713, 43.43845805722041 
0.7839999999990668, 43.40493533054944 
0.7849999999990622, 43.36327184127527 
0.7859999999990577, 43.31442273987093 
0.7869999999990531, 43.25760508104319 
0.7879999999990486, 43.19379008714383 
0.788999999999044, 43.12451419140438 
0.7899999999990395, 43.051944229742915 
0.7909999999990349, 42.97882778481394 
0.7919999999990304, 42.90827711540623 
0.7929999999990258, 42.8433704758649 
0.7939999999990213, 42.786626636703105 
0.7949999999990167, 42.739498373393396 
0.7959999999990122, 42.70036992567856 
0.7969999999990076, 42.669554975547875 
0.7979999999990031, 42.645088654455236 
0.7989999999989985, 42.62497092099556 
0.799999999998994, 42.607793436393415 
0.8009999999989894, 42.59303074011119 
0.8019999999989849, 42.58098138824003 
0.8029999999989803, 42.57240938853971 
0.8039999999989758, 42.56804679223107 
0.8049999999989712, 42.56817612309508 
0.8059999999989667, 42.57247593410863 
0.8069999999989621, 42.580191327155454 
0.8079999999989576, 42.5905463317625 
0.808999999998953, 42.60321679410078 
0.8099999999989485, 42.618661250603694 
0.8109999999989439, 42.63815631241379 
0.8119999999989393, 42.66348654273846 
0.8129999999989348, 42.69637526806456 
0.8139999999989302, 42.73786393566736 
0.8149999999989257, 42.7878825829636 
0.8159999999989211, 42.845165510037745 
0.8169999999989166, 42.90750313531323 
0.817999999998912, 42.97218748070283 
0.8189999999989075, 43.036473568561576 
0.8199999999989029, 43.097929656318406 
0.8209999999988984, 43.15462849101549 
0.8219999999988938, 43.20519380287979 
0.8229999999988893, 43.24874631124904 
0.8239999999988847, 43.28479745053406 
0.8249999999988802, 43.313128777446494 
0.8259999999988756, 43.333680730361706 
0.8269999999988711, 43.346462073441 
0.8279999999988665, 43.3514832335935 
0.828999999998862, 43.348712758567096 
0.8299999999988574, 43.33805526006641 
0.8309999999988529, 43.31935032366033 
0.8319999999988483, 43.29239403433977 
0.8329999999988438, 43.25698715768679 
0.8339999999988392, 43.213855422629365 
0.8349999999988347, 43.16324206317335 
0.8359999999988301, 43.10485153595116 
0.8369999999988256, 43.03975808242873 
0.837999999998821, 42.96961569318742 
0.8389999999988165, 42.89670366976614 
0.8399999999988119, 42.823847566699506 
0.8409999999988074, 42.75416916262722 
0.8419999999988028, 42.69066100038807 
0.8429999999987983, 42.63565744872069 
0.8439999999987937, 42.590120298430094 
0.8449999999987892, 42.552587625161614 
0.8459999999987846, 42.52306426438497 
0.8469999999987801, 42.499497028231104 
0.8479999999987755, 42.47996635027981 
0.848999999998771, 42.46321221395248 
0.8499999999987664, 42.44886396322375 
0.8509999999987619, 42.437325560721916 
0.8519999999987573, 42.42938547372768 
0.8529999999987528, 42.42572325596869 
0.8539999999987482, 42.42652855513271 
0.8549999999987437, 42.43139808534161 
0.8559999999987391, 42.43954872330178 
0.8569999999987346, 42.45024630211458 
0.85799999999873, 42.46326420719873 
0.8589999999987254, 42.47917617910997 
0.8599999999987209, 42.499344231497446 
0.8609999999987163, 42.525569857505204 
0.8619999999987118, 42.559511663309074 
0.8629999999987072, 42.60208392489663 
0.8639999999987027, 42.65306966989123 
0.8649999999986981, 42.711081616156065 
0.8659999999986936, 42.77384256539997 
0.866999999998689, 42.838635712413215 
0.8679999999986845, 42.902752805048024 
0.8689999999986799, 42.9638238632967 
0.8699999999986754, 43.01998951012207 
0.8709999999986708, 43.06993448660607 
0.8719999999986663, 43.112827186003315 
0.8729999999986617, 43.14821194583974 
0.8739999999986572, 43.175890047623035 
0.8749999999986526, 43.19581138822874 
0.8759999999986481, 43.207987047415926 
0.8769999999986435, 43.212425410600105 
0.877999999998639, 43.20909091656476 
0.8789999999986344, 43.19788385229373 
0.8799999999986299, 43.17864082123965 
0.8809999999986253, 43.15115767596087 
0.8819999999986208, 43.11523902706039 
0.8829999999986162, 43.07175468603343 
0.8839999999986117, 43.020706144420764 
0.8849999999986071, 42.96194996120806 
0.8859999999986026, 42.89657991143629 
0.886999999998598, 42.826268033672065 
0.8879999999985935, 42.75330508366686 
0.8889999999985889, 42.680515913788646 
0.8899999999985844, 42.61100536542051 
0.8909999999985798, 42.547732703889615 
0.8919999999985753, 42.49298837105364 
0.8929999999985707, 42.44767309496242 
0.8939999999985662, 42.41032781483589 
0.8949999999985616, 42.380930500584164 
0.8959999999985571, 42.35743736508569 
0.8969999999985525, 42.33794702303919 
0.897999999998548, 42.32121642857584 
0.8989999999985434, 42.30688407970215 
0.8999999999985389, 42.29535421921346 
0.9009999999985343, 42.287410744752655 
0.9019999999985298, 42.28372995880248 
0.9029999999985252, 42.28450382140896 
0.9039999999985207, 42.28933636880377 
0.9049999999985161, 42.29745155843406 
0.9059999999985116, 42.308115069669874 
0.906999999998507, 42.32108827480463 
0.9079999999985024, 42.33692211619332 
0.9089999999984979, 42.356952854246714 
0.9099999999984933, 42.38296562067533 
0.9109999999984888, 42.41662348730064 
0.9119999999984842, 42.45887028702569 
0.9129999999984797, 42.50953774528954 
0.9139999999984751, 42.5672929292652 
0.9149999999984706, 42.62990421548851 
0.915999999998466, 42.694682196447005 
0.9169999999984615, 42.75892562366945 
0.9179999999984569, 42.8202546681493 
0.9189999999984524, 42.87678960523258 
0.9199999999984478, 42.92719084494415 
0.9209999999984433, 42.97060356237947 
0.9219999999984387, 43.00655314989829 
0.9229999999984342, 43.034827628078524 
0.9239999999984296, 43.05536947002588 
0.9249999999984251, 43.06818756332758 
0.9259999999984205, 43.07329232621131 
0.926999999998416, 43.07065321901492 
0.9279999999984114, 43.0601770714272 
0.9289999999984069, 43.04170670972003 
0.9299999999984023, 43.01504143497491 
0.9309999999983978, 42.9799831956182 
0.9319999999983932, 42.937235952387354 
0.9329999999983887, 42.887061057699334 
0.9339999999983841, 42.82911638241246 
0.9349999999983796, 42.764430788430104 
0.935999999998375, 42.694595899885925 
0.9369999999983705, 42.62181663091572 
0.9379999999983659, 42.548844886318236 
0.9389999999983614, 42.4787502261072 
0.9399999999983568, 42.4145186248408 
0.9409999999983523, 42.35854118522361 
0.9419999999983477, 42.312138208504535 
0.9429999999983432, 42.27355128954692 
0.9439999999983386, 42.24313608311167 
0.9449999999983341, 42.21890860963529 
0.9459999999983295, 42.198920908496895 
0.946999999998325, 42.18181707554203 
0.9479999999983204, 42.16710267584696 
0.9489999999983159, 42.155080239974495 
0.9499999999983113, 42.146500968319074 
0.9509999999983068, 42.14208563374691 
0.9519999999983022, 42.14212126088708 
0.9529999999982977, 42.146307275639785 
0.9539999999982931, 42.15391182339432 
0.9549999999982886, 42.1641630329876 
0.955999999998284, 42.17670612619751 
0.9569999999982794, 42.19193454234536 
0.9579999999982749, 42.21104604889465 
0.9589999999982703, 42.23576868777325 
0.9599999999982658, 42.267827842924866 
0.9609999999982612, 42.30834280547906 
0.9619999999982567, 42.35738396878851 
0.9629999999982521, 42.41385014392717 
0.9639999999982476, 42.47567589751202 
0.964999999998243, 42.54024551845021 
0.9659999999982385, 42.604844412366994 
0.9669999999982339, 42.66701786944867 
0.9679999999982294, 42.72478077522602 
0.9689999999982248, 42.776684104138006 
0.9699999999982203, 42.82177715287639 
0.9709999999982157, 42.85951171770746 
0.9719999999982112, 42.889626495954246 
0.9729999999982066, 42.91203679091049 
0.9739999999982021, 42.926742398709344 
0.9749999999981975, 42.933758047409626 
0.975999999998193, 42.93306622313773 
0.9769999999981884, 42.92459081965442 
0.9779999999981839, 42.90819072541415 
0.9789999999981793, 42.88367431162791 
0.9799999999981748, 42.85083804752678 
0.9809999999981702, 42.80991364306902 
0.9819999999981657, 42.76194452095149 
0.9829999999981611, 42.70603703208328 
0.9839999999981566, 42.6430790230844 
0.984999999998152, 42.574488824203534 
0.9859999999981475, 42.502287395314895 
0.9869999999981429, 42.42907042305108 
0.9879999999981384, 42.357830539938995 
0.9889999999981338, 42.29160713331359 
0.9899999999981293, 42.233001818626796 
0.9909999999981247, 42.18367965898701 
0.9919999999981202, 42.142848291001975 
0.9929999999981156, 42.1101328848696 
0.9939999999981111, 42.08422183738296 
0.9949999999981065, 42.06309735370556 
0.995999999998102, 42.04518487957428 
0.9969999999980974, 42.02971438717139 
0.9979999999980929, 42.01676060337723 
0.9989999999980883, 42.00697630618433 
0.9999999999980838, 42.0011396467352 
1.0009999999980903, 41.9997092303949 
1.0019999999980969, 42.00257798325139 
1.0029999999981034, 42.00912772849937 
1.00399999999811, 42.01855305912293 
1.0049999999981165, 42.03031223380324 
1.005999999998123, 42.044516605190736 
1.0069999999981296, 42.062091713098866 
1.0079999999981362, 42.084619291127105 
1.0089999999981427, 42.11388502735868 
1.0099999999981493, 42.151281265460746 
1.0109999999981558, 42.19728859105459 
1.0119999999981624, 42.25123053976546 
1.012999999998169, 42.31136776104939 
1.0139999999981755, 42.375250704151014 
1.014999999998182, 42.44016996778658 
1.0159999999981886, 42.50355543835238 
1.0169999999981951, 42.56324117722574 
1.0179999999982017, 42.61758168645166 
1.0189999999982082, 42.66544882623674 
1.0199999999982148, 42.70615435184287 
1.0209999999982213, 42.73933972770172 
1.0219999999982279, 42.76486303274487 
1.0229999999982344, 42.78269996426272 
1.023999999998241, 42.79286606109895 
1.0249999999982475, 42.79536134068858 
1.025999999998254, 42.79013606674016 
1.0269999999982606, 42.777076320915235 
1.0279999999982672, 42.75600948541707 
1.0289999999982737, 42.72673187853879 
1.0299999999982803, 42.689062864937576 
1.0309999999982868, 42.64435031072941 
1.0319999999982934, 42.59181082990163 
1.0329999999983, 42.5318006349529 
1.0339999999983065, 42.46548516920522 
1.034999999998313, 42.39460418614419 
1.0359999999983196, 42.32149435980669 
1.0369999999983261, 42.24898465304342 
1.0379999999983327, 42.18012656853467 
1.0389999999983393, 42.117766077950215 
1.0399999999983458, 42.06403801869809 
1.0409999999983524, 42.01959520637544 
1.041999999998359, 41.983024837151106 
1.0429999999983655, 41.95417103904253 
1.043999999998372, 41.931016216498485 
1.0449999999983786, 41.91172491797868 
1.045999999998385, 41.89512472577754 
1.0469999999983917, 41.880902291063485 
1.0479999999983982, 41.86947701002198 
1.0489999999984048, 41.86162222930649 
1.0499999999984113, 41.857996356065456 
1.0509999999984179, 41.858783659908156 
1.0519999999984244, 41.863596807132794 
1.052999999998431, 41.8716762303379 
1.0539999999984375, 41.88229456286699 
1.054999999998444, 41.895195128381275 
1.0559999999984506, 41.91088256539764 
1.0569999999984572, 41.93063280119211 
1.0579999999984637, 41.95618512393486 
1.0589999999984703, 41.989201792563705 
1.0599999999984768, 42.0306870137915 
1.0609999999984834, 42.08058541383096 
1.06199999999849, 42.137699449267934 
1.0629999999984965, 42.199918970886614 
1.063999999998503, 42.264635242389105 
1.0649999999985096, 42.329177156873705 
1.0659999999985161, 42.39115020250545 
1.0669999999985227, 42.44862962553959 
1.0679999999985292, 42.50021686148783 
1.0689999999985358, 42.54499791496789 
1.0699999999985423, 42.58244800026371 
1.070999999998549, 42.61231863571644 
1.0719999999985554, 42.63453069062501 
1.072999999998562, 42.64908534332427 
1.0739999999985685, 42.655996929420574 
1.074999999998575, 42.65524743835779 
1.0759999999985816, 42.64676114593123 
1.0769999999985882, 42.630398549295826 
1.0779999999985947, 42.605970549882684 
1.0789999999986013, 42.57327599430451 
1.0799999999986079, 42.532564174000406 
1.0809999999986144, 42.484839007584554 
1.081999999998621, 42.42920853024316 
1.0829999999986275, 42.36653195347082 
1.083999999998634, 42.298184438944894 
1.0849999999986406, 42.2261303812686 
1.0859999999986472, 42.15290228832328 
1.0869999999986537, 42.08143678735164 
1.0879999999986603, 42.01474375048521 
1.0889999999986668, 41.95544058930499 
1.0899999999986734, 41.90526170739924 
1.09099999999868, 41.86375118082233 
1.0919999999986865, 41.830231434446354 
1.092999999998693, 41.80368756706268 
1.0939999999986996, 41.782111897283094 
1.0949999999987061, 41.76387542987463 
1.0959999999987127, 41.74811208481893 
1.0969999999987192, 41.73479753525095 
1.0979999999987258, 41.724523216746114 
1.0989999999987323, 41.71806953190956 
1.0999999999987389, 41.715958612971505 
1.1009999999987454, 41.71817622673969 
1.101999999998752, 41.72417790169433 
1.1029999999987585, 41.73316917206276 
1.103999999998765, 41.74453671809309 
1.1049999999987716, 41.75825175947678 
1.1059999999987782, 41.77507734916248 
1.1069999999987847, 41.79647550100072 
1.1079999999987913, 41.82421490859943 
1.1089999999987978, 41.85980090101054 
1.1099999999988044, 41.90393546822039 
1.110999999998811, 41.95620964252347 
1.1119999999988175, 42.015123702735224 
1.112999999998824, 42.0783856211064 
1.1139999999988306, 42.14334235927316 
1.1149999999988371, 42.20739134561939 
1.1159999999988437, 42.26827496184186 
1.1169999999988502, 42.32422945040776 
1.1179999999988568, 42.374008434530076 
1.1189999999988633, 42.416822571465154 
1.11999999999887, 42.45223748054531 
1.1209999999988765, 42.480062110713064 
1.121999999998883, 42.50024720317437 
1.1229999999988896, 42.51280305707492 
1.123999999998896, 42.5177390427209 
1.1249999999989027, 42.51502404964946 
1.1259999999989092, 42.50456641165621 
1.1269999999989158, 42.48621286867873 
1.1279999999989223, 42.459768027964856 
1.1289999999989289, 42.42503788375614 
1.1299999999989354, 42.3827420683408 
1.130999999998942, 42.333092408705646 
1.1319999999989485, 42.27572558740736 
1.132999999998955, 42.211605038440105 
1.1339999999989616, 42.142227462520395 
1.1349999999989682, 42.06967825234 
1.1359999999989747, 41.996582488349034 
1.1369999999989813, 41.925906927844245 
1.1379999999989878, 41.86059899101895 
1.1389999999989944, 41.803109946675896 
1.139999999999001, 41.75492644168828 
1.1409999999990075, 41.71498240253179 
1.141999999999014, 41.68302082466929 
1.1429999999990206, 41.65761222290771 
1.1439999999990271, 41.636793626568746 
1.1449999999990337, 41.619071802358974 
1.1459999999990402, 41.603749031266524 
1.1469999999990468, 41.59094048966601 
1.1479999999990533, 41.58130348189665 
1.1489999999990599, 41.575597683910715 
1.1499999999990664, 41.57426089919345 
1.150999999999073, 41.577178935108 
1.1519999999990795, 41.583742800772164 
1.152999999999086, 41.59316156404619 
1.1539999999990926, 41.60489615214718 
1.1549999999990992, 41.61903633746767 
1.1559999999991057, 41.636462819977915 
1.1569999999991123, 41.65870642859928 
1.1579999999991188, 41.687523530396305 
1.1589999999991254, 41.72432356128665 
1.159999999999132, 41.76965846163341 
1.1609999999991385, 41.82296264480377 
1.161999999999145, 41.88261707970641 
1.1629999999991516, 41.94627124001163 
1.1639999999991582, 42.01127420522948 
1.1649999999991647, 42.07506987125832 
1.1659999999991713, 42.13546988317576 
1.1669999999991778, 42.19078372597259 
1.1679999999991844, 42.23982975075963 
1.168999999999191, 42.28186881323967 
1.1699999999991975, 42.316501078929626 
1.170999999999204, 42.34355617042728 
1.1719999999992106, 42.36299466370799 
1.1729999999992171, 42.37482907918571 
1.1739999999992237, 42.379066287495455 
1.1749999999992302, 42.37567036908263 
1.1759999999992368, 42.364544534624685 
1.1769999999992433, 42.345531820589144 
1.1779999999992499, 42.31843618033019 
1.1789999999992564, 42.28306762280977 
1.179999999999263, 42.240314567742445 
1.1809999999992695, 42.19010526470836 
1.181999999999276, 42.132256123279184 
1.1829999999992826, 42.06775627248039 
1.1839999999992892, 41.9981284882515 
1.1849999999992957, 41.9254788731912 
1.1859999999993023, 41.852440795013415 
1.1869999999993088, 41.78197035040168 
1.1879999999993154, 41.71698222421692 
1.188999999999322, 41.65987606779429 
1.1899999999993285, 41.612078621179194 
1.190999999999335, 41.57243506013916 
1.1919999999993416, 41.5407253996524 
1.1929999999993481, 41.51548426212904 
1.1939999999993547, 41.49476785328958 
1.1949999999993612, 41.47711042401341 
1.1959999999993678, 41.46183838923471 
1.1969999999993743, 41.44908029651689 
1.197999999999381, 41.43949482196248 
1.1989999999993874, 41.433835327697146 
1.199999999999394, 41.43253246367157 
1.2009999999994005, 41.435469383825684 
1.201999999999407, 41.44203992909566 
1.2029999999994136, 41.451457990887306 
1.2039999999994202, 41.46318574051403 
1.2049999999994268, 41.47730642320578 
1.2059999999994333, 41.49468650319622 
1.2069999999994399, 41.51684017646044 
1.2079999999994464, 41.545513627051214 
1.208999999999453, 41.58212077377178 
1.2099999999994595, 41.62723569088664 
1.210999999999466, 41.68032829970851 
1.2119999999994726, 41.73981897210011 
1.2129999999994792, 41.80339041786215 
1.2139999999994857, 41.868412171809766 
1.2149999999994923, 41.93233409685515 
1.2159999999994988, 41.99296160774585 
1.2169999999995054, 42.04859011083352 
1.217999999999512, 42.0980206326019 
1.2189999999995185, 42.14049718182631 
1.219999999999525, 42.175605975684626 
1.2209999999995316, 42.203166776412004 
1.2219999999995381, 42.22313464946435 
1.2229999999995447, 42.23552062138924 
1.2239999999995512, 42.24033340443371 
1.2249999999995578, 42.237541348073265 
1.2259999999995643, 42.22705322030713 
1.2269999999995709, 42.208717421467526 
1.2279999999995774, 42.182341060311536 
1.228999999999584, 42.147732325772694 
1.2299999999995905, 42.1056397979057 
1.230999999999597, 42.056212289811754 
1.2319999999996036, 41.999098820877286 
1.2329999999996102, 41.93523372517958 
1.2339999999996167, 41.86607063163124 
1.2349999999996233, 41.7936395387158 
1.2359999999996298, 41.72050503039253 
1.2369999999996364, 41.64958207827425 
1.237999999999643, 41.583793581627816 
1.2389999999996495, 41.525610687334044 
1.239999999999656, 41.476590424606115 
1.2409999999996626, 41.435994892459476 
1.2419999999996691, 41.40326685138753 
1.2429999999996757, 41.37725891106266 
1.2439999999996822, 41.35601290057932 
1.2449999999996888, 41.33798006959406 
1.2459999999996954, 41.322369534213884 
1.246999999999702, 41.30920247672147 
1.2479999999997085, 41.29907952453339 
1.248999999999715, 41.29276468744933 
1.2499999999997216, 41.29075813819169 
1.250999999999728, 41.293035414211154 
1.2519999999997347, 41.29905865008764 
1.2529999999997412, 41.30804801896796 
1.2539999999997478, 41.319396433701726 
1.2549999999997543, 41.33305908884407 
1.2559999999997609, 41.34975867184106 
1.2569999999997674, 41.37090623929403 
1.257999999999774, 41.39823468573231 
1.2589999999997805, 41.433254791927666 
1.259999999999787, 41.47672742878236 
1.2609999999997936, 41.528346340812796 
1.2619999999998002, 41.586731319800116 
1.2629999999998067, 41.64969553412575 
1.2639999999998133, 41.71465465437094 
1.2649999999998198, 41.77903086181267 
1.2659999999998264, 41.84055271610871 
1.266999999999833, 41.897416638788684 
1.2679999999998395, 41.94832452159133 
1.268999999999846, 41.99243519800914 
1.2699999999998526, 42.02927033017013 
1.2709999999998591, 42.05860690922238 
1.2719999999998657, 42.08037688156367 
1.2729999999998722, 42.09458413172676 
1.2739999999998788, 42.10124206884719 
1.2749999999998853, 42.100331434557575 
1.2759999999998919, 42.09177692160159 
1.2769999999998984, 42.07544187582536 
1.277999999999905, 42.05114200178862 
1.2789999999999115, 42.01868097170643 
1.279999999999918, 41.97834400451466 
1.2809999999999246, 41.93105853361614 
1.2819999999999312, 41.87593941488638 
1.2829999999999377, 41.813793340250555 
1.2839999999999443, 41.7459152242589 
1.2849999999999508, 41.67416276702154 
1.2859999999999574, 41.600946886970156 
1.286999999999964, 41.529092427746264 
1.2879999999999705, 41.46154314275483 
1.288999999999977, 41.40093280294874 
1.2899999999999836, 41.34911419404006 
1.2909999999999902, 41.30627483293174 
1.2919999999999967, 41.27113783666259 
1.2930000000000033, 41.243292223165014 
1.2940000000000098, 41.22077235201474 
1.2950000000000164, 41.201864626268836 
1.296000000000023, 41.185527748284564 
1.2970000000000295, 41.17154072443994 
1.298000000000036, 41.16035591101627 
1.2990000000000426, 41.1527299403051 
1.3000000000000491, 41.14928504561916 
1.3010000000000557, 41.15018172220344 
1.3020000000000622, 41.15503661479217 
1.3030000000000688, 41.16311347606068 
1.3040000000000753, 41.173702284717905 
1.3050000000000819, 41.18653145376296 
1.3060000000000884, 41.2020478766502 
1.307000000000095, 41.22144205042092 
1.3080000000001015, 41.24637898262359 
1.309000000000108, 41.27850434645332 
1.3100000000001146, 41.318893605926675 
1.3110000000001212, 41.36764600505348 
1.3120000000001277, 41.42376349327872 
1.3130000000001343, 41.48532701746765 
1.3140000000001408, 41.54986642963253 
1.3150000000001474, 41.61477599473228 
1.316000000000154, 41.677656471490714 
1.3170000000001605, 41.73652686884961 
1.318000000000167, 41.78990481657847 
1.3190000000001736, 41.836786642083936 
1.3200000000001801, 41.87656765820701 
1.3210000000001867, 41.908938187917094 
1.3220000000001932, 41.93377997624527 
1.3230000000001998, 41.95107668839578 
1.3240000000002063, 41.96084399883265 
1.325000000000213, 41.96307997442392 
1.3260000000002194, 41.957734526936555 
1.327000000000226, 41.94469679296199 
1.3280000000002325, 41.92380059995163 
1.329000000000239, 41.89485005235303 
1.3300000000002457, 41.85766908684024 
1.3310000000002522, 41.81364094014105 
1.3320000000002588, 41.76187242061767 
1.3330000000002653, 41.70269509682157 
1.3340000000002719, 41.63716916672294 
1.3350000000002784, 41.56688678723342 
1.336000000000285, 41.494005314518205 
1.3370000000002915, 41.42117202925286 
1.338000000000298, 41.35130310760957 
1.3390000000003046, 41.2872136067135 
1.3400000000003112, 41.23115588547867 
1.3410000000003177, 41.1843931633109 
1.3420000000003243, 41.14552572448918 
1.3430000000003308, 41.11446521073626 
1.3440000000003374, 41.08964769114081 
1.345000000000344, 41.06918555625651 
1.3460000000003505, 41.05168636780805 
1.347000000000357, 41.03653664202282 
1.3480000000003636, 41.023894595036175 
1.3490000000003701, 41.01441808775161 
1.3500000000003767, 41.00884316755352 
1.3510000000003832, 41.00758538235786 
1.3520000000003898, 41.01052732805979 
1.3530000000003963, 41.0170760061954 
1.3540000000004029, 41.02645940690364 
1.3550000000004094, 41.03813790564198 
1.356000000000416, 41.05216633685674 
1.3570000000004225, 41.069359371179964 
1.358000000000429, 41.09117515098156 
1.3590000000004356, 41.11932838027128 
1.3600000000004422, 41.15525137729511 
1.3610000000004487, 41.19959431964305 
1.3620000000004553, 41.25194567707047 
1.3630000000004618, 41.31085556211787 
1.3640000000004684, 41.37411514812762 
1.365000000000475, 41.43916012263977 
1.3660000000004815, 41.50345902359681 
1.367000000000488, 41.564796114549026 
1.3680000000004946, 41.62142002498724 
1.3690000000005011, 41.672074339195184 
1.3700000000005077, 41.715947056051334 
1.3710000000005143, 41.75257769128403 
1.3720000000005208, 41.78175249708635 
1.3730000000005274, 41.80340709222573 
1.374000000000534, 41.81754606645043 
1.3750000000005405, 41.824182549372665 
1.376000000000547, 41.82329733305986 
1.3770000000005536, 41.8148161883037 
1.37800000000056, 41.798604679558615 
1.3790000000005667, 41.77448135960909 
1.3800000000005732, 41.742252116929066 
1.3810000000005798, 41.70220153467368 
1.3820000000005863, 41.65524935028197 
1.3830000000005929, 41.60049203673381 
1.3840000000005994, 41.538705064035206 
1.385000000000606, 41.47113721955972 
1.3860000000006125, 41.399586345993704 
1.387000000000619, 41.32639638689074 
1.3880000000006256, 41.2543315270701 
1.3890000000006322, 41.18630032680377 
1.3900000000006387, 41.12494644106839 
1.3910000000006453, 41.07218833040805 
1.3920000000006518, 41.02857097021894 
1.3930000000006584, 40.992482026100205 
1.394000000000665, 40.96385904480653 
1.3950000000006715, 40.94076879136412 
1.396000000000678, 40.921459653730224 
1.3970000000006846, 40.90479882824562 
1.3980000000006911, 40.89045567036601 
1.3990000000006977, 40.87879715695685 
1.4000000000007042, 40.870552630072126 
1.4010000000007108, 40.866385237098854 
1.4020000000007173, 40.86654430880101 
1.403000000000724, 40.87073963266111 
1.4040000000007304, 40.87828372933166 
1.405000000000737, 40.88843766024421 
1.4060000000007435, 40.90081940065375 
1.40700000000075, 40.91571355836762 
1.4080000000007566, 40.934152939823406 
1.4090000000007632, 40.95771510380694 
1.4100000000007697, 40.98807780924038 
1.4110000000007763, 41.02647740444362 
1.4120000000007829, 41.073264670859395 
1.4130000000007894, 41.12771442764777 
1.414000000000796, 41.188132163286575 
1.4150000000008025, 41.252180245796744 
1.416000000000809, 41.31728445768108 
1.4170000000008156, 41.38099428692244 
1.4180000000008222, 41.44122579465044 
1.4190000000008287, 41.49637342531375 
1.4200000000008353, 41.54531451038471 
1.4210000000008418, 41.587344643142664 
1.4220000000008484, 41.6220803957927 
1.423000000000855, 41.649356404833945 
1.4240000000008615, 41.669133001566244 
1.425000000000868, 41.681421781483955 
1.4260000000008746, 41.686230918964434 
1.4270000000008811, 41.68352939570024 
1.4280000000008877, 41.67322885158042 
1.4290000000008942, 41.65518269423577 
1.4300000000009008, 41.62920377180695 
1.4310000000009073, 41.59510374645592 
1.4320000000009139, 41.55360981411027 
1.4330000000009204, 41.504884466836316 
1.434000000000927, 41.448516066426336 
1.4350000000009335, 41.38536844359228 
1.43600000000094, 41.31679452151521 
1.4370000000009466, 41.24469816217799 
1.4380000000009532, 41.17150906549441 
1.4390000000009597, 41.10002903554446 
1.4400000000009663, 41.033129688293506 
1.4410000000009728, 40.97332974995721 
1.4420000000009794, 40.92234641072112 
1.443000000000986, 40.88018062581452 
1.4440000000009925, 40.84560335500238 
1.445000000000999, 40.81812819576483 
1.4460000000010056, 40.79582661515577 
1.4470000000010121, 40.77704176950133 
1.4480000000010187, 40.76078179980916 
1.4490000000010252, 40.746851285562876 
1.4500000000010318, 40.7357028024515 
1.4510000000010383, 40.72807951369053 
1.452000000001045, 40.72459343221785 
1.4530000000010515, 40.725409866637 
1.454000000001058, 40.73016460053332 
1.4550000000010646, 40.73814164438918 
1.456000000001071, 40.74863376471248 
1.4570000000010777, 40.76134101750786 
1.4580000000010842, 40.776650885085374 
1.4590000000010908, 40.79568100692616 
1.4600000000010973, 40.82004122541943 
1.4610000000011039, 40.8513722174468 
1.4620000000011104, 40.890812388336094 
1.463000000001117, 40.938584178395836 
1.4640000000011235, 40.99384221911821 
1.46500000000113, 41.05481015628169 
1.4660000000011366, 41.11911911630205 
1.4670000000011432, 41.18420925579715 
1.4680000000011497, 41.24767508315479 
1.4690000000011563, 41.30749137248645 
1.4700000000011628, 41.36211127233235 
1.4710000000011694, 41.41046230123638 
1.472000000001176, 41.451878064098295 
1.4730000000011825, 41.486000778099125 
1.474000000001189, 41.512680116633874 
1.4750000000011956, 41.53188335885479 
1.4760000000012021, 41.54362350177037 
1.4770000000012087, 41.54790679317133 
1.4780000000012152, 41.54469876674269 
1.4790000000012218, 41.533907541670125 
1.4800000000012283, 41.51538412859525 
1.4810000000012349, 41.488941144230374 
1.4820000000012414, 41.454393117438215 
1.483000000001248, 41.41259714492809 
1.4840000000012545, 41.36349189546214 
1.485000000001261, 41.306801006738226 
1.4860000000012676, 41.24340204055265 
1.4870000000012742, 41.174660484609994 
1.4880000000012807, 41.102488109595804 
1.4890000000012873, 41.029314093432475 
1.4900000000012938, 40.95792843780858 
1.4910000000013004, 40.891179324971226 
1.492000000001307, 40.831553826229786 
1.4930000000013135, 40.780736347578554 
1.49400000000132, 40.738714129934 
1.4950000000013266, 40.70422446712113 
1.4960000000013332, 40.676796975530586 
1.4970000000013397, 40.654515648847415 
1.4980000000013463, 40.63573633287153 
1.4990000000013528, 40.61947397466384 
1.5000000000013594, 40.60553221101469 
1.501000000001366, 40.594357636244816 
1.5020000000013725, 40.58668799912121 
1.503000000001379, 40.58313574620053 
1.5040000000013856, 40.583874151957886 
1.5050000000013921, 40.58855112898612 
1.5060000000013987, 40.59645985673603 
1.5070000000014052, 40.60689180099094 
1.5080000000014118, 40.619531148189445 
1.5090000000014183, 40.63473697755275 
1.5100000000014249, 40.65359477078394 
1.5110000000014314, 40.6776917419621 
1.512000000001438, 40.70866819765298 
1.5130000000014445, 40.747690504099644 
1.514000000001451, 40.79503312109928 
1.5150000000014576, 40.849913612145095 
1.5160000000014642, 40.91061340053291 
1.5170000000014707, 40.97480382901961 
1.5180000000014773, 41.039942506076045 
1.5190000000014838, 41.103620301547515 
1.5200000000014904, 41.16379318315094 
1.521000000001497, 41.21888754037162 
1.5220000000015035, 41.267802562321464 
1.52300000000151, 41.30984648286726 
1.5240000000015166, 41.34464164415244 
1.5250000000015231, 41.37202425249266 
1.5260000000015297, 41.39195434242175 
1.5270000000015362, 41.404443076254914 
1.5280000000015428, 41.40949915082282 
1.5290000000015493, 41.40709353172487 
1.530000000001556, 41.39714126343005 
1.5310000000015624, 41.37949996307049 
1.532000000001569, 41.353986184550855 
1.5330000000015755, 41.320412596105825 
1.534000000001582, 41.27943698499235 
1.5350000000015886, 41.23132806398279 
1.5360000000015952, 41.17557868927154 
1.5370000000016018, 41.11300477930315 
1.5380000000016083, 41.04489353171224 
1.5390000000016149, 40.97306914921343 
1.5400000000016214, 40.89987861069771 
1.541000000001628, 40.828056609189154 
1.5420000000016345, 40.7604471570543 
1.543000000001641, 40.69960254210976 
1.5440000000016476, 40.64734265332986 
1.5450000000016542, 40.604138030165274 
1.5460000000016607, 40.56832591995248 
1.5470000000016673, 40.53985726186367 
1.5480000000016738, 40.51683399627993 
1.5490000000016804, 40.49754359303453 
1.550000000001687, 40.48087670959977 
1.5510000000016935, 40.4665028130118 
1.5520000000017, 40.454771876455176 
1.5530000000017066, 40.4463952251408 
1.5540000000017131, 40.44203377615997 
1.5550000000017197, 40.44195770035198 
1.5560000000017262, 40.445912890344374 
1.5570000000017328, 40.45324294015585 
1.5580000000017393, 40.463211618899116 
1.5590000000017459, 40.47539645983506 
1.5600000000017524, 40.49000122648306 
1.561000000001759, 40.50796081416879 
1.5620000000017655, 40.53077649631062 
1.563000000001772, 40.56011138939444 
1.5640000000017786, 40.59727167961888 
1.5650000000017852, 40.64275500824346 
1.5660000000017917, 40.696023934488174 
1.5670000000017983, 40.75556406154438 
1.5680000000018048, 40.81916984676931 
1.5690000000018114, 40.8843315306414 
1.570000000001818, 40.948597406612365 
1.5710000000018245, 41.009833043684104 
1.572000000001831, 41.0663547452961 
1.5730000000018376, 41.11695403863046 
1.5740000000018441, 41.16084774863824 
1.5750000000018507, 41.19758933841251 
1.5760000000018572, 41.22696946760321 
1.5770000000018638, 41.24892351397267 
1.5780000000018704, 41.26345493092154 
1.579000000001877, 41.27057728250205 
1.5800000000018835, 41.270274631179916 
1.58100000000189, 41.262479017936066 
1.5820000000018966, 41.247064322538606 
1.583000000001903, 41.22385719255185 
1.5840000000019097, 41.19266745367111 
1.5850000000019162, 41.15363424241829 
1.5860000000019228, 41.107920159296484 
1.5870000000019293, 41.054424120792774 
1.5880000000019359, 40.99383414372442 
1.5890000000019424, 40.92727545281871 
1.590000000001949, 40.856391152250175 
1.5910000000019555, 40.78335725322792 
1.592000000001962, 40.71079054450375 
1.5930000000019686, 40.64151913222346 
1.5940000000019752, 40.578219839478415 
1.5950000000019817, 40.522983288161996 
1.5960000000019883, 40.47692783273946 
1.5970000000019948, 40.43858935971396 
1.5980000000020014, 40.40782516115181 
1.599000000002008, 40.383142545109365 
1.6000000000020145, 40.362720152708 
1.601000000002021, 40.345213839389714 
1.6020000000020276, 40.33002078941031 
1.6030000000020341, 40.31727585918586 
1.6040000000020407, 40.30760283356366 
1.6050000000020472, 40.301722859892855 
1.6060000000020538, 40.30007466900894 
1.6070000000020603, 40.302597225436614 
1.6080000000020669, 40.30875816649863 
1.6090000000020734, 40.31781035792325 
1.61000000000208, 40.32917148387772 
1.6110000000020865, 40.342779802152975 
1.612000000002093, 40.35928759128974 
1.6130000000020996, 40.38000338041981 
1.6140000000021062, 40.40657518897785 
1.6150000000021127, 40.440503196669724 
1.6160000000021193, 40.482645812138635 
1.6170000000021258, 40.532893458210836 
1.6180000000021324, 40.59011320572734 
1.619000000002139, 40.65235207916055 
1.6200000000021455, 40.717194441466205 
1.621000000002152, 40.782142219681184 
1.6220000000021586, 40.84491886748785 
1.6230000000021652, 40.903653040117895 
1.6240000000021717, 40.95694478387992 
1.6250000000021783, 41.003843143772414 
1.6260000000021848, 41.04377119946786 
1.6270000000021914, 41.07642980661112 
1.628000000002198, 41.101701784293226 
1.6290000000022045, 41.11956875357833 
1.630000000002211, 41.13004565123105 
1.6310000000022176, 41.133133664403694 
1.6320000000022241, 41.12879053800905 
1.6330000000022307, 41.11691717572912 
1.6340000000022372, 41.09736051481839 
1.6350000000022438, 41.069934258397865 
1.6360000000022503, 41.03446067758966 
1.6370000000022569, 40.992083634041926 
1.6380000000022634, 40.942248692435605 
1.63900000000227, 40.88496780773993 
1.6400000000022765, 40.8211367537135 
1.641000000002283, 40.752130876563356 
1.6420000000022896, 40.67985645931917 
1.6430000000022962, 40.60671637512931 
1.6440000000023027, 40.53545258753181 
1.6450000000023093, 40.468849944105045 
1.6460000000023158, 40.40933125652425 
1.6470000000023224, 40.3585344027358 
1.648000000002329, 40.31652595932105 
1.6490000000023355, 40.28188862727137 
1.650000000002342, 40.25428956718498 
1.6510000000023486, 40.231849726568846 
1.6520000000023551, 40.212937679853695 
1.6530000000023617, 40.19654998278454 
1.6540000000023682, 40.18244912086442 
1.6550000000023748, 40.17103836981217 
1.6560000000023813, 40.163033891256255 
1.657000000002388, 40.15906343181237 
1.6580000000023944, 40.15934945191968 
1.659000000002401, 40.16360078356286 
1.6600000000024075, 40.17115068311949 
1.661000000002414, 40.18128100641505 
1.6620000000024207, 40.19360478770797 
1.6630000000024272, 40.2083613265713 
1.6640000000024338, 40.226505136795886 
1.6650000000024403, 40.249533271182266 
1.6660000000024469, 40.2790841218141 
1.6670000000024534, 40.31643144404127 
1.66800000000246, 40.36204852607483 
1.6690000000024665, 40.41539263661879 
1.670000000002473, 40.47496484954083 
1.6710000000024796, 40.5385892691401 
1.6720000000024862, 40.60378980451926 
1.6730000000024927, 40.66814356309304 
1.6740000000024993, 40.72953509819328 
1.6750000000025058, 40.78628898363091 
1.6760000000025124, 40.83719627091184 
1.677000000002519, 40.88146781029216 
1.6780000000025255, 40.918648875315924 
1.679000000002532, 40.948522345629 
1.6800000000025386, 40.97101796676787 
1.6810000000025451, 40.98613661735909 
1.6820000000025517, 40.993892587134454 
1.6830000000025582, 40.994273683402376 
1.6840000000025648, 40.98721796185338 
1.6850000000025713, 40.97260631324447 
1.6860000000025779, 40.950271425533955 
1.6870000000025844, 40.92002527988659 
1.688000000002591, 40.881844788368035 
1.6890000000025975, 40.837175597777474 
1.690000000002604, 40.78471546780568 
1.6910000000026106, 40.72509202578383 
1.6920000000026172, 40.659347152072115 
1.6930000000026237, 40.58902145150415 
1.6940000000026303, 40.51618110785718 
1.6950000000026368, 40.443347124261535 
1.6960000000026434, 40.37329492886359 
1.69700000000265, 40.30872127049522 
1.6980000000026565, 40.25182644507784 
1.699000000002663, 40.2039190436306 
1.7000000000026696, 40.1641918175477 
1.7010000000026761, 40.13189589812526 
1.7020000000026827, 40.10605114556994 
1.7030000000026893, 40.084813970424044 
1.7040000000026958, 40.06671973442323 
1.7050000000027024, 40.05099350608489 
1.706000000002709, 40.03760825654607 
1.7070000000027155, 40.02709355316542 
1.708000000002722, 40.02017585164367 
1.7090000000027286, 40.01739055160408 
1.710000000002735, 40.01881760842632 
1.7110000000027417, 40.02404251010809 
1.7120000000027482, 40.032352226890914 
1.7130000000027548, 40.0430847057294 
1.7140000000027613, 40.05599707776987 
1.7150000000027679, 40.071512781279 
1.7160000000027744, 40.090744529315614 
1.717000000002781, 40.11525941144395 
1.7180000000027875, 40.14664242673121 
1.719000000002794, 40.185997802686984 
1.7200000000028006, 40.233561196340126 
1.7210000000028072, 40.2885520855539 
1.7220000000028137, 40.34929290120371 
1.7230000000028203, 40.41351896183665 
1.7240000000028268, 40.47875435201446 
1.7250000000028334, 40.54264292675539 
1.72600000000284, 40.603172513124996 
1.7270000000028465, 40.65878034614388 
1.728000000002853, 40.708360447047504 
1.7290000000028596, 40.75120667300132 
1.7300000000028661, 40.78692416420368 
1.7310000000028727, 40.81533393891435 
1.7320000000028792, 40.836385889911966 
1.7330000000028858, 40.85008751827153 
1.7340000000028923, 40.856450517158784 
1.735000000002899, 40.855454682035855 
1.7360000000029054, 40.847027957372454 
1.737000000002912, 40.83104205772757 
1.7380000000029185, 40.80732446043354 
1.739000000002925, 40.77568917832734 
1.7400000000029316, 40.736444814595565 
1.7410000000029382, 40.69044802258924 
1.7420000000029447, 40.636767215097755 
1.7430000000029513, 40.57608581261831 
1.7440000000029579, 40.5095130427065 
1.7450000000029644, 40.438660707471854 
1.746000000002971, 40.36565721292408 
1.7470000000029775, 40.29305982164346 
1.748000000002984, 40.223636615115026 
1.7490000000029906, 40.16002137149051 
1.7500000000029972, 40.104296965717886 
1.7510000000030037, 40.05761950482337 
1.7520000000030103, 40.018828478713615 
1.7530000000030168, 39.98744603675882 
1.7540000000030234, 39.962261271715576 
1.75500000000303, 39.94146506500625 
1.7560000000030365, 39.9236719658141 
1.757000000003043, 39.90819965276981 
1.7580000000030496, 39.89509640739451 
1.7590000000030561, 39.884928552359916 
1.7600000000030627, 39.878415169345864 
1.7610000000030692, 39.876051372197466 
1.7620000000030758, 39.8778665783425 
1.7630000000030823, 39.88340972028678 
1.7640000000030889, 39.89196135697999 
1.7650000000030954, 39.90288605092999 
1.766000000003102, 39.91599053514956 
1.7670000000031085, 39.93175233517835 
1.768000000003115, 39.951322384496486 
1.7690000000031216, 39.976275069348155 
1.7700000000031282, 40.00816772962208 
1.7710000000031347, 40.04805070082863 
1.7720000000031413, 40.096097138174535 
1.7730000000031478, 40.151474073720266 
1.7740000000031544, 40.21247382478851 
1.775000000003161, 40.276826726547604 
1.7760000000031675, 40.342072081921664 
1.777000000003174, 40.40588066382756 
1.7780000000031806, 40.4662706360978 
1.7790000000031871, 40.52170703940532 
1.7800000000031937, 40.571106031180996 
1.7810000000032002, 40.61377710896126 
1.7820000000032068, 40.649335200101596 
1.7830000000032133, 40.67760658701585 
1.78400000000322, 40.6985433721901 
1.7850000000032265, 40.71215351433291 
1.786000000003233, 40.71844842645462 
1.7870000000032396, 40.71740759528367 
1.788000000003246, 40.70895905592951 
1.7890000000032527, 40.692975181177324 
1.7900000000032592, 40.669284577121765 
1.7910000000032658, 40.63770245104106 
1.7920000000032723, 40.598555275785934 
1.7930000000032789, 40.55266391175525 
1.7940000000032854, 40.499108477837225 
1.795000000003292, 40.43856142898977 
1.7960000000032985, 40.37211487286856 
1.797000000003305, 40.301357147831766 
1.7980000000033116, 40.228388571106095 
1.7990000000033182, 40.15573806955786 
1.8000000000033247, 40.086152223438845 
1.8010000000033313, 40.022258568612436 
1.8020000000033378, 39.96615566010091 
1.8030000000033444, 39.91903803147136 
1.804000000003351, 39.879911229650304 
1.8050000000033575, 39.848137747243264 
1.806000000003364, 39.822646852595796 
1.8070000000033706, 39.80162990374255 
1.8080000000033771, 39.7836742441802 
1.8090000000033837, 39.768052910230594 
1.8100000000033902, 39.7547684164156 
1.8110000000033968, 39.744357351229525 
1.8120000000034033, 39.73753660381642 
1.8130000000034099, 39.734827135996035 
1.8140000000034164, 39.73630052690929 
1.815000000003423, 39.74154446497854 
1.8160000000034295, 39.74985501537978 
1.817000000003436, 39.76057690537515 
1.8180000000034426, 39.7734623585227 
1.8190000000034492, 39.788914166994395 
1.8200000000034557, 39.808013323040484 
1.8210000000034623, 39.83229713500097 
1.8220000000034688, 39.86333931395291 
1.8230000000034754, 39.90226359290998 
1.824000000003482, 39.9493572443312 
1.8250000000034885, 40.003912499631376 
1.826000000003495, 40.064327513278265 
1.8270000000035016, 40.1283989209097 
1.8280000000035082, 40.19368716791412 
1.8290000000035147, 40.25784547571964 
1.8300000000035213, 40.31884863920346 
1.8310000000035278, 40.3751063969706 
1.8320000000035344, 40.4254791048933 
1.833000000003541, 40.46922756303463 
1.8340000000035475, 40.50592898574842 
1.835000000003554, 40.53538394708623 
1.8360000000035606, 40.55753004430361 
1.8370000000035671, 40.57237018196297 
1.8380000000035737, 40.57991803781921 
1.8390000000035802, 40.580160438469846 
1.8400000000035868, 40.57303550152764 
1.8410000000035933, 40.55842584746725 
1.8420000000035999, 40.53616740045416 
1.8430000000036064, 40.50607582736602 
1.844000000003613, 40.46816474482988 
1.8450000000036195, 40.42380822736681 
1.846000000003626, 40.37172430765353 
1.8470000000036326, 40.31251028947 
1.8480000000036392, 40.24715964989066 
1.8490000000036457, 40.17714524309689 
1.8500000000036523, 40.104450171349356 
1.8510000000036588, 40.03150875593523 
1.8520000000036654, 39.96102623834274 
1.853000000003672, 39.89567090227986 
1.8540000000036785, 39.83767817554001 
1.855000000003685, 39.788461754805816 
1.8560000000036916, 39.747722268075016 
1.8570000000036981, 39.714205478137224 
1.8580000000037047, 39.68738684755773 
1.8590000000037112, 39.66544030617145 
1.8600000000037178, 39.64683241534808 
1.8610000000037243, 39.630659671263224 
1.862000000003731, 39.616753625178575 
1.8630000000037374, 39.60554222564079 
1.864000000003744, 39.597729207259846 
1.8650000000037505, 39.593914267865195 
1.866000000003757, 39.59429943814871 
1.8670000000037636, 39.5985934232871 
1.8680000000037702, 39.60614601016788 
1.8690000000037768, 39.61625559265072 
1.8700000000037833, 39.6285319639995 
1.8710000000037899, 39.64317985972567 
1.8720000000037964, 39.66109279349974 
1.873000000003803, 39.68370308001349 
1.8740000000038095, 39.712613649267574 
1.875000000003816, 39.74912063196936 
1.8760000000038226, 39.79378658611771 
1.8770000000038292, 39.846208508188404 
1.8780000000038357, 39.90504308348916 
1.8790000000038423, 39.968248840747435 
1.8800000000038488, 40.03343733218851 
1.8810000000038554, 40.09821813850673 
1.882000000003862, 40.160459592310495 
1.8830000000038685, 40.21843634341674 
1.884000000003875, 40.27087289695189 
1.8850000000038816, 40.31691167530854 
1.8860000000038881, 40.35603800581818 
1.8870000000038947, 40.38798911138253 
1.8880000000039012, 40.41266547747995 
1.8890000000039078, 40.430054684112804 
1.8900000000039143, 40.44017170120975 
1.8910000000039209, 40.44301608544939 
1.8920000000039274, 40.43854507619752 
1.893000000003934, 40.42666164237137 
1.8940000000039405, 40.407217508686 
1.895000000003947, 40.38003262479425 
1.8960000000039536, 40.34493398804762 
1.8970000000039602, 40.303110696318484 
1.8980000000039667, 40.25389960583656 
1.8990000000039733, 40.19731674126668 
1.9000000000039798, 40.13418697311449 
1.9010000000039864, 40.06578216938854 
1.902000000003993, 39.993875792151464 
1.9030000000039995, 39.920723509742444 
1.904000000004006, 39.84893488477062 
1.9050000000040126, 39.78121779819837 
1.9060000000040191, 39.72001445004475 
1.9070000000040257, 39.667100634326616 
1.9080000000040322, 39.623267318424105 
1.9090000000040388, 39.58655745119316 
1.9100000000040454, 39.55715023359932 
1.911000000004052, 39.53335700388748 
1.9120000000040585, 39.51347924387236 
1.913000000004065, 39.496324930392284 
1.9140000000040716, 39.481415643963146 
1.915000000004078, 39.46895006825062 
1.9160000000040847, 39.459553736293785 
1.9170000000040912, 39.45391236841736 
1.9180000000040978, 39.45242774795487 
1.9190000000041043, 39.4550271322023 
1.9200000000041109, 39.46119602920653 
1.9210000000041174, 39.47021611983156 
1.922000000004124, 39.48151482849134 
1.9230000000041305, 39.494996773990316 
1.924000000004137, 39.51123367374837 
1.9250000000041436, 39.53143066848551 
1.9260000000041502, 39.55715567313495 
1.9270000000041567, 39.58990160207798 
1.9280000000041633, 39.63062101289144 
1.9290000000041698, 39.679391002705906 
1.9300000000041764, 39.73531415897709 
1.931000000004183, 39.79666359540704 
1.9320000000041895, 39.86119171430696 
1.933000000004196, 39.92648616614671 
1.9340000000042026, 39.99027501987866 
1.9350000000042091, 40.05062915307146 
1.9360000000042157, 40.10605429569985 
1.9370000000042222, 40.155493338624915 
1.9380000000042288, 40.19827027488901 
1.9390000000042353, 40.23400571124638 
1.9400000000042419, 40.26252648237822 
1.9410000000042484, 40.28378326463709 
1.942000000004255, 40.29778290936886 
1.9430000000042615, 40.30453746326309 
1.944000000004268, 40.30402941695866 
1.9450000000042746, 40.29619207801979 
1.9460000000042812, 40.28090449952382 
1.9470000000042877, 40.258001608506994 
1.9480000000042943, 40.22730164444017 
1.9490000000043008, 40.18899878387911 
1.9500000000043074, 40.14414108302525 
1.951000000004314, 40.0916377985254 
1.9520000000043205, 40.03209734546921 
1.953000000004327, 39.96652115420604 
1.9540000000043336, 39.89638287527291 
1.9550000000043402, 39.82365542498399 
1.9560000000043467, 39.750749801866704 
1.9570000000043533, 39.68033608389735 
1.9580000000043598, 39.61504153387164 
1.9590000000043664, 39.5570648694676 
1.960000000004373, 39.5077986079154 
1.9610000000043795, 39.467026370305575 
1.962000000004386, 39.433360945138375 
1.9630000000043926, 39.40639133272497 
1.9640000000043991, 39.384314166799165 
1.9650000000044057, 39.36560000067574 
1.9660000000044122, 39.34932815608884 
1.9670000000044188, 39.335298980788515 
1.9680000000044253, 39.32390950629113 
1.9690000000044319, 39.315848509885896 
1.9700000000044384, 39.311726248851784 
1.971000000004445, 39.3117785963108 
1.9720000000044515, 39.31575686957823 
1.973000000004458, 39.323040876333415 
1.9740000000044646, 39.33292702601431 
1.9750000000044712, 39.34498201407864 
1.9760000000044777, 39.35933270687019 
1.9770000000044843, 39.37678221258651 
1.9780000000044908, 39.39869277296236 
1.9790000000044974, 39.426650104077005 
1.980000000004504, 39.46200448684221 
1.9810000000045105, 39.505438752906635 
1.982000000004517, 39.5567081014199 
1.9830000000045236, 39.61462603335027 
1.9840000000045301, 39.67727192274867 
1.9850000000045367, 39.742323278394636 
1.9860000000045432, 39.80739946990269 
1.9870000000045498, 39.87033395406677 
1.9880000000045563, 39.92933901230102 
1.989000000004563, 39.98306619824414 
1.9900000000045694, 40.030587602563834 
1.991000000004576, 40.07132921701555 
1.9920000000045825, 40.10498390377037 
1.993000000004589, 40.13142348612514 
1.9940000000045957, 40.15062127927836 
1.9950000000046022, 40.1625900288008 
1.9960000000046088, 40.16733628250452 
1.9970000000046153, 40.16483041361506 
1.9980000000046219, 40.154991266814235 
1.9990000000046284, 40.137685151642195 
