sim_t,1 - Q_c/Q_h,sum_acoustic_energy/Q_h,sum_acoustic_energy/sim_t
0.009999899999994875,0.34259751351113865,0.7277429626637992,0.4513352453286729
0.019999899999935487,0.11294509879156744,0.25720218642900905,0.23434598811287302
0.0299998999998761,0.10914588003799697,0.4580290929172037,0.3159050902839655
0.039999900000120284,0.06332867987498503,0.33037504735921774,0.2650990744739918
0.04999990000040784,0.06459107962147492,0.44415869025469823,0.30704874205773497
0.0599999000006954,0.04365587586510211,0.3584721979329002,0.2746541535464014
0.06999990000098295,0.04555845895537869,0.43822392044283404,0.30324629044951706
0.07999990000127051,0.033104097547155376,0.3735335518851916,0.27942566623435156
0.08999990000155807,0.035001059684117264,0.4349317941816658,0.3011337425753652
0.09999990000184562,0.026524049616971968,0.38292564975054005,0.282288502966089
0.10999990000213318,0.028288760464435736,0.43283868873700454,0.2997893937283809
0.11999990000242074,0.022028461601132476,0.38934247145407275,0.28419705916865295
0.12999990000270828,0.023644535562643676,0.43139047371966976,0.2988586909877821
0.13999990000299584,0.018762279476549182,0.39400448856987613,0.2855603131995233
0.1499999000032834,0.020240200304226352,0.43032889518941064,0.29817617581010597
0.15999990000357095,0.016281857610847772,0.3975449430670635,0.286582753509567
0.1699999000038585,0.0176377009005515,0.42951735423273063,0.29765425253333133
0.17999990000414606,0.014334090505382147,0.4003251075637763,0.2873779847355143
0.18999990000443362,0.01558359531786313,0.42887681967299673,0.2972422078990037
0.19999990000472118,0.012764038046170989,0.40256613735246366,0.2880141696368972
0.20999990000500873,0.013921070453027928,0.42835839226548733,0.2969086479943211
0.2199999000052963,0.011471541062626822,0.4044109956084362,0.288534684503511
0.22999990000558385,0.012547897939325758,0.4279301939982868,0.2966330985330388
0.2399999000058714,0.010388976941720696,0.4059562041323007,0.2889684468562263
0.24999990000615896,0.011394585134921753,0.4275705548855221,0.29640163700314426
0.2599999000064465,0.009469040180182353,0.40726928489850606,0.2893354765135752
0.2699999000067341,0.010412243008845135,0.42726422979383544,0.2962044660830225
0.27999990000702163,0.008677645166058512,0.4083988903399348,0.28965007334409404
0.2899999000073092,0.009565477207696294,0.42700018165337367,0.2960344911612646
0.29999990000759674,0.007989609742311332,0.4093809644555034,0.2899227239165518
0.3099999000078843,0.008828032503809036,0.42677022326055747,0.2958864484945675
0.31999990000817186,0.0073859263342415105,0.4102426378934857,0.2901612931567947
0.3299999000084594,0.008180021910866087,0.42656815322915825,0.29575635039897263
0.33999990000874697,0.006851978772712819,0.411004773186389,0.29037179541930813
0.3499999000090345,0.007606106286901393,0.42638918833344003,0.2956411206613767
0.3599999000093221,0.006376343336607415,0.41168367609500045,0.29055890853508287
0.36999990000960964,0.007094264612733769,0.4262295800424247,0.2955383481961084
0.3799999000098972,0.005949962269090059,0.4122922752979864,0.2907263255282408
0.38999990001018475,0.0066349428125587195,0.4260863490956004,0.2954461164991966
0.3999999000104723,0.005565561411842723,0.4128409536355983,0.29087700081787654
0.40999990001075987,0.006220451807234073,0.42595709779706575,0.295362883018828
0.4199999000110474,0.005217231785416887,0.41333814534780255,0.2910133260765238
0.429999900011335,0.0058445336199558495,0.42583987471329054,0.2952873921896056
0.43999990001162254,0.0049001236789036895,0.4137907727169716,0.29113725812700864
0.4499999000119101,0.005502043230716791,0.42573307546559797,0.2952186116577886
0.45999990001219765,0.004610219470158605,0.4142045703355595,0.2912504134751145
0.4699999000124852,0.005188711690155334,0.4256353688616346,0.29515568478948356
0.47999990001277276,0.00434416250874059,0.4145843293516354,0.29135413920890146
0.4899999000130603,0.004900967266263989,0.42554564112334436,0.2950978948094331
0.4999999000133479,0.004099126558168353,0.4149340838214684,0.2914495668823134
0.5099999000080844,0.004635798690011073,0.42546295324064626,0.29504463738065684
0.5199999000028208,0.003872715010532657,0.41525725456037055,0.29153765396998976
0.5299998999975573,0.004390649370709876,0.4253865079829522,0.2949953993842962
0.5399998999922937,0.003662882232552067,0.41555676142991704,0.2916192160869774
0.5499998999870301,0.00416333470113639,0.42531562412920515,0.294949742333736
0.5599998999817666,0.0034678715912273006,0.41583511177751753,0.29169495233742904
0.569999899976503,0.003951976779977606,0.4252497160908515,0.2949072892872887
0.5799998999712395,0.0032861661570473544,0.41609447080739054,0.29176546539730897
0.5899998999659759,0.0037549524113226207,0.4251882777043436,0.29486771441396487
0.5999998999607123,0.003116449166561619,0.41633671801478506,0.2918312775856983
0.6099998999554488,0.00357085133766033,0.4251308692070966,0.294830734614697
0.6199998999501852,0.002957572060496738,0.41656349280700855,0.2918928438257549
0.6299998999449217,0.0033984424310753436,0.42507710669474424,0.29479610273955087
0.6399998999396581,0.0028085284570169566,0.41677623165313676,0.29195056217519183
0.6499998999343946,0.0032366461272586022,0.42502665352524177,0.29476360205703145
0.659999899929131,0.002668432811959942,0.41697619854301105,0.29200478244231465
0.6699998999238674,0.003084511798437717,0.42497921326303856,0.29473304171404185
0.6799998999186039,0.002536502811633534,0.41716451012006744,0.292055813281474
0.6899998999133403,0.0029411990622847384,0.42493452385053265,0.2947042529854087
0.6999998999080768,0.002412044755841114,0.417342156544061,0.2921039280722751
0.7099998999028132,0.0028059622504890136,0.424892352764853,0.2946770861571968
0.7199998998975496,0.0022944413565026966,0.41751001890654427,0.29214936981875794
0.7299998998922861,0.0026781374305739902,0.4248524929711741,0.2946514079224911
0.7399998998870225,0.0021831414998469967,0.41766888384613204,0.29219235525427567
0.749999899881759,0.00255713150738468,0.4248147595235448,0.2946270991938163
0.7599998998764954,0.0020776516086488117,0.4178194558747149,0.2922330782981471
0.7699998998712319,0.0024424130184997894,0.4247789866953687,0.294604053256387
0.7799998998659683,0.0019775283255535347,0.41796236782259805,0.29227171298050375
0.7899998998607047,0.0023335043325496407,0.42474502554624965,0.29458217420199495
0.7999998998554412,0.0018823722842270518,0.41809818972916696,0.29230841592848383
0.8099998998501776,0.0022299750019889597,0.4247127418490754,0.2945613755948506
0.8199998998449141,0.0017918227854941682,0.4182274364421163,0.2923433284885514
0.8299998998396505,0.0021314360766903073,0.4246820143170318,0.29454157933035674
0.8399998998343869,0.0017055532278965613,0.4183505741391937,0.2923765785455686
0.8499998998291234,0.0020375352208694686,0.4246527330808154,0.2945227146548864
0.8599998998238598,0.00162326717165584,0.41846802594658644,0.292408282088107
0.8699998998185963,0.0019479525043509804,0.42462479837599365,0.2945047173209071
0.8799998998133327,0.0015446949354592787,0.4185801767965539,0.2924385445603635
0.8899998998080692,0.0018623967599006308,0.42459811940754005,0.2944875288559328
0.8999998998028056,0.0014695906439875506,0.4186873776417595,0.2924674620336704
0.909999899797542,0.0017806024225259787,0.4245726133638958,0.2944710959279589
0.9199998997922785,0.0013977296575241605,0.4187899491238768,0.2924951222253911
0.9299998997870149,0.0017023267756784977,0.4245482045584168,0.29445536979263487
0.9399998997817514,0.001328906328029511,0.418888184776666,0.29252160538753097
0.9499998997764878,0.0016273475456920483,0.4245248236792734,0.29444030581044334
0.9599998997712242,0.0012629320335891814,0.41898235383145427,0.29254698508446736
0.9699998997659607,0.0015554607941756782,0.4245024071320724,0.294425863023469
0.9799998997606971,0.0011996334522214047,0.4190727036811322,0.29257132887528664
0.9899998997554336,0.001486479065356927,0.4244808964621918,0.29441200378347215
0.99999989975017,0.0011388510411247665,0.4191594620505073,0.2925946989143789
1.0099998997560085,0.0014202297528064234,0.4244602378475099,0.294398693421362
1.0199998997618471,0.0010804376921773606,0.4192428389224715,0.2926171524751824
1.0299998997676858,0.0013565536600002037,0.4244403816511803,0.29438589996344017
1.0399998997735245,0.0010242575497969586,0.41932302820492356,0.2926387424374052
1.0499998997793631,0.0012953037227766417,0.4244212820059612,0.29437359387537476
1.0599998997852018,0.0009701849492248504,0.41940020926677757,0.2926595176840154
1.0699998997910405,0.0012363438728907328,0.4244028964816232,0.29436174782804725
1.0799998997968792,0.000918103480375132,0.4194745482669257,0.29267952347696724
1.0899998998027178,0.0011795480305329953,0.424385185762505,0.29435033649809006
1.0999998998085565,0.0008679051514529634,0.4195461993485432,0.2926988017864926
1.1099998998143952,0.001124799204137994,0.42436811336700775,0.2943393363872952
1.1199998998202338,0.0008194896415667507,0.41961530570577593,0.2927173915848999
1.1299998998260725,0.0010719886859152927,0.42435164539659775,0.29432872566097407
1.1399998998319112,0.0007727636311939401,0.4196820005390718,0.29273532910964195
1.1499998998377499,0.0010210153315353132,0.4243357503113613,0.294318484003455
1.1599998998435885,0.0007276402021426653,0.41974640791197176,0.2927526480989974
1.1699998998494272,0.0009717849137108603,0.42432039872818045,0.2943085924881057
1.1799998998552659,0.0006840382980892734,0.4198086435213666,0.2927693800039225
1.1899998998611045,0.0009242095404113915,0.42430556323961943,0.2942990334606991
1.1999998998669432,0.0006418822379706812,0.4198688153911516,0.29278555417863894
1.209999899872782,0.0008782071315814877,0.42429121825055527,0.29428979043421993
1.2199998998786206,0.0006011012781341751,0.41992702449789726,0.2928011980525147
1.2299998998844592,0.00083370094645141,0.4242773398308314,0.2942808479940079
1.239999899890298,0.0005616292162731185,0.419983365336262,0.2928163372852542
1.2499998998961366,0.0007906191563866738,0.42426390558199545,0.2942721917119163
1.2599998999019753,0.0005234040322734668,0.4200379264310178,0.2928309959074039
1.269999899907814,0.0007488944578439849,0.42425089451676246,0.2942638080686618
1.2799998999136526,0.00048636756375175505,0.42009079080107425,0.29284519644758866
1.2899998999194913,0.0007084637218932599,0.4242382869495018,0.29425568438336036
1.29999989992533,0.00045046521016667285,0.42014203638098235,0.29285896004805373
1.3099998999311686,0.0006692676752061422,0.42422606439697963,0.2942478087495411
1.3199998999370073,0.00041564566440965844,0.4201917364043295,0.2928723065696767
1.329999899942846,0.0006312506102921223,0.4242142094878567,0.2942401699769261
1.3399998999486846,0.00038186066829948295,0.42023995975292094,0.2928852546876517
1.3499998999545233,0.0005943601211662042,0.42420270588032866,0.29423275753833406
1.359999899960362,0.0003490647893623633,0.4202867712752595,0.2928978219786086
1.3699998999662006,0.0005585468625839418,0.4241915381869549,0.29422556152131246
1.3799998999720393,0.00031721521690775134,0.42033223207752474,0.2929100250002317
1.389999899977878,0.0005237643295024075,0.4241806919060889,0.2942185725839549
1.3999998999837167,0.00028627157582716833,0.42037639978968466,0.29292187936407865
1.4099998999895553,0.0004899686559949323,0.4241701533588907,0.29421178191434166
1.419999899995394,0.0002561957555536898,0.42041932880920435,0.29293339980217475
1.4299999000012327,0.00045711843040863176,0.42415990963188904,0.2942051811935493
1.4399999000070713,0.0002269517537339949,0.42046107052452864,0.2929446002280773
1.44999990001291,0.000425174526468064,0.4241499485241088,0.29419876256161925
1.4599999000187487,0.00019850553246025804,0.4205016735203733,0.29295549379298746
1.4699999000245874,0.00039409994654893143,0.4241402584988065,0.2941925185863672
1.479999900030426,0.0001708248850827987,0.42054118376639227,0.292966092937206
1.4899999000362647,0.00036385968028573856,0.42413082863861323,0.29418644223462115
1.4999999000421034,0.0001438793163970331,0.4205796447906544,0.2929764094375721
1.509999900047942,0.00033442057245003376,0.42412164860468826,0.29418052684585955
1.5199999000537807,0.00011763992921354216,0.4206170978396942,0.2929864544510567
1.5299999000596194,0.00030575120150122537,0.4241127085987981,0.294174766107791
1.539999900065458,0.00009207932153765253,0.42065358202611625,0.2929962385551117
1.5499999000712967,0.0002778217679300088,0.4241039993285146,0.2941691540339602
1.5599999000771354,0.00006717149109136678,0.4206891344646731,0.2930057717846933
1.569999900082974,0.000250603990692877,0.42409551197491113,0.2941636849429165
1.5799999000888127,0.00004289174669847018,0.4207237903983382,0.29301506366666447
1.5899999000946514,0.00022407101191135315,0.4240872381628538,0.29415835343907076
1.59999990010049,0.000019216627083373794,0.42075758331489244,0.2930241232515821
1.6099999001063288,0.0001981973084802524,0.4240791699334372,0.29415315439496537
1.6199999001121674,-0.000003876174856864978,0.4207905450547197,0.2930329591430348
1.629999900118006,0.0001729586100681635,0.4240712997183939,0.29414808293476985
1.6399999001238448,-0.00002640788234953284,0.42082270591091675,0.29304157952492826
1.6499999001296834,0.00014833182295292957,0.42406362031647266,0.2941431344190816
1.6599999001355221,-0.000048398699754148566,0.4208540947222256,0.2930499921867733
1.6699999001413608,0.00012429496011490127,0.42405612487138616,0.2941383044307258
1.6799999001471995,-0.00006986787267559968,0.4208847389591318,0.29305820454713544
1.6899999001530381,0.00010082707531655632,0.4240488068514518,0.2941335887616451
1.6999999001588768,-0.00009083374441076764,0.42091466480420203,0.2930662236754998
1.7099999001647155,0.00007790820251485364,0.4240416600305739,0.2941289834006227
1.7199999001705542,-0.00011131380824846993,0.42094389722657993,0.2930740563124869
1.7299999001763928,0.00005551929890112994,0.4240346784706303,0.29412448452194206
1.7399999001822315,-0.00013132475608945704,0.42097246005159966,0.2930817088888568
1.7499999001880702,0.000033642192231675416,0.4240278565049988,0.29412008847479537
1.7599999001939088,-0.00015088252371220356,0.42100037602542656,0.2930891875430299
1.7699999001997475,0.000012259531740665963,0.42402118872313926,0.29411579177334857
1.7799999002055862,-0.00017000233335084936,0.4210276668755024,0.2930964981375498
1.7899999002114249,-0.000008645257828510111,0.42401466995639664,0.2941115910875887
1.7999999002172635,-0.0001886987328079126,0.42105435336695873,0.29310364627440205
1.8099999002231022,-0.00002908801882761658,0.42400829526457545,0.29410748323467645
1.8199999002289409,-0.0002069856328759112,0.42108045535538197,0.2931106373093623
1.8299999002347795,-0.000049083901330959634,0.4240020599234772,0.2941034651709029
1.8399999002406182,-0.00022487634139523038,0.4211059918358855,0.29311747636528906
1.8499999002464569,-0.00006864740000378511,0.42399595941319596,0.2940995339842005
1.8599999002522956,-0.00024238359580608382,0.42113098098938617,0.2931241683447375
1.8699999002581342,-0.00008779238935896494,0.42398998940716215,0.2940956868870461
1.879999900263973,-0.0002595195933012828,0.4211554402257193,0.29313071794163365
1.8899999002698116,-0.00010653215666089899,0.42398414576204807,0.29409192120995853
1.8999999002756502,-0.0002762960193103403,0.4211793862240784,0.2931371296522787
1.909999900281489,-0.00012487943259853473,0.42397842450802936,0.29408823439522913
1.9199999002873276,-0.00029272407390523725,0.42120283497099276,0.293143407785633
1.9299999002931663,-0.00014284642004280812,0.42397282183985985,0.2940846239911739
1.939999900299005,-0.00030881449662389926,0.4212258017958066,0.29314955647294044
1.9499999003048436,-0.0001604448211760534,0.4239673341084388,0.2940810876467108
1.9599999003106823,-0.00032457759032333833,0.42124830140422076,0.29315557967683115
1.969999900316521,-0.00017768586306443623,0.4239619578128047,0.29407762310618796
1.9799999003223596,-0.000340023242740628,0.421270347909566,0.2931614811998052
1.9899999003281983,-0.00019458032122132707,0.42395668959281274,0.2940742282046839
1.999999900334037,-0.00035516094736975923,0.4212919548625197,0.2931672646923296
2.009999900317671,-0.00021113854096310725,0.42395152622045734,0.29407090086636983
2.0199999003013054,-0.0003699998204975685,0.4213131352687362,0.2931729336663824
2.0299999002849396,-0.0002273704613133809,0.423946464590704,0.29406763909456357
2.039999900268574,-0.00038454862672776535,0.4213339016451082,0.29317849148407227
2.049999900252208,-0.0002432856344976031,0.42394150173278866,0.2940644409670918
2.0599999002358422,-0.00039881578888389946,0.4213542660141882,0.2931839413829712
2.0699999002194764,-0.000258893242396363,0.4239366347834854,0.2940613046391669
2.0799999002031107,-0.00041280940695775925,0.421374239937449,0.2931892864760915
2.089999900186745,-0.000274202115322586,0.4239318609892372,0.2940582283366561
2.099999900170379,-0.00042653727318708867,0.4213938345373228,0.2931945297578969
2.1099999001540133,-0.0002892207489806342,0.4239271777008157,0.2940552103526471
2.1199999001376475,-0.00044000688676093525,0.4214130605177111,0.2931996741098427
2.1299999001212817,-0.00030395731969945494,0.42392258236863556,0.2940522490444078
2.139999900104916,-0.0004532254671931746,0.4214319281835474,0.29320472230565175
2.14999990008855,-0.0003184196996204314,0.4239180725378132,0.2940493428302408
2.1599999000721843,-0.0004661999675312778,0.4214504474592356,0.29320967701634687
2.1699999000558186,-0.0003326154707972151,0.4239136458441804,0.2940464901868487
2.1799999000394528,-0.0004789370862716691,0.4214686279060016,0.29321454081490045
2.189999900023087,-0.0003465519380316806,0.42390930000972665,0.29404368964651023
2.199999900006721,-0.0004914432791371937,0.4214864787383323,0.2932193161807383
2.2099998999903554,-0.0003602361416752409,0.4239050328390544,0.2940409397946976
2.2199998999739896,-0.0005037247695889313,0.42150400883970474,0.29322400550394306
2.229999899957624,-0.00037367486973405306,0.42390084221548613,0.2940382392675624
2.239999899941258,-0.0005157875598176265,0.4215212267771139,0.29322861108920695
2.2499998999248922,-0.000386874668793169,0.42389672609760704,0.2940355867497853
2.2599998999085265,-0.0005276374398837103,0.42153814081518304,0.2932331351596723
2.2699998998921607,-0.000399841854399563,0.42389268251592255,0.29403298097239783
2.279999899875795,-0.0005392799971959406,0.4215547589293164,0.2932375798604641
2.289999899859429,-0.0004125825218812551,0.4238887095698152,0.2940304207107603
2.2999998998430633,-0.000550720625805301,0.42157108881835187,0.29324194726210967
2.3099998998266975,-0.00042510255534500274,0.4238848054244629,0.29402790478265617
2.3199998998103317,-0.0005619645337238133,0.4215871379162505,0.29324623936370875
2.329999899793966,-0.00043740763665645055,0.4238809683080293,0.29402543204644566
2.3399998997776,-0.0005730167516890816,0.42160291340354317,0.293250458096034
2.3499998997612344,-0.00044950325450332507,0.42387719650901773,0.2940230013993569
2.3599998997448686,-0.0005838821401920047,0.42161842221800505,0.29325460532441017
2.369999899728503,-0.0004613947119838091,0.4238734883736584,0.2940206117758298
2.379999899712137,-0.0005945653968051356,0.42163367106483934,0.29325868285145823
2.389999899695771,-0.00047308713485016973,0.42386984230363317,0.2940182621460025
2.3999998996794054,-0.0006050710631186895,0.4216486664262897,0.2932626924197048
2.4099998996630396,-0.00048458547877983094,0.42386625675359496,0.29401595151416016
2.419999899646674,-0.0006154035307521788,0.4216634145708849,0.2932666357140897
2.429999899630308,-0.0004958945361399625,0.4238627302291608,0.2940136789174071
2.4399998996139423,-0.0006255670477863795,0.421677921562148,0.29327051436427004
2.4499998995975765,-0.0005070189427642813,0.4238592612846891,0.29401144342426017
2.4599998995812107,-0.0006355657243422019,0.4216921932669396,0.2932743299469764
2.469999899564845,-0.0005179631844451915,0.42385584852137803,0.2940092441334294
2.479999899548479,-0.0006454035385670132,0.4217062353632953,0.2932780839880108
2.4899998995321133,-0.0005287316027908773,0.42385249058535224,0.29400708017256
2.4999998995157475,-0.0006550843414030449,0.421720053348031,0.29328177796436994
2.5099998994993817,-0.0005393284010699606,0.4238491861659476,0.29400495069711274
2.519999899483016,-0.0006646118621138619,0.42173365254393735,0.2932854133061693
2.52999989946665,-0.0005497576496413803,0.4238459339938867,0.294002854889251
2.5399998994502844,-0.0006739897125600525,0.42174703810655517,0.2932889913984979
2.5499998994339186,-0.0005600232911129321,0.423842732839785,0.29400079195681406
2.559999899417553,-0.0006832213919720775,0.42176021503060973,0.29329251358311287
2.569999899401187,-0.0005701291452326895,0.4238395815124059,0.293998761132254
2.579999899384821,-0.0006923102914657697,0.42177318815642745,0.29329598116019917
2.5899998993684554,-0.0005800789140333329,0.4238364788574239,0.2939967616717727
2.5999998993520896,-0.0007012596980389141,0.42178596217574776,0.29329939538994
2.609999899335724,-0.0005898761857128232,0.42383342375585104,0.29399479285435753
2.619999899319358,-0.000710072798582706,0.42179854163732844,0.2933027574940074
2.6299998993029923,-0.0005995244397525301,0.4238304151227311,0.2939928539809162
2.6399998992866265,-0.0007187526836114344,0.42181093095249983,0.29330606865710807
2.6499998992702607,-0.0006090270502534523,0.42382745190588994,0.2939909443734908
2.659999899253895,-0.0007273023509377641,0.42182313440019054,0.29330933002827325
2.669999899237529,-0.0006183872902891796,0.4238245330846824,0.29398906337441205
2.6799998992211633,-0.0007357247091128727,0.42183515613187983,0.2933125427222413
2.6899998992047975,-0.0006276083355694073,0.4238216576687904,0.2939872103455697
2.6999998991884318,-0.0007440225805164236,0.4218470001763842,0.29331570782074085
2.709999899172066,-0.0006366932681993731,0.4238188246971724,0.2939853846677037
2.7199998991557,-0.0007521987050862489,0.4218586704442452,0.29331882637366247
2.7299998991393344,-0.0006456450799177116,0.42381603323690153,0.29398358573968114
2.7399998991229686,-0.0007602557426507062,0.42187017073209976,0.29332189940025016
2.749999899106603,-0.0006544666752903439,0.4238132823822408,0.2939818129778799
2.759999899090237,-0.000768196276167421,0.4218815047267971,0.29332492789020476
2.7699998990738712,-0.0006631608750187201,0.4238105712535678,0.2939800658155147
2.7799998990575054,-0.0007760228144160219,0.42189267600931013,0.2933279128047554
2.7899998990411397,-0.0006717304189287621,0.42380789899650534,0.29397834370206344
2.799999899024774,-0.0007837377946415813,0.4219036880585534,0.2933308550776674
2.809999899008408,-0.0006801779688823117,0.42380526478102465,0.2939766461026835
2.8199998989920423,-0.0007913435852424655,0.42191454425494734,0.29333375561620334
2.8299998989756765,-0.0006885061115626812,0.42380266780054077,0.2939749724976408
2.8399998989593107,-0.0007988424879379341,0.4219252478839061,0.2933366153020725
2.849999898942945,-0.0006967173609617738,0.42380010727107187,0.29397332238176466
2.859999898926579,-0.0008062367403129933,0.42193580213913257,0.2933394349923154
2.8699998989102133,-0.0007048141609549141,0.42379758243057314,0.29397169526402106
2.8799998988938476,-0.0008135285175931983,0.4219462101258408,0.29334221552020356
2.8899998988774818,-0.0007127988876913793,0.42379509253803543,0.2939700906669275
2.899999898861116,-0.0008207199352461281,0.42195647486374527,0.2933449576959525
2.90999989884475,-0.0007206738519018874,0.4237926368728666,0.29396850812613706
2.9199998988283844,-0.0008278130514214332,0.4219665992900268,0.2933476623076394
2.9299998988120186,-0.0007284413016761526,0.42379021473413064,0.29396694719000555
2.939999898795653,-0.000834809867884756,0.42197658626207724,0.29335033012188927
2.949999898779287,-0.0007361034239141695,0.4237878254398349,0.2939654074190905
2.9599998987629212,-0.0008417123326227571,0.4219864385602515,0.29335296188458254
2.9699998987465555,-0.0007436623466043901,0.4237854683264704,0.2939638883858274
2.9799998987301897,-0.00084852234130528,0.4219961588904186,0.2933555583216014
2.989999898713824,-0.0007511201407841561,0.42378314274821244,0.29396238967407995
2.999999898697458,-0.0008552417393614675,0.42200574988644374,0.29335812013944934
3.0099998986810923,-0.0007584788224854755,0.4237808480764533,0.29396091087876053
3.0199998986647265,-0.0008618723231639258,0.4220152141125284,0.293360648025917
3.0299998986483607,-0.0007657403543193109,0.4237785836991011,0.2939594516054726
3.039999898631995,-0.0008684158419316468,0.4220245540655752,0.293363142650711
3.049999898615629,-0.0007729066473758373,0.4237763490201821,0.2939580114702011
3.0599998985992634,-0.0008748739991855103,0.4220337721773411,0.29336560466604666
3.0699998985828976,-0.0007799795632295048,0.42377414345919645,0.29395659009890157
3.079999898566532,-0.0008812484545335231,0.42204287081646036,0.29336803470713074
3.089999898550166,-0.0007869609151294199,0.4237719664507308,0.29395518712721097
3.0999998985338,-0.0008875408248463224,0.42205185229071024,0.2933704333928363
3.1099998985174344,-0.0007938524696999849,0.42376981744394243,0.2939538022001764
3.1199998985010686,-0.0008937526854970734,0.4220607188487265,0.293372801326161
3.129999898484703,-0.0008006559485145281,0.42376769590200414,0.2939524349718897
3.139999898468337,-0.0008998855719350995,0.4220694726820124,0.2933751390947284
3.1499998984519713,-0.0008073730291664472,0.4237656013017477,0.2939510851052186
3.1599998984356055,-0.000905940980532316,0.4220781159266441,0.2933774472712754
3.1699998984192397,-0.0008140053471135111,0.4237635331332337,0.2939497522715685
3.179999898402874,-0.0009119203703360501,0.4220866506651093,0.29337972641415094
3.189999898386508,-0.0008205544967194722,0.4237614908992537,0.29394843615055893
3.1999998983701423,-0.0009178251640231672,0.42209507892790826,0.293381977067729
3.2099998983537765,-0.0008270220326918043,0.4237594741150128,0.29394713642980186
3.2199998983374107,-0.0009236567487949099,0.4221034026952036,0.29338419976288393
3.229999898321045,-0.0008334094709776529,0.42375748230775756,0.2939458528046566
3.239999898304679,-0.0009294164777013947,0.42211162389835666,0.29338639501733516
3.2499998982883134,-0.0008397182905375278,0.42375551501634756,0.2939445849779619
3.2599998982719476,-0.0009351056708297723,0.4221197444214582,0.2933885633361444
3.269999898255582,-0.0008459499339150689,0.42375357179095713,0.29394333265984435
3.279999898239216,-0.0009407256158053823,0.422127766102696,0.2933907052120356
3.28999989822285,-0.0008521058086279343,0.4237516521926297,0.29394209556747
3.2999998982064844,-0.0009462775694433212,0.42213569073576124,0.2933928211257821
3.3099998981901186,-0.0008581872883060004,0.42374975579308827,0.29394087342485653
3.319999898173753,-0.0009517627582080745,0.42214352007126904,0.29339491154659697
3.329999898157387,-0.0008641957133692646,0.42374788217428927,0.293939665962628
3.3399998981410213,-0.0009571823791607592,0.42215125581789653,0.2933969769324149
3.3499998981246555,-0.0008701323924089621,0.42374603092816343,0.29393847291784525
3.3599998981082897,-0.0009625376009267939,0.4221588996437758,0.29339901773030636
3.369999898091924,-0.0008759986027497835,0.4237442016564089,0.2939372940338222
3.379999898075558,-0.0009678295646629032,0.4221664531776135,0.29340103437671616
3.3899998980591923,-0.0008817955918558606,0.4237423939700709,0.29393612905992345
3.3999998980428265,-0.0009730593845136415,0.42217391800987275,0.2934030272978742
3.4099998980264608,-0.0008875245775532559,0.4237406074893366,0.29393497775141325
3.419999898010095,-0.0009782281488572853,0.42218129569390866,0.2934049969100159
3.429999897993729,-0.0008931867495993728,0.4237388418432419,0.2939338398692343
3.4399998979773634,-0.0009833369205876075,0.4221885877469389,0.29340694361968317
3.4499998979609976,-0.0008987832699243192,0.42373709666938664,0.29393271517988806
3.459999897944632,-0.0009883867382116662,0.42219579565117876,0.29340886782401837
3.469999897928266,-0.0009043152739147686,0.42373537161380803,0.2939316034552512
3.4799998979119002,-0.0009933786163356384,0.4222029208549294,0.2934107699110668
3.4899998978955344,-0.000909783870536085,0.42373366633058634,0.2939305044724254
3.4999998978791687,-0.0009983135463604853,0.42220996477333517,0.2934126502599563
3.509999897862803,-0.0009151901439161669,0.42373198048177746,0.2939294180136336
3.519999897846437,-0.0010031924973221695,0.4222169287895461,0.2934145092412614
3.5299998978300713,-0.0009205351534686823,0.42373031373700204,0.2939283438659855
3.5399998978137055,-0.0010080164163963623,0.4222238142553934,0.2934163472171188
3.5499998977973397,-0.0009258199345816287,0.4237286657733466,0.2939272818214136
3.559999897780974,-0.0010127862293756174,0.4222306224924141,0.2934181645415506
3.569999897764608,-0.0009310454996203088,0.42372703627515335,0.29392623167647797
3.5799998977482423,-0.0010175028413696996,0.4222373547927399,0.293419961560695
3.5899998977318766,-0.0009362128381162904,0.42372542493380727,0.29392519323233735
3.5999998977155108,-0.0010221671376704489,0.4222440124197103,0.2934217386129354
3.609999897699145,-0.0009413229181327587,0.4237238314474852,0.29392416629448104
3.619999897682779,-0.0010267799838128422,0.4222505966089036,0.2934234960292304
3.6299998976664134,-0.0009463766860018374,0.4237222555211044,0.2939231506727523
3.6399998976500476,-0.0010313422264449645,0.4222571085687693,0.29342523413326077
3.649999897633682,-0.0009513750674132737,0.42372069686591435,0.2939221461811034
3.659999897617316,-0.0010358546937652147,0.42226354948132344,0.29342695324160434
3.6699998976009502,-0.0009563189678916117,0.42371915519961956,0.2939211526375962
3.6799998975845845,-0.0010403181958822394,0.42226992050306067,0.29342865366400295
3.6899998975682187,-0.0009612092735138411,0.42371763024596015,0.2939201698642198
3.699999897551853,-0.001044733525548569,0.4222762227653694,0.2934303357034501
3.709999897535487,-0.0009660468509593567,0.4237161217346041,0.29391919768677627
3.7199998975191213,-0.0010491014583473568,0.42228245737539055,0.2934319996564371
3.7299998975027555,-0.0009708325484842906,0.4237146294010221,0.29391823593479854
3.7399998974863897,-0.0010534227533853802,0.42228862541662554,0.29343364581311127
3.749999897470024,-0.000975567196141558,0.4237131529863835,0.29391728444151244
3.759999897453658,-0.0010576981537637753,0.42229472794961903,0.29343527445749457
3.7699998974372924,-0.0009802516066212963,0.4237116922373305,0.29391634304364045
3.7799998974209266,-0.0010619283868835705,0.42230076601246763,0.2934368858675356
3.789999897404561,-0.0009848865752113412,0.4237102469058713,0.2939154115813654
3.799999897388195,-0.0010661141645611494,0.4223067406214199,0.29343848031534625
3.809999897371829,-0.000989472880567721,0.42370881674918054,0.29391448989820385
3.8199998973554634,-0.0010702561840369995,0.42231265277155017,0.29344005806737417
3.8299998973390976,-0.0009940112851263283,0.42370740152953434,0.2939135778409832
3.839999897322732,-0.001074355127824278,0.4223185034371275,0.2934416193844861
3.849999897306366,-0.000998502535223711,0.4237060010141033,0.29391267525967774
3.8599998972900003,-0.001078411664318324,0.4223242935723403,0.2934431645221413
3.8699998972736345,-0.0010029473620498663,0.42370461497494377,0.2939117820073767
3.8799998972572687,-0.0010824264482787171,0.42233002411170595,0.2934446937305316
3.889999897240903,-0.0010073464817574873,0.42370324318874303,0.29391089794017927
3.899999897224537,-0.0010864001210941776,0.4223356959706479,0.29344620725473686
3.9099998972081713,-0.0010117005956440384,0.4237018854367539,0.29391002291714446
3.9199998971918055,-0.0010903333109724134,0.42234131004585174,0.29344770533479936
3.9299998971754397,-0.0010160103909426788,0.4237005415047385,0.2939091568001901
3.939999897159074,-0.001094226633379547,0.4223468672159254,0.2934491882059293
3.949999897142708,-0.0010202765407443248,0.42369921118277404,0.2939082994540369
3.9599998971263424,-0.0010980806914524521,0.42235236834167456,0.29345065609854293
3.9699998971099766,-0.0010244997048751703,0.423697894265123,0.29390745074611124
3.979999897093611,-0.0011018960762834151,0.42235781426667335,0.2934521092384628
3.989999897077245,-0.0010286805296657597,0.4236965905502363,0.29390661054655504
3.999999897060879,-0.0011056733668490804,0.42236320581764586,0.29345354784700245
4.009999897088922,-0.0010328196499467257,0.42369529984211135,0.29390577872506135
4.019999897116965,-0.0011094131331848,0.4223685438149128,0.29345497213484806
4.029999897145008,-0.0010369176867228713,0.4236940219529968,0.2939049551566441
4.039999897173051,-0.0011131159295816317,0.42237382904260107,0.2934563823208239
4.049999897201094,-0.0010409752473292677,0.42369275668554296,0.2939041397222429
4.059999897229138,-0.0011167823015567624,0.4223790622793479,0.2934577786133483
4.069999897257181,-0.0010449929285998305,0.42369150385369825,0.2939033323019561
4.079999897285224,-0.0011204127837449729,0.42238424428856886,0.2934591612167431
4.089999897313267,-0.001048971315339875,0.42369026327496373,0.2939025327782021
4.09999989734131,-0.0011240079007122095,0.4223893758187724,0.29346053033133085
4.109999897369353,-0.0010529109815073934,0.4236890347705312,0.2939017410357098
4.119999897397396,-0.0011275681665809945,0.42239445760400235,0.29346188615355145
4.1299998974254395,-0.0010568124893182151,0.4236878181649662,0.29390095696144003
4.139999897453483,-0.0011310940856716911,0.42239949036410235,0.29346322887605386
4.149999897481526,-0.0010606763906182426,0.42368661328620794,0.29390018044451505
4.159999897509569,-0.001134586152608863,0.4224044748050837,0.29346455868776233
4.169999897537612,-0.001064503226490654,0.4236854199655066,0.29389941137619946
4.179999897565655,-0.001138044852795339,0.4224094116195044,0.29346587577400807
4.189999897593698,-0.0010682935279262562,0.42368423803738936,0.29389864964983897
4.199999897621741,-0.0011414706619474746,0.42241430148671383,0.2934671803165832
4.2099998976497846,-0.001072047815491306,0.42368306733944966,0.2938978951607885
4.219999897677828,-0.001144864047235128,0.4224191450732341,0.2934684724938311
4.229999897705871,-0.00107576660006381,0.4236819077124035,0.29389714780638365
4.239999897733914,-0.0011482254667378733,0.42242394303301406,0.2934697524807383
4.249999897761957,-0.0010794503829649749,0.42368075899996005,0.2938964074859161
4.25999989779,-0.0011515553700769399,0.4224286960077253,0.29347102044898377
4.269999897818043,-0.0010830996560793338,0.4236796210487511,0.29389567410054834
4.2799998978460865,-0.0011548541982995264,0.42243340462711065,0.29347227656708147
4.28999989787413,-0.0010867149020268307,0.42367849370824723,0.29389494755327034
4.299999897902173,-0.0011581223845538169,0.422438069509155,0.2934735210003598
4.309999897930216,-0.001090296594463469,0.4236773768307364,0.2938942277489095
4.319999897958259,-0.0011613603536748673,0.4224426912604765,0.2934747539111306
4.329999897986302,-0.0010938451983428799,0.42367627027121674,0.2938935145940135
4.339999898014345,-0.0011645685228511837,0.42244727047642183,0.2934759754586553
4.349999898042388,-0.001097361170149913,0.4236751738873965,0.29389280799687184
4.3599998980704315,-0.0011677473015496709,0.4224518077415673,0.29347718579933013
4.369999898098475,-0.0011008449578417956,0.4236740875395419,0.29389210786744424
4.379999898126518,-0.0011708970917734263,0.4224563036297478,0.2934783850866822
4.389999898154561,-0.0011042970013090958,0.42367301109048333,0.2938914141173425
4.399999898182604,-0.001174018288315093,0.4224607587043961,0.2934795734714346
4.409999898210647,-0.0011077177325344856,0.4236719444055383,0.2938907266597715
4.41999989823869,-0.0011771112786505,0.4224651735187308,0.2934807511015769
4.4299998982667335,-0.001111107575566317,0.42367088735245984,0.29389004540950353
4.439999898294777,-0.00118017644345203,0.4224695486160537,0.29348191812245467
4.44999989832282,-0.0011144669468254875,0.42366983980132716,0.29388937028282747
4.459999898350863,-0.001183214156474488,0.42247388452986295,0.29348307467676205
4.469999898378906,-0.001117796255314163,0.42366880162461457,0.29388870119755994
4.479999898406949,-0.0011862247849010465,0.4224781817842781,0.29348422090470017
4.489999898434992,-0.0011210959028766787,0.4236677726970562,0.2938880380729561
4.499999898463035,-0.0011892086894280673,0.4224824408940231,0.29348535694394406
4.5099998984910785,-0.0011243662841382562,0.4236667528956189,0.29388738082973814
4.519999898519122,-0.0011921662243206121,0.4224866623647824,0.29348648292977164
4.529999898547165,-0.001127607786770568,0.4236657420994444,0.2938867293900213
4.539999898575208,-0.0011950977374990401,0.4224908466932554,0.2934875989950236
4.549999898603251,-0.001130820791571674,0.42366474018972095,0.2938860836772447
4.559999898631294,-0.0011980035710061898,0.4224949943674784,0.29348870527023346
4.569999898659337,-0.0011340056728348369,0.42366374704979076,0.29388544361622493
4.57999989868738,-0.0012008840608119797,0.4224991058670189,0.2934898018836605
4.589999898715424,-0.0011371627981349164,0.4236627625650137,0.29388480913309245
4.599999898743467,-0.001203739536984827,0.4225031816630443,0.2934908889613277
4.60999989877151,-0.001140292528695408,0.42366178662270626,0.2938841801552288
4.619999898799553,-0.0012065703239174663,0.4225072222185984,0.2934919666270624
4.629999898827596,-0.0011433952195127883,0.423660819112203,0.2938835566113182
4.639999898855639,-0.0012093767403826838,0.42251122798877916,0.2934930350025976
4.649999898883682,-0.001146471219444889,0.4236598599246783,0.2938829384312413
4.6599998989117255,-0.0012121590997935527,0.42251519942088783,0.2934940942075376
4.669999898939769,-0.0011495208715397442,0.42365890895323227,0.293882325546083
4.679999898967812,-0.0012149177101938857,0.42251913695453364,0.29349514435944635
4.689999898995855,-0.001152544512828202,0.4236579660926943,0.2938817178880837
4.699999899023898,-0.0012176528743179649,0.42252304102189064,0.29349618557389806
4.709999899051941,-0.0011555424746962917,0.4236570312397783,0.2938811153906728
4.719999899079984,-0.0012203648897803898,0.42252691204782944,0.29349721796451034
4.729999899108027,-0.0011585150829374058,0.4236561042928907,0.2938805179883831
4.739999899136071,-0.00122305404936629,0.42253075045005234,0.2934982416429713
4.749999899164114,-0.0011614626578762,0.42365518515218176,0.2938799256168704
4.759999899192157,-0.001225720640757988,0.4225345566392139,0.29349925671910343
4.7699998992202,-0.0011643855143983473,0.42365427371942643,0.2938793382128302
4.779999899248243,-0.0012283649469384539,0.42253833101914784,0.2935002633008703
4.789999899276286,-0.001167283962013821,0.4236533698980794,0.29387875571404565
4.799999899304329,-0.0012309872458791116,0.4225420739869357,0.29350126149446204
4.8099998993323725,-0.0011701583052383668,0.42365247359320407,0.29387817805934174
4.819999899360416,-0.0012335878112685883,0.4225457859331134,0.2935022514043099
4.829999899388459,-0.0011730088435504271,0.4236515847114078,0.29387760518853173
4.839999899416502,-0.0012361669121403462,0.422549467241732,0.2935032331330841
4.849999899444545,-0.001175835871421116,0.4236507031608927,0.2938770370424512
4.859999899472588,-0.0012387248133010065,0.42255311829059095,0.2935042067818111
4.869999899500631,-0.0011786396785633535,0.4236498288513176,0.29387647356287316
4.879999899528674,-0.0012412617750336974,0.4225567394512174,0.2935051724498122
4.8899998995567175,-0.0011814205499431907,0.4236489616938154,0.2938759146925411
4.899999899584761,-0.0012437780533998133,0.42256033108914076,0.29350613023482386
4.909999899612804,-0.0011841787658293246,0.423648101601004,0.2938753603751337
4.919999899640847,-0.0012462739002903067,0.4225638935639224,0.2935070802329602
4.92999989966889,-0.0011869146019705124,0.4236472484869128,0.29387481055524756
4.939999899696933,-0.0012487495635087331,0.42256742722935353,0.29350802253883157
4.949999899724976,-0.0011896283295360632,0.4236464022669421,0.2938742651783619
4.9599998997530195,-0.0012512052869138035,0.42257093243346117,0.2935089572454576
4.969999899781063,-0.0011923202155541546,0.42364556285782135,0.2938737241908177
4.979999899809106,-0.0012536413104990984,0.42257440951872155,0.2935098844444103
4.989999899837149,-0.0011949905225598911,0.42364473017768406,0.293873187539867
4.999999899865192,-0.0012560578702651704,0.4225778588221547,0.29351080422578246
5.009999899893235,-0.0011976395091020109,0.42364390414593867,0.2938726551735589
5.019999899921278,-0.001258455198654751,0.4225812806753789,0.29351171667822046
5.029999899949321,-0.0012002674294568916,0.423643084683276,0.29387212704079013
5.0399998999773645,-0.0012608335243209368,0.4225846754047812,0.29351262188898386
5.049999900005408,-0.001202874533879239,0.42364227171161456,0.2938716030912561
5.059999900033451,-0.0012631930722555307,0.4225880433315815,0.2935135199439346
5.069999900061494,-0.0012054610687033396,0.42364146515417617,0.29387108327546113
5.079999900089537,-0.0012655340638563217,0.4225913847719795,0.2935144109276015
5.08999990011758,-0.0012080272762100552,0.4236406649353133,0.29387056754466234
5.099999900145623,-0.001267856717101612,0.4225947000371673,0.29351529492315953
5.1099999001736665,-0.0012105733953211573,0.42363987098063854,0.293870055850908
5.11999990020171,-0.0012701612468681844,0.4225979894335597,0.2935161720125163
5.129999900229753,-0.0012130996610377753,0.42363908321687205,0.2938695481469754
5.139999900257796,-0.001272447864288262,0.42260125326271236,0.29351704227627856
5.149999900285839,-0.0012156063044306276,0.4236383015718636,0.293869044386378
5.159999900313882,-0.0012747167775579715,0.42260449182161314,0.29351790579382947
5.169999900341925,-0.0012180935535428539,0.42363752597465776,0.2938685445233714
5.179999900369968,-0.0012769681914239772,0.42260770540258064,0.29351876264329946
5.1899999003980115,-0.001220561632389483,0.4236367563552897,0.293868048512884
5.199999900426055,-0.001279202307616023,0.42261089429349824,0.29351961290163414
5.209999900454098,-0.0012230107619297659,0.42363599264494417,0.2938675563105527
5.219999900482141,-0.0012814193246815098,0.4226140587777874,0.2935204566445911
5.229999900510184,-0.0012254411594043724,0.423635234775763,0.29386706787266903
5.239999900538227,-0.00128361943813049,0.4226171991345524,0.29352129394675813
5.24999990056627,-0.001227853038861637,0.42363448268101933,0.29386658315623737
5.259999900594313,-0.0012858028405375865,0.4226203156387135,0.2935221248816267
5.269999900622357,-0.001230246611284791,0.4236337362949782,0.2938661021188707
5.2799999006504,-0.0012879697215857355,0.4226234085609944,0.2935229495215328
5.289999900678443,-0.001232622084213153,0.4236329955528888,0.29386562471884464
5.299999900706486,-0.0012901202681840918,0.42262647816805154,0.2935237679377406
5.309999900734529,-0.0012349796622515008,0.4236322603909449,0.29386515091505017
5.319999900762572,-0.0012922546642673005,0.42262952472253534,0.293524580200456
5.329999900790615,-0.001237319546799176,0.42363153074635995,0.2938646806670215
5.3399999008186585,-0.0012943730911130213,0.4226325484831567,0.29352538637882014
5.349999900846702,-0.0012396419363296385,0.42363080655723173,0.2938642139348666
5.359999900874745,-0.001296475727267099,0.4226355497047705,0.2935261865409345
5.369999900902788,-0.001241947026293655,0.42363008776265126,0.2938637506793222
5.379999900930831,-0.0012985627486512552,0.422638528638447,0.2935269807538943
5.389999900958874,-0.0012442350093628818,0.423629374302521,0.29386329086167023
5.399999900986917,-0.001300634328586403,0.4226414855315333,0.2935277690838039
5.40999990101496,-0.0012465060751589707,0.4236286661176724,0.2938628344437836
5.4199999010430036,-0.0013026906378204028,0.42264442062775626,0.29352855159578645
5.429999901071047,-0.001248760410707206,0.4236279631498522,0.2938623813881097
5.43999990109909,-0.0013047318445025269,0.4226473341672438,0.2935293283540141
5.449999901127133,-0.0012509982001500664,0.42362726534159834,0.29386193165761043
5.459999901155176,-0.0013067581143997309,0.4226502263866099,0.2935300994217149
5.469999901183219,-0.0012532196250016892,0.4236265726363218,0.29386148521583344
5.479999901211262,-0.0013087696110682945,0.4226530975190306,0.29353086486119195
5.4899999012393055,-0.0012554248641249988,0.42362588497824594,0.2938610420268236
5.499999901267349,-0.0013107664953333487,0.4226559477942773,0.29353162473383826
5.509999901295392,-0.0012576140938440616,0.423625202312425,0.2938606020551643
5.519999901323435,-0.0013127489258717429,0.42265877743878516,0.2935323791001749
5.529999901351478,-0.0012597874878803594,0.42362452458467026,0.29386016526594694
5.539999901379521,-0.0013147170590857016,0.4226615866757418,0.29353312801982573
5.549999901407564,-0.001261945217352789,0.4236238517416124,0.29385973162476753
5.559999901435607,-0.0013166710490568612,0.4226643757251535,0.2935338715515776
5.5699999014636505,-0.0012640874509186606,0.4236231837306228,0.2938593010977204
5.579999901491694,-0.0013186110475791324,0.42266714480381606,0.2935346097533587
5.589999901519737,-0.0012662143549981852,0.4236225204998582,0.29385887365137925
5.59999990154778,-0.001320537204509975,0.42266989412549455,0.293535342682277
5.609999901575823,-0.0012683260935304475,0.42362186199815416,0.2938584492527828
5.619999901603866,-0.0013224496673969188,0.42267262390084875,0.2935360703946264
5.629999901631909,-0.0012704228281303909,0.4236212081751227,0.2938580278694663
5.6399999016599525,-0.0013243485818152934,0.4226753343376017,0.2935367929459118
5.649999901687996,-0.0012725047181212368,0.42362055898107404,0.2938576094694021
5.659999901716039,-0.0013262340911512904,0.42267802564051943,0.29353751039082826
5.669999901744082,-0.0012745719206477268,0.4236199143670397,0.2938571940210166
5.679999901772125,-0.0013281063368966173,0.4226806980115162,0.2935382227833227
5.689999901800168,-0.0012766245905593276,0.4236192742847165,0.2938567814931913
5.699999901828211,-0.0013299654585230414,0.4226833516496634,0.2935389301765799
5.709999901856254,-0.0012786628805356859,0.4236186386865017,0.29385637185523955
5.7199999018842975,-0.001331811593490384,0.4226859867512261,0.29353963262304206
5.729999901912341,-0.0012806869411188249,0.4236180075254135,0.29385596507689593
5.739999901940384,-0.0013336448773504372,0.42268860350973986,0.29354033017440856
5.749999901968427,-0.0012826969207422323,0.42361738075514316,0.2938555611283187
5.75999990199647,-0.0013354654437172098,0.42269120211609845,0.29354102288167877
5.769999902024513,-0.0012846929654626305,0.4236167583300785,0.2938551599800907
5.779999902052556,-0.0013372734238565886,0.42269378275851793,0.2935417107951336
5.7899999020805994,-0.0012866752197115972,0.42361614020512983,0.29385476160317836
5.799999902108643,-0.001339068948785549,0.42269634562265995,0.29354239396435977
5.809999902136686,-0.0012886438264549938,0.4236155263359421,0.2938543659689807
5.819999902164729,-0.0013408521465645418,0.4226988908915881,0.29354307243828315
5.829999902192772,-0.0012905989260261208,0.42361491667870027,0.29385397304926986
5.839999902220815,-0.0013426231437263514,0.4227014187458788,0.2935437462651335
5.849999902248858,-0.001292540657016561,0.42361431119017756,0.2938535828161904
5.859999902276901,-0.0013443820651188876,0.4227039293636408,0.2935444154924947
5.8699999023049445,-0.0012944691561609378,0.4236137098278077,0.2938531952423053
5.879999902332988,-0.001346129033911625,0.4227064229205883,0.29354508016730213
5.889999902361031,-0.0012963845580604705,0.42361311254949385,0.2938528103004926
5.899999902389074,-0.0013478641712343364,0.42270889959000907,0.29354574033583863
5.909999902417117,-0.0012982869956974508,0.42361251931381777,0.29385242796405736
5.91999990244516,-0.0013495875970059856,0.42271135954287153,0.2935463960437848
5.929999902473203,-0.0013001766003952753,0.42361193007983494,0.2938520482066182
5.939999902501246,-0.0013512994295779013,0.4227138029478852,0.29354704733621
5.94999990252929,-0.0013020535016161627,0.4236113448072356,0.2938516710021986
5.959999902557333,-0.001352999785483311,0.4227162299714387,0.29354769425754806
5.969999902585376,-0.0013039178269151908,0.42361076345617044,0.2938512963251016
5.979999902613419,-0.0013546887796442864,0.42271864077772453,0.2935483368516538
5.989999902641462,-0.0013057697022234027,0.4236101859873926,0.29385092415004177
5.999999902669505,-0.0013563665255693635,0.4227210355287614,0.29354897516181117
6.009999902697548,-0.001307609251859132,0.42360961236210876,0.2938505544520144
6.0199999027255915,-0.0013580331351634722,0.4227234143843983,0.29354960923070744
6.029999902753635,-0.001309436598517344,0.42360904254213194,0.29385018720639555
6.039999902781678,-0.0013596887192295348,0.42272577750239837,0.29355023910048883
6.049999902809721,-0.0013112518632685255,0.42360847648965955,0.2938498223888508
6.059999902837764,-0.0013613333866679955,0.42272812503838525,0.2935508648127187
6.069999902865807,-0.0013130551653774969,0.423607914167481,0.29384945997539297
6.07999990289385,-0.0013629672449670949,0.4227304571459833,0.2935514864084332
6.089999902921893,-0.00131484662284298,0.4236073555388424,0.293849099942329
6.0999999029499365,-0.0013645904005918919,0.4227327739767853,0.2935521039281173
6.10999990297798,-0.0013166263521324773,0.4236068005674552,0.2938487422662721
6.119999903006023,-0.0013662029582490742,0.4227350756803981,0.29355271741173194
6.129999903034066,-0.0013183944678751836,0.42360624921753,0.29384838692416404
6.139999903062109,-0.0013678050214087634,0.42273736240451526,0.2935533268987232
6.149999903090152,-0.0013201510833646957,0.42360570145372367,0.29384803389323916
6.159999903118195,-0.001369396692099123,0.4227396342948617,0.2935539324280097
6.1699999031462385,-0.0013218963102659131,0.42360515724117837,0.29384768315102267
6.179999903174282,-0.0013709780709785235,0.4227418914953198,0.2935545340380229
6.189999903202325,-0.0013236302591981275,0.423604616545437,0.2938473346753062
6.199999903230368,-0.0013725492578244847,0.42274413414792134,0.29355513176668796
6.209999903258411,-0.0013253530389565338,0.42360407933255734,0.29384698844421264
6.219999903286454,-0.0013741103506597074,0.42274636239284286,0.2935557256514422
6.229999903314497,-0.001327064757076446,0.42360354556897584,0.29384664443611963
6.23999990334254,-0.0013756614463842354,0.42274857636848817,0.2935563157292627
6.2499999033705835,-0.0013287655199816228,0.42360301522158206,0.29384630262968897
6.259999903398627,-0.001377202640987285,0.4227507762114656,0.29355690203661583
6.26999990342667,-0.0013304554324569118,0.42360248825769375,0.29384596300385657
6.279999903454713,-0.0013787340289006522,0.4227529620567078,0.29355748460954084
6.289999903482756,-0.001332134597996415,0.423601964645005,0.2938456255378097
6.299999903510799,-0.0013802557033200102,0.4227551340373395,0.2935580634835963
6.309999903538842,-0.0013338031187146715,0.4236014443516597,0.29384529021100647
6.3199999035668855,-0.0013817677565579611,0.4227572922849029,0.2935586386938933
6.329999903594929,-0.0013354610956184398,0.4236009273462327,0.29384495700319246
6.339999903622972,-0.0013832702793428187,0.42275943692922524,0.2935592102751282
6.349999903651015,-0.001337108628287842,0.42360041359762207,0.2938446258943327
6.359999903679058,-0.0013847633615966526,0.42276156809851645,0.29355977826151425
6.369999903707101,-0.0013387458149711762,0.4235999030751603,0.29384429686465424
6.379999903735144,-0.0013862470919741021,0.42276368591934005,0.29356034268685055
6.389999903763187,-0.0013403727529948117,0.4235993957485546,0.29384396989463324
6.3999999037912305,-0.0013877215580684332,0.4227657905167863,0.2935609035845474
6.409999903819274,-0.0013419895382387192,0.4235988915878969,0.2938436449649933
6.419999903847317,-0.001389186846442625,0.42276788201424453,0.29356146098755387
6.42999990387536,-0.0013435962653387534,0.42359839056360565,0.29384332205669694
6.439999903903403,-0.0013906430424397431,0.42276996053366167,0.2935620149284365
6.449999903931446,-0.0013451930279742008,0.42359789264651215,0.2938430011509323
6.459999903959489,-0.0013920902305042393,0.4227720261954825,0.2935625654393568
6.469999903987532,-0.0013467799185111762,0.4235973978078532,0.293842682229153
6.479999904015576,-0.0013935284939023962,0.422774079118643,0.2935631125520764
6.489999904043619,-0.0013483570282515345,0.42359690601913147,0.2938423652730022
6.499999904071662,-0.001394957915026529,0.4227761194206013,0.29356365629795067
6.509999904099705,-0.0013499244474617367,0.42359641725222535,0.2938420502643551
6.519999904127748,-0.0013963785751716085,0.42277814721737134,0.29356419670796163
6.529999904155791,-0.0013514822652238578,0.42359593147938474,0.2938417371853197
6.539999904183834,-0.0013977905546576075,0.42278016262363494,0.29356473381272835
6.5499999042118775,-0.0013530305693414402,0.42359544867319815,0.29384142601822894
6.559999904239921,-0.0013991939326754022,0.4227821657525743,0.2935652676424693
6.569999904267964,-0.001354569446687215,0.42359496880656344,0.2938411167456222
6.579999904296007,-0.0014005887875976342,0.42278415671601777,0.29356579822705436
6.58999990432405,-0.0013560989830196934,0.4235944918526881,0.293840809350249
6.599999904352093,-0.001401975196854588,0.422786135624489,0.2935663255959896
6.609999904380136,-0.0013576192632827055,0.42359401778515937,0.2938405038150573
6.619999904408179,-0.0014033532370949509,0.42278810258713023,0.29356684977840575
6.629999904436223,-0.001359130371225481,0.42359354657785436,0.2938402001232316
6.639999904464266,-0.001404722983770812,0.42279005771178874,0.2935673708031089
6.649999904492309,-0.0013606323895229977,0.42359307820496933,0.2938398982581334
6.659999904520352,-0.001406084511412331,0.4227920011050247,0.29356788869854006
6.669999904548395,-0.0013621254001665584,0.42359261264102777,0.2938395982033233
6.679999904576438,-0.0014074378939739063,0.42279393287211353,0.2935684034928125
6.689999904604481,-0.0013636094838578305,0.42359214986079746,0.2938392999425762
6.6999999046325245,-0.0014087832042950499,0.42279585311705037,0.2935689152136958
6.709999904660568,-0.0013650847203159344,0.4235916898394229,0.2938390034598486
6.719999904688611,-0.001410120514209856,0.4227977619426207,0.293569423888622
6.729999904716654,-0.0013665511883844683,0.42359123255230124,0.293838708739281
6.739999904744697,-0.001411449894955119,0.4227996594504233,0.2935699295447235
6.74999990477274,-0.0013680089660745853,0.4235907779751101,0.2938384157652153
6.759999904800783,-0.0014127714169498429,0.42280154574076917,0.2935704322087782
6.769999904828826,-0.0013694581304599662,0.4235903260838089,0.29383812452216834
6.7799999048568695,-0.0014140851495447748,0.42280342091282086,0.293570931907267
6.789999904884913,-0.00137089875763019,0.42358987685469224,0.29383783499483745
6.799999904912956,-0.0014153911615522041,0.42280528506466725,0.293571428666369
6.809999904940999,-0.001372330922754239,0.42358943026429813,0.29383754716812566
6.819999904969042,-0.0014166895207905483,0.4228071382930992,0.2935719225119289
6.829999904997085,-0.001373754700406682,0.42358898628944575,0.29383726102707886
6.839999905025128,-0.0014179802941991504,0.4228089806938682,0.29357241346951085
6.8499999050531715,-0.0013751701638295977,0.4235885449072537,0.2938369765569444
6.859999905081215,-0.0014192635481271587,0.4228108123616399,0.29357290156439264
6.869999905109258,-0.0013765773855680674,0.42358810609507286,0.29383669374313315
6.879999905137301,-0.0014205393480315465,0.42281263338987524,0.29357338682151024
6.889999905165344,-0.0013779764374082237,0.4235876698304529,0.2938364125711863
6.899999905193387,-0.0014218077587457856,0.42281444387099437,0.2935738692655431
6.90999990522143,-0.0013793673902964265,0.4235872360913278,0.2938361330268792
6.919999905249473,-0.0014230688441254635,0.4228162438964033,0.29357434892089695
6.9299999052775165,-0.0013807503142386768,0.4235868048558175,0.29383585509610477
6.93999990530556,-0.0014243226674639509,0.4228180335563945,0.29357482581166977
6.949999905333603,-0.0013821252787913352,0.42358637610233374,0.2938355787649537
6.959999905361646,-0.001425569291486184,0.4228198129402728,0.29357529996171605
6.969999905389689,-0.0013834923524598253,0.4235859498094833,0.2938353040196351
6.979999905417732,-0.0014268087780373584,0.42282158213624266,0.2935757713945618
6.989999905445775,-0.00138485160289048,0.42358552595611876,0.29383503084654755
6.9999999054738185,-0.0014280411880389643,0.4228233412315524,0.29357624013351225
7.009999905501862,-0.0013862030970575034,0.4235851045213599,0.29383475923221675
7.019999905529905,-0.0014292665820445638,0.42282509031244486,0.2935767062015796
7.029999905557948,-0.0013875469011570551,0.4235846854845829,0.2938344891633541
7.039999905585991,-0.0014304850198576524,0.42282682946427197,0.2935771696215623
7.049999905614034,-0.0013888830807671226,0.42358426882539835,0.293834220626806
7.059999905642077,-0.0014316965606087084,0.4228285587712898,0.2935776304159364
7.06999990567012,-0.0013902117005399894,0.42358385452363095,0.29383395360958103
7.0799999056981635,-0.0014329012625526882,0.42283027831685427,0.2935780886069627
7.089999905726207,-0.0013915328243498948,0.42358344255930225,0.2938336880987967
7.09999990575425,-0.0014340991833674543,0.4228319881834154,0.29357854421664964
7.109999905782293,-0.0013928465155381708,0.4235830329127319,0.2938334240817684
7.119999905810336,-0.001435290380296106,0.4228336884524494,0.2935789972667391
7.129999905838379,-0.0013941528366574474,0.4235826255643798,0.2938331615459043
7.139999905866422,-0.0014364749097310892,0.42283537920450953,0.29357944777872674
7.149999905894465,-0.0013954518495022938,0.42358222049495037,0.29383290047876887
7.159999905922509,-0.0014376528274331335,0.4228370605192996,0.2935798957738984
7.169999905950552,-0.0013967436151929302,0.4235818176853969,0.29383264086809424
7.179999905978595,-0.0014388241885572306,0.4228387324756171,0.29358034127329335
7.189999906006638,-0.0013980281942187478,0.4235814171168336,0.29383238270170503
7.199999906034681,-0.0014399890477805322,0.4228403951513573,0.29358078429768075
7.209999906062724,-0.0013993056464165488,0.42358101877061616,0.293832125967587
7.219999906090767,-0.0014411474591509155,0.42284204862359226,0.29358122486763993
7.2299999061188105,-0.0014005760309507842,0.42358062262831286,0.2938318706538637
7.239999906146854,-0.0014422994759746288,0.4228436929685567,0.2935816630035475
7.249999906174897,-0.0014018394062409456,0.42358022867166867,0.29383161674877945
7.25999990620294,-0.0014434451509741653,0.42284532826156823,0.29358209872547975
7.269999906230983,-0.001403095830196932,0.42357983688264444,0.2938313642406938
7.279999906259026,-0.0014445845365176346,0.4228469545771838,0.29358253205333745
7.289999906287069,-0.0014043453600802724,0.4235794472434574,0.2938311131181386
7.299999906315112,-0.001445717684217973,0.4228485719891561,0.29358296300681247
7.3099999063431556,-0.0014055880525085662,0.42357905973641263,0.29383086336971376
7.319999906371199,-0.001446844645290879,0.4228501805704025,0.29358339160535385
7.329999906399242,-0.001406823963398418,0.4235786743440784,0.29383061498417756
7.339999906427285,-0.0014479654702015399,0.4228517803930542,0.29358381786821686
7.349999906455328,-0.0014080531481495129,0.42357829104922606,0.29383036795042583
7.359999906483371,-0.0014490802086870591,0.422853371528455,0.29358424181446835
7.369999906511414,-0.0014092756612300583,0.42357790983469357,0.2938301222574357
7.3799999065394575,-0.001450188910375072,0.4228549540470878,0.29358466346289525
7.389999906567501,-0.0014104915571617749,0.423577530683616,0.2938298778943125
7.399999906595544,-0.001451291624206208,0.42285652801882023,0.29358508283214746
7.409999906623587,-0.001411700889405676,0.4235771535792844,0.2938296348503009
7.41999990665163,-0.0014523883984811636,0.42285809351269055,0.2935854999406647
7.429999906679673,-0.0014129037109680276,0.4235767785051895,0.2938293931147474
7.439999906707716,-0.0014534792810756425,0.42285965059702835,0.2935859148066719
7.449999906735759,-0.0014141000742016185,0.4235764054449237,0.2938291526770805
7.4599999067638025,-0.0014545643192158675,0.42286119933934924,0.2935863274481696
7.469999906791846,-0.0014152900309361005,0.42357603438236757,0.29382891352691914
7.479999906819889,-0.00145564355979233,0.4228627398065844,0.2935867378830505
7.489999906847932,-0.0014164736326138794,0.4235756653015034,0.2938286756539303
7.499999906875975,-0.0014567170492398862,0.4228642720648799,0.2935871461289753
7.509999906904018,-0.0014176509300034557,0.4235752981864811,0.2938284390479229
7.519999906932061,-0.0014577848334835775,0.42286579617960296,0.2935875522033506
7.5299999069601045,-0.001418821973465878,0.42357493302164634,0.2938282036987827
7.539999906988148,-0.0014588469578720176,0.4228673122156226,0.2935879561235153
7.549999907016191,-0.0014199868126421045,0.42357456979154534,0.29382796959654883
7.559999907044234,-0.0014599034672202471,0.4228688202369184,0.2935883579065495
7.569999907072277,-0.0014211454966424064,0.4235742084808008,0.2938277367313268
7.57999990710032,-0.0014609544059500656,0.4228703203068836,0.29358875756935116
7.589999907128363,-0.0014222980741784852,0.4235738490742326,0.2938275050933166
7.599999907156406,-0.0014619998181095717,0.42287181248826844,0.29358915512866807
7.6099999071844495,-0.001423444593414258,0.42357349155684876,0.29382727467285824
7.619999907212493,-0.0014630397470500878,0.4228732968431366,0.2935895506010689
7.629999907240536,-0.0014245851019913935,0.4235731359137943,0.29382704546038807
7.639999907268579,-0.0014640742358094094,0.4228747734328988,0.293589944002958
7.649999907296622,-0.0014257196470226496,0.4235727821303754,0.2938268174464361
7.659999907324665,-0.0014651033270038916,0.42287624231833065,0.293590335350536
7.669999907352708,-0.0014268482751196299,0.4235724301920432,0.29382659062160454
7.6799999073807514,-0.0014661270627411849,0.42287770355959775,0.29359072465986075
7.689999907408795,-0.0014279710325459938,0.4235720800844233,0.2938263649766308
7.699999907436838,-0.0014671454847787757,0.4228791572161932,0.2935911119467999
7.709999907464881,-0.001429087964948783,0.42357173179325003,0.2938261405023272
7.719999907492924,-0.0014681586343436859,0.42288060334701105,0.2935914972270712
7.729999907520967,-0.001430199117558928,0.4235713853043889,0.2938259171895945
7.73999990754901,-0.0014691665523105524,0.4228820420103526,0.2935918805162396
7.749999907577053,-0.001431304535018274,0.4235710406039219,0.29382569502945416
7.7599999076050965,-0.0014701692788940957,0.4228834732638829,0.2935922618297015
7.76999990763314,-0.0014324042615458943,0.4235706976779968,0.2938254740129972
7.779999907661183,-0.0014711668541804723,0.4228848971647168,0.2935926411826892
7.789999907689226,-0.0014334983410662083,0.42357035651297537,0.29382525413143096
7.799999907717269,-0.0014721593178324,0.4228863137693699,0.2935930185902878
7.809999907745312,-0.0014345868170355658,0.42357001709532166,0.2938250353760173
7.819999907773355,-0.0014731467089454942,0.42288772313376044,0.2935933940674084
7.829999907801398,-0.0014356697322184253,0.423569679411663,0.2938248177381431
7.839999907829442,-0.0014741290662780848,0.422889125313279,0.293593767628847
7.849999907857485,-0.0014367471292484613,0.4235693434487186,0.2938246012092498
7.859999907885528,-0.001475106428320494,0.42289052036270713,0.2935941392892078
7.869999907913571,-0.0014378190500814458,0.42356900919337354,0.2938243857808869
7.879999907941614,-0.001476078833021921,0.42289190833631396,0.29359450906298357
7.889999907969657,-0.0014388855364850794,0.4235686766327048,0.2938241714447242
7.8999999079977,-0.0014770463180338034,0.42289328928781145,0.29359487696450437
7.9099999080257435,-0.0014399466295753616,0.4235683457537954,0.29382395819242907
7.919999908053787,-0.0014780089206267721,0.4228946632703567,0.29359524300794426
7.92999990808183,-0.0014410023703093078,0.4235680165439399,0.2938237460158099
7.939999908109873,-0.0014789666776588994,0.4228960303365277,0.29359560720733346
7.949999908137916,-0.0014420527990415266,0.42356768899051234,0.29382353490674906
7.959999908165959,-0.0014799196255972369,0.42289739053844594,0.29359596957658735
7.969999908194002,-0.0014430979557045198,0.42356736308108894,0.2938233248572249
7.979999908222045,-0.00148086780063017,0.4228987439276525,0.293596330129448
7.9899999082500885,-0.0014441378799876503,0.42356703880327745,0.293823115859251
7.999999908278132,-0.0014818112385812654,0.4229000905552358,0.29359668887955526
8.009999908217358,-0.0014451726097564066,0.4235667161433076,0.2938229079079446
8.019999908156583,-0.0014827499724436866,0.4229014304616365,0.29359704584658913
8.029999908095808,-0.0014462021836900707,0.4235663950831552,0.29382270099573354
8.039999908035034,-0.0014836840396799111,0.4229027637070086,0.2935974010376549
8.049999907974259,-0.0014472266416554191,0.4235660756183564,0.29382249511165015
8.059999907913484,-0.001484613474886043,0.42290409034088305,0.29359775446597686
8.06999990785271,-0.001448246021665378,0.42356575773696065,0.2938222902480164
8.079999907791935,-0.0014855383125327304,0.4229054104122998,0.2935981061446217
8.08999990773116,-0.0014492603613820432,0.4235654414273224,0.2938220863972986
8.099999907670385,-0.0014864585867400137,0.4229067239698881,0.2935984560865722
8.10999990760961,-0.0014502696982654495,0.4235651266778202,0.29382188355200334
8.119999907548836,-0.001487374331184066,0.4229080310617224,0.29359880430466184
8.129999907488061,-0.0014512740691356996,0.4235648134769133,0.29382168170470047
8.139999907427287,-0.0014882855791074068,0.42290933173540435,0.29359915081158133
8.149999907366512,-0.0014522735104727236,0.4235645018131928,0.2938214808480409
8.159999907305737,-0.0014891923636637383,0.42291062603813173,0.2935994956199313
8.169999907244963,-0.0014532680583565494,0.42356419167534576,0.29382128097474586
8.179999907184188,-0.0014900947172240553,0.42291191401652506,0.29359983874214746
8.189999907123413,-0.0014542577485923136,0.423563883052206,0.2938210820776127
8.199999907062638,-0.001490992672261271,0.42291319571686575,0.29360018019057943
8.209999907001864,-0.0014552426167184773,0.42356357593272265,0.29382088414951457
8.219999906941089,-0.001491886260906794,0.4229144711849765,0.2936005199774621
8.229999906880314,-0.0014562226979744075,0.42356327030594826,0.2938206871833912
8.23999990681954,-0.0014927755149813926,0.42291574046617064,0.2936008581148627
8.249999906758765,-0.0014571980271733675,0.42356296616099925,0.29382049117222486
8.25999990669799,-0.0014936604660393815,0.4229170036053713,0.2936011946147706
8.269999906637215,-0.0014581686389327775,0.4235626634871798,0.2938202961091133
8.27999990657644,-0.0014945411453546331,0.4229182606470875,0.29360152948907325
8.289999906515666,-0.0014591345673597989,0.4235623622738043,0.2938201019871848
8.299999906454891,-0.0014954175835839578,0.4229195116353559,0.29360186274952504
8.309999906394117,-0.001460095846167908,0.42356206251035244,0.29381990879965
8.319999906333342,-0.0014962898112762524,0.4229207566137608,0.29360219440773744
8.329999906272567,-0.001461052508918037,0.4235617641863569,0.29381971653976974
8.339999906211792,-0.0014971578588340861,0.42292199562550714,0.2936025244752479
8.349999906151018,-0.0014620045886770683,0.42356146729144106,0.2938195252008776
8.359999906090243,-0.001498021756070056,0.4229232287133792,0.29360285296347316
8.369999906029468,-0.0014629521184774674,0.4235611718153963,0.2938193347763709
8.379999905968694,-0.0014988815328305094,0.42292445591976824,0.29360317988370654
8.389999905907919,-0.0014638951306706893,0.42356087774807205,0.29381914525970615
8.399999905847144,-0.0014997372184772928,0.4229256772866751,0.293603505247164
8.40999990578637,-0.0014648336576665866,0.42356058507942074,0.29381895664441243
8.419999905725595,-0.001500588842145989,0.4229268928556562,0.2936038290649369
8.42999990566482,-0.0014657677312832629,0.42356029379946347,0.2938187689240693
8.439999905604045,-0.0015014364326233487,0.4229281026679008,0.29360415134801704
8.44999990554327,-0.0014666973831207741,0.4235600038983817,0.2938185820923482
8.459999905482496,-0.0015022800185049423,0.422929306764209,0.2936044721072924
8.469999905421721,-0.0014676226444285678,0.4235597153663798,0.2938183961429302
8.479999905360946,-0.001503119628171179,0.42293050518501346,0.293604791353533
8.489999905300172,-0.0014685435464805163,0.423559428193806,0.29381821106957995
8.499999905239397,-0.001503955289675396,0.4229316979703596,0.29360510909742926
8.509999905178622,-0.0014694601197497992,0.4235591423710642,0.2938180268661373
8.519999905117848,-0.001504787030702115,0.4229328851598716,0.29360542534956063
8.529999905057073,-0.0014703723948119585,0.4235588578886457,0.2938178435264712
8.539999904996298,-0.0015056148788874513,0.4229340667928367,0.29360574012040475
8.549999904935524,-0.001471280401927011,0.4235585747371494,0.2938176610445261
8.559999904874749,-0.0015064388614742796,0.4229352429081594,0.2936060534203465
8.569999904813974,-0.0014721841708771333,0.42355829290724595,0.29381747941428155
8.5799999047532,-0.0015072590053228918,0.4229364135444146,0.2936063652596578
8.589999904692425,-0.0014730837311360823,0.42355801238972485,0.29381729862980294
8.59999990463165,-0.0015080753372871403,0.42293757873979637,0.2936066756485465
8.609999904570875,-0.001473979111979773,0.4235577331753852,0.29381711868519195
8.6199999045101,-0.0015088878838891429,0.4229387385321378,0.29360698459710366
8.629999904449326,-0.0014748703427160947,0.4235574552552225,0.29381693957460836
8.639999904388551,-0.0015096966712548898,0.42293989295892165,0.29360729211532877
8.649999904327776,-0.0014757574520376515,0.4235571786202194,0.29381676129226736
8.659999904267002,-0.0015105017255716557,0.42294104205730354,0.29360759821312643
8.669999904206227,-0.001476640468322854,0.4235569032615195,0.29381658383244313
8.679999904145452,-0.0015113030725655285,0.4229421858640999,0.29360790290032096
8.689999904084678,-0.001477519420060469,0.42355662917028203,0.2938164071894455
8.699999904023903,-0.0015121007378438023,0.4229433244158106,0.29360820618666084
8.709999903963128,-0.0014783943351353024,0.42355635633782135,0.29381623135766705
8.719999903902353,-0.001512894746655613,0.42294445774853273,0.29360850808174943
8.729999903841579,-0.0014792652414687968,0.42355608475546763,0.29381605633150626
8.739999903780804,-0.0015136851242365523,0.42294558589808506,0.29360880859515026
8.74999990372003,-0.0014801321663857614,0.42355581441462503,0.2938158821054422
8.759999903659255,-0.0015144718953998826,0.422946708899917,0.2936091077363131
8.76999990359848,-0.001480995137199459,0.423555545306827,0.29381570867401563
8.779999903537705,-0.001515255084717504,0.4229478267892423,0.2936094055146636
8.78999990347693,-0.001481854180928055,0.42355527742365545,0.29381553603180866
8.799999903416156,-0.0015160347167206822,0.422948939600865,0.2936097019394641
8.809999903355381,-0.0014827093242584244,0.4235550107567895,0.2938153641734406
8.819999903294606,-0.0015168108154224313,0.42295004736928876,0.2936099970199187
8.829999903233832,-0.0014835605936500684,0.42355474529792453,0.2938151930935839
8.839999903173057,-0.0015175834049758752,0.4229511501287367,0.2936102907651564
8.849999903112282,-0.0014844080155396178,0.42355448103888615,0.2938150227869449
8.859999903051508,-0.0015183525090336492,0.4229522479130761,0.29361058318421085
8.869999902990733,-0.0014852516158869733,0.4235542179715629,0.2938148532483069
8.879999902929958,-0.0015191181511227114,0.42295334075593277,0.2936108742860502
8.889999902869183,-0.001486091420318525,0.4235539560879029,0.29381468447248316
8.899999902808409,-0.0015198803543872152,0.4229544286905681,0.2936111640795578
8.909999902747634,-0.001486927454457776,0.42355369537992194,0.29381451645434403
8.91999990268686,-0.001520639142081892,0.42295551174997187,0.2936114525735313
8.929999902626085,-0.0014877597436540047,0.4235534358397207,0.29381434918879185
8.93999990256531,-0.001521394537200571,0.4229565899668492,0.29361173977668814
8.949999902504535,-0.0014885883132229605,0.4235531774595024,0.29381418267079007
8.95999990244376,-0.0015221465624097874,0.4229576633736138,0.29361202569768874
8.969999902382986,-0.0014894131876483918,0.42355292023145474,0.2938140168953256
8.979999902322211,-0.0015228952400558882,0.42295873200235434,0.29361231034507373
8.989999902261436,-0.0014902343919700467,0.4235526641479383,0.2938138518574388
8.999999902200662,-0.0015236405925791452,0.42295979588491694,0.29361259372734205
9.009999902139887,-0.0014910519504023334,0.4235524092013004,0.29381368755223486
9.019999902079112,-0.001524382642064337,0.42296085505285574,0.29361287585292006
9.029999902018337,-0.0014918658872837831,0.42355215538398977,0.29381352397483884
9.039999901957563,-0.00152512141035821,0.42296190953743906,0.29361315673014765
9.049999901896788,-0.0014926762265956572,0.4235519026885435,0.29381336112043355
9.059999901836013,-0.0015258569193437044,0.4229629593696664,0.2936134363672882
9.069999901775239,-0.0014934829920436599,0.4235516511074967,0.2938131989842217
9.079999901714464,-0.0015265891904387985,0.4229640045802449,0.293613714772538
9.08999990165369,-0.0014942862073961116,0.42355140063352686,0.29381303756147514
9.099999901592914,-0.0015273182450263878,0.42296504519965694,0.2936139919540239
9.10999990153214,-0.0014950858959588142,0.42355115125935194,0.2938128768474839
9.119999901471365,-0.0015280441041578552,0.4229660812580572,0.29361426791977707
9.12999990141059,-0.001495882080746025,0.4235509029777301,0.2938127168376004
9.139999901349816,-0.0015287667888637113,0.4229671127853704,0.2936145426777922
9.149999901289041,-0.0014966747848947914,0.42355065578147827,0.2938125575271975
9.159999901228266,-0.0015294863197707897,0.4229681398112305,0.29361481623597213
9.169999901167492,-0.001497464031155582,0.4235504096634644,0.29381239891168426
9.179999901106717,-0.001530202717714868,0.42296916236507365,0.2936150886021636
9.189999901045942,-0.0014982498422628776,0.4235501646167382,0.2938122409865574
9.199999900985167,-0.0015309160030221314,0.4229701804760658,0.29361535978415415
9.209999900924393,-0.0014990322402723688,0.4235499206342646,0.29381208374730217
9.219999900863618,-0.0015316261957323274,0.4229711941730519,0.2936156297896322
9.229999900802843,-0.0014998112474313707,0.42354967770914465,0.29381192718946386
9.239999900742069,-0.0015323333160524033,0.4229722034846912,0.2936158986262482
9.249999900681294,-0.0015005868858379845,0.4235494358344887,0.2938117713086222
9.25999990062052,-0.0015330373839297362,0.4229732084393689,0.2936161663015697
9.269999900559744,-0.001501359177439321,0.4235491950035408,0.29381161610040324
9.27999990049897,-0.001533738419250863,0.42297420906528455,0.29361643282311783
9.289999900438195,-0.0015021281438516443,0.4235489552095504,0.2938114615604554
9.29999990037742,-0.0015344364414706657,0.4229752053903144,0.2936166981983268
9.309999900316646,-0.001502893806377692,0.4235487164458318,0.2938113076844705
9.31999990025587,-0.0015351314699150187,0.42297619744212545,0.29361696243457513
9.329999900195096,-0.0015036561862702413,0.4235484787057436,0.29381115446817874
9.339999900134321,-0.0015358235237807882,0.4229771852481491,0.29361722553917835
9.349999900073547,-0.0015044153046579467,0.4235482419827558,0.29381100190735093
9.359999900012772,-0.0015365126221762448,0.422978168835609,0.2936174875193997
9.369999899951997,-0.001505171182238918,0.42354800627032685,0.2938108499977886
9.379999899891223,-0.0015371987838219692,0.4229791482314551,0.2936177483824204
9.389999899830448,-0.0015059238397767682,0.4235477715620046,0.2938106987353301
9.399999899769673,-0.0015378820276024108,0.42298012346244057,0.29361800813537975
9.409999899708898,-0.0015066732979587272,0.4235475378513903,0.293810548115834
9.419999899648124,-0.0015385623721504427,0.42298109455504895,0.29361826678532976
9.429999899587349,-0.0015074195770874432,0.42354730513213923,0.2938103981352244
9.439999899526574,-0.0015392398357321202,0.42298206153556506,0.29361852433930036
9.4499998994658,-0.001508162697103188,0.42354707339790915,0.2938102487894448
9.459999899405025,-0.001539914436500922,0.42298302443004276,0.29361878080423365
9.46999989934425,-0.001508902678247992,0.42354684264249537,0.2938101000744686
9.479999899283476,-0.0015405861927531017,0.42298398326434017,0.2936190361870329
9.4899998992227,-0.0015096395402811602,0.42354661285971756,0.2938099519863217
9.499999899161926,-0.0015412551224216475,0.42298493806409954,0.29361929049453483
9.509999899101151,-0.001510373302965995,0.4235463840434229,0.2938098045210379
9.519999899040377,-0.0015419212433724905,0.4229858888547161,0.2936195437335012
9.529999898979602,-0.001511103985895934,0.4235461561875305,0.2938096576746913
9.539999898918827,-0.0015425845732262022,0.4229868356613881,0.2936197959106558
9.549999898858053,-0.0015118316082964878,0.42354592928602597,0.2938095114434002
9.559999898797278,-0.0015432451294505878,0.4229877785091261,0.29362004703267813
9.569999898736503,-0.0015125561894457906,0.42354570333290587,0.2938093658233042
9.579999898675728,-0.0015439029293118356,0.42298871742264876,0.29362029710614407
9.589999898614954,-0.0015132777482540494,0.42354547832224737,0.29380922081059
9.599999898554179,-0.001544557990329487,0.4229896524266066,0.2936205461376478
9.609999898493404,-0.0015139963037482662,0.4235452542481611,0.2938090764014532
9.61999989843263,-0.0015452103295194863,0.42299058354533375,0.29362079413366476
9.629999898371855,-0.001514711874590846,0.42354503110482167,0.2938089325921506
9.63999989831108,-0.0015458599635977954,0.4229915108030058,0.2936210411006543
9.649999898250305,-0.0015154244793520455,0.4235448088864427,0.29380878937893967
9.65999989818953,-0.0015465069094553474,0.4229924342235732,0.2936212870449986
9.669999898128756,-0.0015161341363276737,0.4235445875872673,0.29380864675812673
9.679999898067981,-0.0015471511837397145,0.4229933538308116,0.2936215319730342
9.689999898007207,-0.0015168408638510655,0.4235443672016069,0.2938085047260332
9.699999897946432,-0.0015477928030165344,0.4229942696482974,0.2936217758910462
9.709999897885657,-0.0015175446800261838,0.42354414772384213,0.29380836327902843
9.719999897824882,-0.0015484317835621209,0.42299518169942235,0.29362201880528255
9.729999897764108,-0.0015182456027897917,0.42354392914835653,0.2938082224135091
9.739999897703333,-0.001549068141706078,0.4229960900073545,0.2936222607219077
9.749999897642558,-0.001518943650026916,0.42354371146960235,0.29380808212588183
9.759999897581784,-0.0015497018936154738,0.4229969945950921,0.29362250164705894
9.769999897521009,-0.0015196388392924032,0.4235434946820664,0.29380794241262037
9.779999897460234,-0.0015503330551769334,0.42299789548544514,0.2936227415868322
9.78999989739946,-0.0015203311882103776,0.4235432787802744,0.2938078032701818
9.799999897338685,-0.001550961642345916,0.42299879270102714,0.2936229805472454
9.80999989727791,-0.0015210207140807785,0.423543063758828,0.2938076646950862
9.819999897217135,-0.0015515876706846399,0.4229996862642864,0.29362321853428863
9.82999989715636,-0.0015217074341307146,0.42354284961234556,0.29380752668387144
9.839999897095586,-0.001552211155765315,0.4230005761974788,0.29362345555390235
9.849999897034811,-0.001522391365271103,0.42354263633549294,0.2938073892331063
9.859999896974037,-0.0015528321129547606,0.42300146252267323,0.29362369161196966
9.869999896913262,-0.0015230725245396481,0.42354242392299035,0.29380725233937616
9.879999896852487,-0.0015534505577627922,0.4230023452617763,0.29362392671433646
9.889999896791712,-0.0015237509287979734,0.4235422123695905,0.293807115999303
9.899999896730938,-0.0015540665052478086,0.42300322443648636,0.293624160866773
9.909999896670163,-0.0015244265947456093,0.4235420016701139,0.29380698020954643
9.919999896609388,-0.0015546799707675252,0.4230041000683879,0.2936243940750549
9.929999896548614,-0.0015250995389315403,0.42354179181934154,0.2938068449667531
9.939999896487839,-0.0015552909691360917,0.4230049721787906,0.293624626344849
9.949999896427064,-0.0015257697778201518,0.42354158281220305,0.29380671026765076
9.95999989636629,-0.001555899515292003,0.42300584078895603,0.29362485768183294
9.969999896305515,-0.0015264373276897558,0.4235413746436342,0.29380657610896876
9.97999989624474,-0.0015565056239728037,0.4230067059199062,0.29362508809162174
9.989999896183965,-0.0015271022047005367,0.42354116730858465,0.2938064424874538
9.99999989612319,-0.0015571093097541677,0.4230075675925053,0.2936253175797597
