t, Ï‰_1 
0, 0
0.010000000000000002, 0
0.02000000000000001, 0
0.03000000000000002, 0
0.04000000000000003, 0
0.05000000000000004, 0
0.060000000000000046, 0
0.07000000000000005, 0
0.08000000000000006, 0
0.09000000000000007, 0
0.10000000000000007, 0
0.11000000000000008, 0
0.12000000000000009, 0
0.1300000000000001, 0
0.1400000000000001, 0
0.1500000000000001, 0
0.16000000000000011, 0
0.17000000000000012, 0
0.18000000000000013, 0
0.19000000000000014, 0
0.20000000000000015, 0
0.21000000000000016, 0
0.22000000000000017, 0
0.23000000000000018, 0
0.24000000000000019, 0
0.25000000000000017, 0
0.2600000000000002, 0
0.2700000000000002, 0
0.2800000000000002, 0
0.2900000000000002, 0
0.3000000000000002, 0
0.3100000000000002, 0
0.32000000000000023, 0
0.33000000000000024, 0
0.34000000000000025, 0
0.35000000000000026, 0
0.36000000000000026, 0
0.3700000000000003, 0
0.3800000000000003, 0
0.3900000000000003, 0
0.4000000000000003, 0
0.4100000000000003, 0
0.4200000000000003, 0
0.4300000000000003, 0
0.44000000000000034, 0
0.45000000000000034, 0
0.46000000000000035, 0
0.47000000000000036, 0
0.48000000000000037, 0
0.4900000000000004, 0
0.5000000000000003, 0
0.5100000000000003, 0
0.5200000000000004, 0
0.5300000000000004, 0
0.5400000000000004, 0
0.5500000000000004, 0
0.5600000000000004, 0
0.5700000000000004, 0
0.5800000000000004, 0
0.5900000000000004, 0
0.6000000000000004, 0
0.6100000000000004, 0
0.6200000000000004, 0
0.6300000000000004, 0
0.6400000000000005, 0
0.6500000000000005, 0
0.6600000000000005, 0
0.6700000000000005, 0
0.6800000000000005, 0
0.6900000000000005, 0
0.7000000000000005, 0
0.7100000000000005, 0
0.7200000000000005, 0
0.7300000000000005, 0
0.7400000000000005, 0
0.7500000000000006, 0
0.7600000000000006, 0
0.7700000000000006, 0
0.7800000000000006, 0
0.7900000000000006, 0
0.8000000000000006, 0
0.8100000000000006, 0
0.8200000000000006, 0
0.8300000000000006, 0
0.8400000000000006, 0
0.8500000000000006, 0
0.8600000000000007, 0
0.8700000000000007, 0
0.8800000000000007, 0
0.8900000000000007, 0
0.9000000000000007, 0
0.9100000000000007, 0
0.9200000000000007, 0
0.9300000000000007, 0
0.9400000000000007, 0
0.9500000000000007, 0
0.9600000000000007, 0
0.9700000000000008, 0
0.9800000000000008, 0
0.9900000000000008, 0
1.0000000000000007, -1.0607038061135512
1.0099999999999996, -2.1228110998768877
1.0199999999999985, -3.1814242760715423
1.0299999999999974, -4.220974734889239
1.0399999999999963, -5.214824100442612
1.0499999999999952, -6.129982149605044
1.059999999999994, -6.935458248845977
1.069999999999993, -7.610074298632404
1.0799999999999919, -8.145749930047124
1.0899999999999908, -8.545504282843156
1.0999999999999897, -8.81848517622262
1.1099999999999886, -8.974863098958897
1.1199999999999875, -9.022147209030116
1.1299999999999863, -8.96317633590506
1.1399999999999852, -8.795512047354284
1.1499999999999841, -8.512061666559008
1.159999999999983, -8.10306666151885
1.169999999999982, -7.559693558313126
1.1799999999999808, -6.878963728645683
1.1899999999999797, -6.06852794389837
1.1999999999999786, -5.148599916760753
1.2099999999999775, -4.148874569992212
1.2199999999999764, -3.101143869206665
1.2299999999999753, -2.031379867713839
1.2399999999999742, -0.9552733819686002
1.2499999999999731, 0.11843667242087402
1.259999999999972, 1.180751553731129
1.269999999999971, 2.241967692509805
1.2799999999999698, 3.2944498658875054
1.2899999999999687, 4.32047223376752
1.2999999999999676, 5.292735141602754
1.3099999999999665, 6.179612988926606
1.3199999999999654, 6.953127142453773
1.3299999999999643, 7.595568014901445
1.3399999999999632, 8.10154388278674
1.3499999999999621, 8.475400635959442
1.359999999999961, 8.726386823871854
1.36999999999996, 8.864025975154885
1.3799999999999588, 8.894903359626491
1.3899999999999577, 8.820987332848052
1.3999999999999566, 8.639232003016314
1.4099999999999555, 8.34234585231577
1.4199999999999544, 7.920879259185912
1.4299999999999533, 7.36681073063394
1.4399999999999522, 6.678254402795209
1.449999999999951, 5.8637399829873855
1.45999999999995, 4.9435568503765515
1.469999999999949, 3.9463963483445617
1.4799999999999478, 2.9023014582449225
1.4899999999999467, 1.8355373211603898
1.4999999999999456, 0.7609108153485846
1.5099999999999445, -0.311027612485027
1.5199999999999434, -1.3724325703832105
1.5299999999999423, -2.429467687294482
1.5399999999999412, -3.4714412073963348
1.54999999999994, -4.478249825593474
1.559999999999939, -5.422016674626552
1.569999999999938, -6.272888703199117
1.5799999999999368, -7.006451682598379
1.5899999999999357, -7.608934855358922
1.5999999999999346, -8.077902056308286
1.6099999999999335, -8.41908941676972
1.6199999999999324, -8.64175988118132
1.6299999999999313, -8.754609675623335
1.6399999999999302, -8.763071231402801
1.649999999999929, -8.668005675410798
1.659999999999928, -8.465561162762082
1.6699999999999269, -8.148146106107527
1.6799999999999258, -7.7066850743158195
1.6899999999999247, -7.13425541719114
1.6999999999999236, -6.430565679733963
1.7099999999999225, -5.605630349449173
1.7199999999999214, -4.680329071778848
1.7299999999999203, -3.6825931127457134
1.7399999999999192, -2.640639257166931
1.749999999999918, -1.5767383300664162
1.759999999999917, -0.504511512589785
1.7699999999999159, 0.5609706607284639
1.7799999999999148, 1.6186732852836463
1.7899999999999137, 2.6675924052739566
1.7999999999999126, 3.6938744652955036
1.8099999999999115, 4.675214755113042
1.8199999999999104, 5.583667579383206
1.8299999999999093, 6.391803048812083
1.8399999999999082, 7.079264696094236
1.849999999999907, 7.636391226649377
1.859999999999906, 8.06360224263304
1.8699999999999048, 8.36780223591774
1.8799999999999037, 8.558034496186101
1.8899999999999026, 8.641962801722617
1.8999999999999015, 8.623696677080867
1.9099999999999004, 8.502861355556957
1.9199999999998993, 8.274734259243479
1.9299999999998982, 7.931460750786541
1.9399999999998971, 7.464515023953556
1.949999999999896, 6.868389666568173
1.959999999999895, 6.14478103486863
1.9699999999998938, 5.305535454690112
1.9799999999998927, 4.372309511614712
1.9899999999998916, 3.372276170311764
1.9999999999998905, 2.331718778158852
2.0099999999998897, 1.2708141309589123
2.0199999999998886, 0.2019994165036006
2.0299999999998875, -0.8550002718795917
2.0399999999998863, -1.9057557330611172
2.0499999999998852, -2.9419528106699473
2.059999999999884, -3.9467049866944874
2.069999999999883, -4.896030357884853
2.079999999999882, -5.762714124717472
2.089999999999881, -6.522474417771448
2.0999999999998797, -7.159339498695093
2.1099999999998786, -7.667639092725161
2.1199999999998775, -8.050280926186847
2.1299999999998764, -8.31494600401328
2.1399999999998753, -8.47015760084856
2.1499999999998742, -8.522353039758885
2.159999999999873, -8.474209663056277
2.169999999999872, -8.324079833006774
2.179999999999871, -8.066415762342329
2.18999999999987, -7.693250444052206
2.1999999999998687, -7.196870620775966
2.2099999999998676, -6.573514926333859
2.2199999999998665, -5.827158312917611
2.2299999999998654, -4.971610050580061
2.2399999999998643, -4.029242226962125
2.249999999999863, -3.026313224164821
2.259999999999862, -1.9870756008176231
2.269999999999861, -0.9296735397565167
2.27999999999986, 0.13155743631348138
2.289999999999859, 1.180494363916641
2.2999999999998577, 2.220488853314955
2.3099999999998566, 3.2387552670576443
2.3199999999998555, 4.215777298472856
2.3299999999998544, 5.126713800818712
2.3399999999998533, 5.946020507803088
2.349999999999852, 6.653189737005717
2.359999999999851, 7.2367000563049695
2.36999999999985, 7.694482353350381
2.379999999999849, 8.031384288190313
2.389999999999848, 8.255396172021978
2.3999999999998467, 8.37422130441589
2.4099999999998456, 8.392921689447789
2.4199999999998445, 8.312704569206625
2.4299999999998434, 8.130701166018723
2.4399999999998423, 7.84068256956228
2.449999999999841, 7.4348124457862985
2.45999999999984, 6.906507044551447
2.469999999999839, 6.254054783047436
2.479999999999838, 5.4838673186681195
2.489999999999837, 4.611642344281426
2.4999999999998357, 3.6602197693568868
2.5099999999998346, 2.6547139909783968
2.5199999999998335, 1.6173172211006008
2.5299999999998324, 0.5643627104747427
2.5399999999998313, -0.4860955959110215
2.54999999999983, -1.5254297767667373
2.559999999999829, -2.550283371016196
2.569999999999828, -3.545016133196941
2.579999999999827, -4.488160447043951
2.5899999999998258, -5.355019594354809
2.5999999999998247, -6.122623510080138
2.6099999999998236, -6.774624334637393
2.6199999999998225, -7.303721866095299
2.6299999999998214, -7.710850484984375
2.6399999999998203, -8.002167153680345
2.649999999999819, -8.185511228869908
2.659999999999818, -8.267516281799708
2.669999999999817, -8.251787321255216
2.679999999999816, -8.138099236884619
2.6899999999998148, -7.922495869221796
2.6999999999998137, -7.598293243442735
2.7099999999998126, -7.158091562663533
2.7199999999998115, -6.596763849506814
2.7299999999998104, -5.914877482699124
2.7399999999998093, -5.121281951785069
2.749999999999808, -4.233310312301199
2.759999999999807, -3.2739134062714133
2.769999999999806, -2.2668450456228024
2.779999999999805, -1.2323203461237182
2.7899999999998037, -0.18522502317152284
2.7999999999998026, 0.8507622166132385
2.8099999999998015, 1.8770033116868994
2.8199999999998004, 2.8819573216951606
2.8299999999997993, 3.8475724298046043
2.8399999999997982, 4.751329378918114
2.849999999999797, 5.5697123129919195
2.859999999999796, 6.283023042804975
2.869999999999795, 6.879131339500583
2.879999999999794, 7.3544584076048745
2.8899999999997927, 7.7122229386618875
2.8999999999997916, 7.959266054083135
2.9099999999997905, 8.102883521393759
2.9199999999997894, 8.148472422894141
2.9299999999997883, 8.098180135819371
2.9399999999997872, 7.950464633305911
2.949999999999786, 7.7004900613202505
2.959999999999785, 7.341403945623804
2.969999999999784, 6.866572381001976
2.979999999999783, 6.2726079547706
2.9899999999997817, 5.562460034255009
2.9999999999997806, 4.747244014498811
3.0099999999997795, 3.845537552614145
3.0199999999997784, 2.8800171937029697
3.0299999999997773, 1.8729451412487883
3.039999999999776, 0.84277849206299
3.049999999999775, -0.19372095710970832
3.059999999999774, -1.2167603816495278
3.069999999999773, -2.2259956325972405
3.079999999999772, -3.2061438750743134
3.0899999999997707, -4.137404222245636
3.0999999999997696, -4.997198173387704
3.1099999999997685, -5.764097777502327
3.1199999999997674, -6.4220743092214265
3.1299999999997663, -6.962972634703
3.139999999999765, -7.38627518634633
3.149999999999764, -7.696761020218839
3.159999999999763, -7.901412700496234
3.169999999999762, -8.006690379626647
3.179999999999761, -8.016674339765357
3.1899999999997597, -7.932122487304728
3.1999999999997586, -7.750348385553858
3.2099999999997575, -7.465890839648675
3.2199999999997564, -7.072041380436033
3.2299999999997553, -6.563245201904401
3.239999999999754, -5.938059951737596
3.249999999999753, -5.201790879487817
3.259999999999752, -4.367520890606943
3.269999999999751, -3.454630849055086
3.27999999999975, -2.485193451863407
3.2899999999997487, -1.4799681440948558
3.2999999999997476, -0.45597831839108244
3.3099999999997465, 0.5647900486321501
3.3199999999997454, 1.5731851327766426
3.3299999999997443, 2.5613611670259364
3.339999999999743, 3.51211155006014
3.349999999999742, 4.404705077057082
3.359999999999741, 5.217455908501994
3.36999999999974, 5.931673728123524
3.3799999999997388, 6.535052439191104
3.3899999999997377, 7.022916018704251
3.3999999999997366, 7.397069757600097
3.4099999999997355, 7.66318892298354
3.4199999999997344, 7.82796997159138
3.4299999999997333, 7.896857513981007
3.439999999999732, 7.872623917881106
3.449999999999731, 7.75477386433299
3.45999999999973, 7.53970053164235
3.469999999999729, 7.221602923198105
3.4799999999997278, 6.794224672862439
3.4899999999997267, 6.253343209768335
3.4999999999997256, 5.599545850971663
3.5099999999997245, 4.840319641301465
3.5199999999997234, 3.9903127250743884
3.5299999999997222, 3.0692692548372884
3.539999999999721, 2.0984300973818804
3.54999999999972, 1.0971704118412033
3.559999999999719, 0.08147791902827216
3.569999999999718, -0.9209875670335081
3.5799999999997167, -1.911458063583751
3.5899999999997156, -2.8747005559305037
3.5999999999997145, -3.792151515476966
3.6099999999997134, -4.643000245287108
3.6199999999997123, -5.407229370221528
3.6299999999997112, -6.069218357009973
3.63999999999971, -6.620143151912778
3.649999999999709, -7.0581724677936695
3.659999999999708, -7.386723597201659
3.669999999999707, -7.611822154208808
3.6799999999997057, -7.739581824524134
3.6899999999997046, -7.774356151208685
3.6999999999997035, -7.717690843909763
3.7099999999997024, -7.568021003831396
3.7199999999997013, -7.321069945828311
3.7299999999997, -6.970982434299981
3.739999999999699, -6.512222336582395
3.749999999999698, -5.9420626788337385
3.759999999999697, -5.26307940468711
3.769999999999696, -4.4846554930206795
3.7799999999996947, -3.6225678778488795
3.7899999999996936, -2.696552376345726
3.7999999999996925, -1.7269158888530924
3.8099999999996914, -0.7318674477829957
3.8199999999996903, 0.26895007080281097
3.829999999999689, 1.2561326644815305
3.839999999999688, 2.225480807831582
3.849999999999687, 3.1603853985959374
3.859999999999686, 4.041579769570308
3.869999999999685, 4.848938413877348
3.8799999999996837, 5.564636409114897
3.8899999999996826, 6.176157613396368
3.8999999999996815, 6.677724494331405
3.9099999999996804, 7.069687876132936
3.9199999999996793, 7.35646239875807
3.929999999999678, 7.544016101376052
3.939999999999677, 7.637703874790116
3.949999999999676, 7.64079623441595
3.959999999999675, 7.553743707043311
3.969999999999674, 7.3741206476693115
3.9799999999996727, 7.097233424149004
3.9899999999996716, 6.717431673823264
3.9999999999996705, 6.230103648617491
4.009999999999674, 5.634082155465462
4.019999999999677, 4.933784740776582
4.0299999999996805, 4.140143820759389
4.039999999999684, 3.2696553392906793
4.049999999999687, 2.341778289037368
4.0599999999996905, 1.3758973333624356
4.069999999999694, 0.3893240613532962
4.079999999999697, -0.5928635042761872
4.0899999999997005, -1.5621779191204077
4.099999999999704, -2.507635017253888
4.109999999999707, -3.411679583882299
4.119999999999711, -4.254991715356077
4.129999999999714, -5.0187217198523735
4.139999999999717, -5.687479655623746
4.149999999999721, -6.251635526197402
4.159999999999724, -6.707907337323076
4.169999999999727, -7.05819848048602
4.179999999999731, -7.307424218856416
4.189999999999734, -7.4612182718472795
4.199999999999737, -7.524105470562749
4.209999999999741, -7.498351157660294
4.219999999999744, -7.383482257048409
4.229999999999747, -7.176436235621194
4.239999999999751, -6.872343245950826
4.249999999999754, -6.465970062182622
4.259999999999757, -5.953747908286348
4.269999999999761, -5.336022487942811
4.279999999999764, -4.618808108657779
4.289999999999767, -3.814205355002791
4.299999999999771, -2.9390703001732033
4.309999999999774, -2.012420527099875
4.319999999999777, -1.0528167453686377
4.329999999999781, -0.07695157259833166
4.339999999999784, 0.8858245398296783
4.349999999999787, 1.8349917506383007
4.359999999999791, 2.754410357102574
4.369999999999794, 3.626051827788845
4.379999999999797, 4.43109632205824
4.389999999999801, 5.1523428159083515
4.399999999999804, 5.776837495085613
4.409999999999807, 6.2974678383836755
4.419999999999811, 6.712886704976709
4.429999999999814, 7.026017323165705
4.439999999999817, 7.24191198658155
4.449999999999821, 7.365709154017104
4.459999999999824, 7.401110328533371
4.4699999999998274, 7.349495429101715
4.479999999999831, 7.209652999310106
4.489999999999834, 6.978097231012937
4.4999999999998375, 6.649987508058625
4.509999999999841, 6.220657262188764
4.519999999999844, 5.687614560408809
4.5299999999998475, 5.052587039291945
4.539999999999851, 4.322895157577007
4.549999999999854, 3.511449235993163
4.5599999999998575, 2.6351906432585355
4.569999999999861, 1.7126257023870555
4.579999999999864, 0.7616336629856126
4.5899999999998675, -0.19718718820016257
4.599999999999871, -1.1429144618942055
4.609999999999874, -2.0701771164867457
4.6199999999998775, -2.9622513435768667
4.629999999999881, -3.8010813900345526
4.639999999999884, -4.568753053090053
4.649999999999888, -5.24987040734214
4.659999999999891, -5.833731088864301
4.669999999999894, -6.315294666617203
4.679999999999898, -6.6946286386024445
4.689999999999901, -6.9752516277459815
4.699999999999904, -7.162106858641645
4.709999999999908, -7.259768318644516
4.719999999999911, -7.2711779766856255
4.729999999999914, -7.196976851050523
4.739999999999918, -7.035402567375924
4.749999999999921, -6.782739080622526
4.759999999999924, -6.434335484731246
4.769999999999928, -5.986172744475833
4.779999999999931, -5.436788501449417
4.789999999999934, -4.789093825932667
4.799999999999938, -4.0514030039864
4.809999999999941, -3.2371166904137416
4.819999999999944, -2.3630645196990563
4.829999999999948, -1.4472378757282462
4.839999999999951, -0.5069864091605701
4.849999999999954, 0.43443329734340524
4.859999999999958, 1.361599331351524
4.869999999999961, 2.26582902156771
4.879999999999964, 3.1301208557457407
4.889999999999968, 3.9367555792299
4.899999999999971, 4.6689659722965375
4.909999999999974, 5.313140818294604
4.919999999999978, 5.860535541897071
4.929999999999981, 6.307732791511234
4.939999999999984, 6.655774135633938
4.949999999999988, 6.908459971195717
4.959999999999991, 7.07047663643506
4.969999999999994, 7.145830797081309
4.979999999999998, 7.1368024848444165
4.990000000000001, 7.043447868452769
5.000000000000004, 6.8636275342114725
5.010000000000008, 6.5935553755977425
5.020000000000011, 6.228879501231092
5.0300000000000145, 5.766245367524387
5.040000000000018, 5.205111681951022
5.050000000000021, 4.549340019691435
5.0600000000000245, 3.807938636573104
5.070000000000028, 2.9945356967419268
5.080000000000031, 2.1257206686462724
5.0900000000000345, 1.2190035866079119
5.100000000000038, 0.2913368297042706
5.110000000000041, -0.6312543709749052
5.1200000000000445, -1.538864555048185
5.130000000000048, -2.419667655291538
5.140000000000051, -3.256663118850423
5.1500000000000545, -4.032723211236135
5.160000000000058, -4.732315366291771
5.170000000000061, -5.34346026478575
5.1800000000000646, -5.859021114090172
5.190000000000068, -6.276783855632024
5.200000000000071, -6.59840628496098
5.210000000000075, -6.827750035098265
5.220000000000078, -6.969171209640789
5.230000000000081, -7.026152580911314
5.240000000000085, -7.000430116933255
5.250000000000088, -6.891628509680646
5.260000000000091, -6.697386732610401
5.270000000000095, -6.413973679134463
5.280000000000098, -6.0373961198821915
5.290000000000101, -5.5649244319420585
5.300000000000105, -4.996782257285768
5.310000000000108, -4.337529568944649
5.320000000000111, -3.596588589200626
5.330000000000115, -2.7876001066290623
5.340000000000118, -1.9268303477090216
5.350000000000121, -1.0313531484630802
5.360000000000125, -0.11782308916189414
5.370000000000128, 0.784918658814995
5.380000000000131, 1.6725479617882468
5.390000000000135, 2.5302712869641315
5.400000000000138, 3.3413085166666217
5.410000000000141, 4.089264151331975
5.420000000000145, 4.75980239167337
5.430000000000148, 5.342339780705169
5.440000000000151, 5.830985940162549
5.450000000000155, 6.224361364420522
5.460000000000158, 6.52446185989792
5.470000000000161, 6.735065165050423
5.480000000000165, 6.860177454767745
5.490000000000168, 6.902829777479329
5.500000000000171, 6.864339468534597
5.510000000000175, 6.744043868820008
5.520000000000178, 6.539492343441567
5.530000000000181, 6.247098063101474
5.540000000000185, 5.863241890108224
5.550000000000188, 5.385735919221156
5.5600000000001915, 4.815383538495957
5.570000000000195, 4.1571893554833315
5.580000000000198, 3.420736552052154
5.5900000000002015, 2.6195031425148807
5.600000000000205, 1.769374839097903
5.610000000000208, 0.8870276349485968
5.6200000000002115, -0.009692154026133977
5.630000000000215, -0.8934142731933593
5.640000000000218, -1.761197658929178
5.6500000000002215, -2.5968653459548046
5.660000000000225, -3.384004414831959
5.670000000000228, -4.10699034289252
5.6800000000002315, -4.7525562072756955
5.690000000000235, -5.311236907896918
5.700000000000238, -5.778044072615012
5.7100000000002415, -6.1521210886315645
5.720000000000245, -6.435591387175883
5.730000000000248, -6.632059766409158
5.740000000000252, -6.745197885345172
5.750000000000255, -6.777671857750537
5.760000000000258, -6.73050404374474
5.770000000000262, -6.602874131327735
5.780000000000265, -6.392349306513203
5.790000000000268, -6.095544188624084
5.800000000000272, -5.709194492036041
5.810000000000275, -5.2315422045429045
5.820000000000278, -4.6637730045259715
5.830000000000282, -4.011092371563874
5.840000000000285, -3.2830184432930194
5.850000000000288, -2.492718243029486
5.860000000000292, -1.6556481630895257
5.870000000000295, -0.7881065327995654
5.880000000000298, 0.09084270625589141
5.890000000000302, 0.956748231246517
5.900000000000305, 1.8052709827431002
5.910000000000308, 2.620398522763321
5.920000000000312, 3.38616142843052
5.930000000000315, 4.08766817933373
5.940000000000318, 4.712542597425569
5.950000000000322, 5.2521562638015284
5.960000000000325, 5.702116156625065
5.970000000000328, 6.061835085151924
5.980000000000332, 6.333409081940874
5.990000000000335, 6.520219541458301
6.000000000000338, 6.625637555948553
6.010000000000342, 6.652052596840773
6.020000000000345, 6.6003048157503486
6.030000000000348, 6.469526620208776
6.040000000000352, 6.257385959697868
6.050000000000355, 5.960730277601769
6.060000000000358, 5.576609455018608
6.070000000000362, 5.103573603349113
6.080000000000365, 4.543000388410623
6.0900000000003685, 3.900075737777282
6.100000000000372, 3.1840559768446655
6.110000000000375, 2.4076681624666763
6.1200000000003785, 1.5858880684656806
6.130000000000382, 0.734633239346568
6.140000000000385, -0.12724691760814943
6.1500000000003885, -0.9753931159577471
6.160000000000392, -1.8055657664520124
6.170000000000395, -2.6019961844519015
6.1800000000003985, -3.3491773339631337
6.190000000000402, -4.032862562156787
6.200000000000405, -4.641366989918964
6.2100000000004085, -5.166631702103148
6.220000000000412, -5.604592435295674
6.230000000000415, -5.954724841268841
6.2400000000004185, -6.218980445454488
6.250000000000422, -6.400488505652251
6.260000000000425, -6.502359295798157
6.270000000000429, -6.526787599400497
6.280000000000432, -6.4745298919951235
6.290000000000435, -6.344763117504768
6.300000000000439, -6.135319349859944
6.310000000000442, -5.843293537494982
6.320000000000445, -5.46600009965508
6.330000000000449, -5.002178900888558
6.340000000000452, -4.453226353390721
6.350000000000455, -3.824114076631012
6.360000000000459, -3.123662809029167
6.370000000000462, -2.364038925212511
6.380000000000465, -1.559674891986512
6.390000000000469, -0.7260797205236599
6.400000000000472, 0.11813903040381261
6.410000000000475, 0.94876362962609
6.420000000000479, 1.7617174138167233
6.430000000000482, 2.5415180555793366
6.440000000000485, 3.2730976744730227
6.450000000000489, 3.942736431760192
6.460000000000492, 4.539235441134575
6.470000000000495, 5.0548558682862765
6.480000000000499, 5.485626033498967
6.490000000000502, 5.830907376709508
6.500000000000505, 6.092409415024202
6.510000000000509, 6.272987761398638
6.520000000000512, 6.3755284876023905
6.530000000000515, 6.402103706929239
6.540000000000519, 6.353471306606238
6.550000000000522, 6.228930348786531
6.560000000000525, 6.026528011177083
6.570000000000529, 5.743613978186227
6.580000000000532, 5.377718312432588
6.590000000000535, 4.92766309305384
6.600000000000539, 4.394709391774746
6.610000000000542, 3.78344040518873
6.6200000000005454, 3.1020796999126183
6.630000000000549, 2.3621084525683433
6.640000000000552, 1.5773337335080064
6.6500000000005555, 0.7628025080689027
6.660000000000559, -0.06459361892712119
6.670000000000562, -0.8779588298076177
6.6800000000005655, -1.6748414592843628
6.690000000000569, -2.4400599080020373
6.700000000000572, -3.1589375671858813
6.7100000000005755, -3.818155566261692
6.720000000000579, -4.4068094030726
6.730000000000582, -4.917259853551528
6.7400000000005855, -5.3454234269034195
6.750000000000589, -5.6903937542274186
6.760000000000592, -5.953550767229328
6.7700000000005955, -6.137451991915902
6.780000000000599, -6.244783963896716
6.790000000000602, -6.277551587290616
6.800000000000606, -6.236581875513173
6.810000000000609, -6.121358622061331
6.820000000000612, -5.930185700682836
6.830000000000616, -5.6606742900402764
6.840000000000619, -5.310532383242177
6.850000000000622, -4.878579870009649
6.860000000000626, -4.365819229438723
6.870000000000629, -3.776300460752513
6.880000000000632, -3.1175052428647496
6.890000000000636, -2.4001026785243695
6.900000000000639, -1.6371730725317641
6.910000000000642, -0.8432225295360641
6.920000000000646, -0.03336277354571835
6.930000000000649, 0.7628874934935888
6.940000000000652, 1.544732230474157
6.950000000000656, 2.2972869558768476
6.960000000000659, 3.0062072443931154
6.970000000000662, 3.658453073808191
6.980000000000666, 4.24324098742817
6.990000000000669, 4.752835516047862
7.000000000000672, 5.1828573591338465
7.010000000000676, 5.531987810358808
7.020000000000679, 5.801186058713391
7.030000000000682, 5.992673933424104
7.040000000000686, 6.108944994957844
7.050000000000689, 6.151973578231957
7.060000000000692, 6.12270719529676
7.070000000000696, 6.0208656487109655
7.080000000000699, 5.845047170502137
7.090000000000702, 5.593136988948384
7.100000000000706, 5.263000240258466
7.110000000000709, 4.853397098176051
7.120000000000712, 4.364979722346605
7.130000000000716, 3.801147123677541
7.140000000000719, 3.168507033024192
7.1500000000007224, 2.4767828750194405
7.160000000000726, 1.7382041807411241
7.170000000000729, 0.9666296906662577
7.1800000000007325, 0.1767348811477224
7.190000000000736, -0.6051041574072105
7.200000000000739, -1.3726145812759223
7.2100000000007425, -2.11405321952611
7.220000000000746, -2.815351045736782
7.230000000000749, -3.4636425272454847
7.2400000000007525, -4.048122079611128
7.250000000000756, -4.560794491764372
7.260000000000759, -4.996823941811037
7.2700000000007625, -5.354342464206701
7.280000000000766, -5.63378915585678
7.290000000000769, -5.83699303137244
7.3000000000007725, -5.96623638720982
7.310000000000776, -6.023474734685032
7.320000000000779, -6.009806517934511
7.330000000000783, -5.925224942845433
7.340000000000786, -5.76865621180433
7.350000000000789, -5.538280459676127
7.360000000000793, -5.232121253561067
7.370000000000796, -4.848856068659977
7.380000000000799, -4.388736444023458
7.390000000000803, -3.8544311165560026
7.400000000000806, -3.251566330300092
7.410000000000809, -2.5887896604760177
7.420000000000813, -1.8773394459182782
7.430000000000816, -1.1302938550167614
7.440000000000819, -0.36178330109651735
7.450000000000823, 0.40503855924876525
7.460000000000826, 1.1584503466616962
7.470000000000829, 1.8898388002331006
7.480000000000833, 2.585363682128835
7.490000000000836, 3.2322519041486175
7.500000000000839, 3.8195632361399583
7.510000000000843, 4.33890832582066
7.520000000000846, 4.784851405427831
7.530000000000849, 5.154838430820777
7.540000000000853, 5.448673045846611
7.550000000000856, 5.667707731763304
7.560000000000859, 5.813964810914423
7.570000000000863, 5.889364206135742
7.580000000000866, 5.895163138963705
7.590000000000869, 5.831651660196639
7.600000000000873, 5.69811432750634
7.610000000000876, 5.493056253262377
7.620000000000879, 5.214683190310111
7.630000000000883, 4.861601320780644
7.640000000000886, 4.433652758711986
7.650000000000889, 3.9327367128629955
7.660000000000893, 3.3634185533904533
7.670000000000896, 2.733148007900726
7.680000000000899, 2.052018639639725
7.690000000000903, 1.3321671514381808
7.700000000000906, 0.5870393986452251
7.7100000000009095, -0.16496225041103763
7.720000000000913, -0.9038409236010673
7.730000000000916, -1.6255330475908583
7.7400000000009195, -2.316399283036625
7.750000000000923, -2.9637071929378633
7.760000000000926, -3.5563086950412157
7.7700000000009295, -4.085324683274511
7.780000000000933, -4.544602749218662
7.790000000000936, -4.93077307929321
7.8000000000009395, -5.242875401953224
7.810000000000943, -5.481673812174614
7.820000000000946, -5.648846522907639
7.8300000000009495, -5.74622569205264
7.840000000000953, -5.775205243732798
7.850000000000956, -5.736374799322194
7.8600000000009596, -5.629398782977135
7.870000000000963, -5.453142406921037
7.880000000000966, -5.206037731678254
7.89000000000097, -4.88666651751312
7.900000000000973, -4.494499997395867
7.910000000000976, -4.030680557630166
7.92000000000098, -3.4986790554501215
7.930000000000983, -2.9046535575148846
7.940000000000986, -2.257402971704863
7.95000000000099, -1.5679424144692733
7.960000000000993, -0.8488611298827221
7.970000000000996, -0.11367503142399395
7.980000000001, 0.6108508692280138
7.990000000001003, 1.3223381121030795
8.000000000001005, 2.008772374011597
8.010000000001, 2.6574426878952404
8.020000000000994, 3.2569613471447583
8.030000000000989, 3.797907077231925
8.040000000000983, 4.273327800143473
8.050000000000978, 4.678922792504647
8.060000000000972, 5.012831520364637
8.070000000000967, 5.275091088514502
8.080000000000961, 5.466913616716443
8.090000000000956, 5.589950825388242
8.10000000000095, 5.645674945869359
8.110000000000944, 5.634950361263267
8.120000000000939, 5.5578270586873355
8.130000000000933, 5.413563427837008
8.140000000000928, 5.200875265142291
8.150000000000922, 4.918396254352082
8.160000000000917, 4.565309909328636
8.170000000000911, 4.142069826891795
8.180000000000906, 3.6510757835579977
8.1900000000009, 3.097146623596745
8.200000000000895, 2.4876601082527565
8.210000000000889, 1.8323245950419473
8.220000000000883, 1.14267165892002
8.230000000000878, 0.4314430146020034
8.240000000000872, -0.2815408579809231
8.250000000000867, -0.9813335292737578
8.260000000000861, -1.6625582504530638
8.270000000000856, -2.312539214756218
8.28000000000085, -2.9196577115835987
8.290000000000845, -3.4739430265722446
8.30000000000084, -3.967600764859601
8.310000000000834, -4.395308464382907
8.320000000000828, -4.754170196427421
8.330000000000823, -5.043335968327187
8.340000000000817, -5.263392208991142
8.350000000000811, -5.415672992900558
8.360000000000806, -5.501627385876253
8.3700000000008, -5.52233404596459
8.380000000000795, -5.47820949464956
8.39000000000079, -5.368926682908745
8.400000000000784, -5.193545478160758
8.410000000000778, -4.950846864678489
8.420000000000773, -4.639845987991375
8.430000000000767, -4.260427968556167
8.440000000000762, -3.8140077610682086
8.450000000000756, -3.304079299445627
8.46000000000075, -2.7365181398408605
8.470000000000745, -2.11955652813255
8.48000000000074, -1.4634500090193663
8.490000000000734, -0.7799527983090476
8.500000000000728, -0.08175710048488405
8.510000000000723, 0.605163759921885
8.520000000000717, 1.2792283450404298
8.530000000000712, 1.9292731044739126
8.540000000000706, 2.5434981902649763
8.5500000000007, 3.111425924971041
8.560000000000695, 3.6244293345452907
8.57000000000069, 4.076116052225277
8.580000000000684, 4.462440566886974
8.590000000000678, 4.781499591986153
8.600000000000673, 5.033064283013772
8.610000000000667, 5.217968823218276
8.620000000000662, 5.337487740002788
8.630000000000656, 5.392807048091513
8.64000000000065, 5.384653225768945
8.650000000000645, 5.313109595796905
8.66000000000064, 5.177628923865823
8.670000000000634, 4.977239726524956
8.680000000000629, 4.710932238826945
8.690000000000623, 4.3781891085864
8.700000000000617, 3.979592793139303
8.710000000000612, 3.51740469668397
8.720000000000606, 2.9959905703268697
8.7300000000006, 2.421985872959011
8.740000000000595, 1.8041615458767342
8.75000000000059, 1.1530420977176372
8.760000000000584, 0.48039650439594356
8.770000000000579, -0.19698895379616507
8.780000000000573, -0.8606853904835412
8.790000000000568, -1.508248628395226
8.800000000000562, -2.127786280493589
8.810000000000556, -2.7084032758993613
8.820000000000551, -3.240706217190265
8.830000000000545, -3.7172409288400003
8.84000000000054, -4.132739336143346
8.850000000000534, -4.4840930236791126
8.860000000000529, -4.77005290576462
8.870000000000523, -4.990731850075523
8.880000000000518, -5.147026112840231
8.890000000000512, -5.24006716080362
8.900000000000507, -5.270784971753662
8.910000000000501, -5.239628816624004
8.920000000000496, -5.146465177387749
8.93000000000049, -4.990656981599795
8.940000000000484, -4.771318010406544
8.950000000000479, -4.487722703187921
8.960000000000473, -4.139828500344481
8.970000000000468, -3.728836294168563
8.980000000000462, -3.257685714624395
8.990000000000457, -2.7313751450081587
9.000000000000451, -2.157028066736577
9.010000000000446, -1.5436955625322477
9.02000000000044, -0.9019614308938871
9.030000000000435, -0.24346022375390078
9.040000000000429, 0.40960836066757594
9.050000000000423, 1.0507390255906113
9.060000000000418, 1.6723567405848243
9.070000000000412, 2.263282337562275
9.080000000000407, 2.81347866243227
9.090000000000401, 3.3145044772214765
9.100000000000396, 3.7598588034326093
9.11000000000039, 4.145117420459996
9.120000000000385, 4.467814566220553
9.13000000000038, 4.727096024429673
9.140000000000374, 4.923227467127285
9.150000000000368, 5.0570632158643685
9.160000000000363, 5.129568262544105
9.170000000000357, 5.141457259349893
9.180000000000351, 5.092984995362739
9.190000000000346, 4.983902136944311
9.20000000000034, 4.81357734476917
9.210000000000335, 4.581276471800919
9.22000000000033, 4.286574526696438
9.230000000000324, 3.929852839445491
9.240000000000318, 3.512805818083888
9.250000000000313, 3.038860836501797
9.260000000000307, 2.5134177411516085
9.270000000000302, 1.9438516183551424
9.280000000000296, 1.339285906927205
9.29000000000029, 0.7102045128754426
9.300000000000285, 0.06799828336891257
9.31000000000028, -0.5626495008363153
9.320000000000274, -1.1814466807014565
9.330000000000268, -1.7785371465289517
9.340000000000263, -2.343421514173765
9.350000000000257, -2.8668250602956946
9.360000000000252, -3.341094091772483
9.370000000000246, -3.7604599242239
9.38000000000024, -4.121096299494653
9.390000000000235, -4.420948126251225
9.40000000000023, -4.659371167701441
9.410000000000224, -4.836664827137847
9.420000000000218, -4.953590932210639
9.430000000000213, -5.010956316228252
9.440000000000207, -5.009310846949321
9.450000000000202, -4.948788188002901
9.460000000000196, -4.829099509208793
9.47000000000019, -4.649679136183987
9.480000000000185, -4.409970473801099
9.49000000000018, -4.109825113364793
9.500000000000174, -3.74996605371264
9.510000000000169, -3.332442080736772
9.520000000000163, -2.860985974444867
9.530000000000157, -2.3411978449772937
9.540000000000152, -1.7805124698464394
9.550000000000146, -1.1879655823683914
9.56000000000014, -0.5738231796552266
9.570000000000135, 0.04941753773986002
9.58000000000013, 0.65892668472793
9.590000000000124, 1.2563493556608247
9.600000000000119, 1.830951673776153
9.610000000000113, 2.3728437440452805
9.620000000000108, 2.8733874059171245
9.630000000000102, 3.3255394522135413
9.640000000000096, 3.7240547309171412
9.650000000000091, 4.065494039469267
9.660000000000085, 4.348029805694122
9.67000000000008, 4.571093733097607
9.680000000000074, 4.734942668082151
9.690000000000069, 4.840224185147265
9.700000000000063, 4.8876083407711866
9.710000000000058, 4.877529175456623
9.720000000000052, 4.810058835355303
9.730000000000047, 4.684922456657497
9.740000000000041, 4.501651503895853
9.750000000000036, 4.259862587261746
9.76000000000003, 3.959633816721954
9.770000000000024, 3.6019308161018273
9.780000000000019, 3.189014521642059
9.790000000000013, 2.7247529502330607
9.800000000000008, 2.2147699770466995
9.810000000000002, 1.6663990440810297
9.819999999999997, 1.0884580528318941
9.829999999999991, 0.4909017072791346
9.839999999999986, -0.11272466700183127
9.84999999999998, -0.7028919633771742
9.859999999999975, -1.2803008396655116
9.869999999999969, -1.8347227735178169
9.879999999999963, -2.356788592725187
9.889999999999958, -2.838363365811755
9.899999999999952, -3.2728465912887486
9.909999999999947, -3.655334458939284
9.919999999999941, -3.982602577843771
9.929999999999936, -4.252909923133086
9.93999999999993, -4.46566734211185
9.949999999999925, -4.621039385040112
9.95999999999992, -4.719551178144827
9.969999999999914, -4.761758484855219
9.979999999999908, -4.74801929771945
9.989999999999903, -4.6783873122481925
9.999999999999897, -4.552634418436389
10.009999999999891, -4.370399398957831
10.019999999999886, -4.131449662966753
10.02999999999988, -3.8360289100134195
10.039999999999875, -3.4852459797724933
10.04999999999987, -3.08144333197549
10.059999999999864, -2.628476210834468
10.069999999999858, -2.1318441618941772
10.079999999999853, -1.598647154691015
10.089999999999847, -1.0373797725979663
10.099999999999842, -0.4576107478913159
10.109999999999836, 0.1261106694310824
10.11999999999983, 0.6975718299580138
10.129999999999825, 1.2565071304567101
10.13999999999982, 1.7931371214438014
10.149999999999814, 2.2985182664366213
10.159999999999808, 2.7648889760193436
10.169999999999803, 3.185938778259992
10.179999999999797, 3.556947772380603
10.189999999999792, 3.8747633836546536
10.199999999999786, 4.137617745629087
10.20999999999978, 4.344825020147471
10.219999999999775, 4.496419496487952
10.22999999999977, 4.592798008219571
10.239999999999764, 4.6344188298729465
10.249999999999758, 4.621592189503573
10.259999999999753, 4.554381600694779
10.269999999999747, 4.4326230186423725
10.279999999999742, 4.256059285518242
10.289999999999736, 4.024577521986974
10.29999999999973, 3.7385245245635
10.309999999999725, 3.3990598308774764
10.31999999999972, 3.008491724591566
10.329999999999714, 2.5705351436238075
10.339999999999709, 2.090439246181109
10.349999999999703, 1.5749579539798644
10.359999999999697, 1.0321716974092727
10.369999999999692, 0.47119828288581483
10.379999999999686, -0.09530198802765216
10.38999999999968, -0.648697216817855
10.399999999999675, -1.1905709772903246
10.40999999999967, -1.7115388994420515
10.419999999999664, -2.2029979182041104
10.429999999999659, -2.6574490506910746
10.439999999999653, -3.0687464750266136
10.449999999999648, -3.432228315064288
10.459999999999642, -3.744701235627777
10.469999999999636, -4.004281475037195
10.479999999999631, -4.210125846855097
10.489999999999625, -4.362105646918447
10.49999999999962, -4.460480027326143
10.509999999999614, -4.5056165849030725
10.519999999999609, -4.497792458954269
10.529999999999603, -4.437094976244821
10.539999999999598, -4.323429431591905
10.549999999999592, -4.156632417886898
10.559999999999587, -3.9366799784528537
10.569999999999581, -3.6639686742508233
10.579999999999576, -3.339634307984434
10.58999999999957, -2.965860469265333
10.599999999999564, -2.546122929310178
10.609999999999559, -2.0853220830937538
10.619999999999553, -1.589776000577689
10.629999999999548, -1.0670758998383778
10.639999999999542, -0.5258325593135144
10.649999999999537, 0.023216989685922743
10.659999999999531, 0.5590335183926434
10.669999999999526, 1.0850298402171155
10.67999999999952, 1.592170495122013
10.689999999999515, 2.0721205553491044
10.699999999999509, 2.517550816870005
10.709999999999503, 2.9223759127556854
10.719999999999498, 3.281887267480445
10.729999999999492, 3.5927557088679354
10.739999999999487, 3.8529036392835585
10.749999999999481, 4.061273483652072
10.759999999999476, 4.217537462895663
10.76999999999947, 4.321798997898961
10.779999999999465, 4.374330054021732
10.78999999999946, 4.375376803207266
10.799999999999454, 4.325053235202747
10.809999999999448, 4.2233315208752344
10.819999999999443, 4.070129078857555
10.829999999999437, 3.865483824857498
10.839999999999431, 3.6097992610639813
10.849999999999426, 3.3041295382455314
10.85999999999942, 2.950463453345439
10.869999999999415, 2.5519599191533215
10.87999999999941, 2.1130906996713783
10.889999999999404, 1.6396614270847414
10.899999999999398, 1.1387058788630322
10.909999999999393, 0.6182725997280637
10.919999999999387, 0.08713751646208588
10.929999999999382, -0.43269139311226457
10.939999999999376, -0.9435757758116309
10.94999999999937, -1.43822650782527
10.959999999999365, -1.9085251631173172
10.96999999999936, -2.347243986449911
10.979999999999354, -2.748279637590364
10.989999999999348, -3.106795681983207
10.999999999999343, -3.4192500533625636
11.009999999999337, -3.6833036606473617
11.019999999999332, -3.8976295116927853
11.029999999999326, -4.061659424600013
11.03999999999932, -4.175312595886668
11.049999999999315, -4.238747300925631
11.05999999999931, -4.252167678330714
11.069999999999304, -4.21570634751505
11.079999999999298, -4.129393396497979
11.089999999999293, -3.9932137106390484
11.099999999999287, -3.807246724363052
11.109999999999282, -3.5718740596230663
11.119999999999276, -3.288030598592751
11.12999999999927, -2.9574645658014127
11.139999999999265, -2.5829653929875525
11.14999999999926, -2.168518607457855
11.159999999999254, -1.7193573276110723
11.169999999999249, -1.241898787815602
11.179999999999243, -0.7435756521899407
11.189999999999237, -0.23258767254065102
11.199999999999232, 0.2738324928696978
11.209999999999226, 0.7698410446032881
11.21999999999922, 1.2527365911330721
11.229999999999215, 1.7145896242548226
11.23999999999921, 2.1482320085483466
11.249999999999204, 2.5474903954187096
11.259999999999199, 2.9073424863850685
11.269999999999193, 3.2239733162947046
11.279999999999188, 3.494723804722066
11.289999999999182, 3.717943488071383
11.299999999999176, 3.8927763537527453
11.309999999999171, 4.0189178019914324
11.319999999999165, 4.096380852690643
11.32999999999916, 4.125303187809869
11.339999999999154, 4.105817159641871
11.349999999999149, 4.0379954219703045
11.359999999999143, 3.9218765588219764
11.369999999999138, 3.7575676528812747
11.379999999999132, 3.5454131055792883
11.389999999999127, 3.286210496024004
11.399999999999121, 2.9814454043173346
11.409999999999116, 2.6335101153149774
11.41999999999911, 2.245869222209277
11.429999999999104, 1.8231410767736722
11.439999999999099, 1.3710778717975172
11.449999999999093, 0.8964452261347183
11.459999999999088, 0.4068182153104278
11.469999999999082, -0.08682464713115497
11.479999999999077, -0.5675914140744686
11.489999999999071, -1.0387893043659477
11.499999999999066, -1.4926760027520205
11.50999999999906, -1.9221289344508918
11.519999999999055, -2.3208800267012
11.529999999999049, -2.6836872128673677
11.539999999999043, -3.006420905874071
11.549999999999038, -3.28605422713141
11.559999999999032, -3.520561769815501
11.569999999999027, -3.708747557342875
11.579999999999021, -3.8500334841091104
11.589999999999016, -3.9442426129229053
11.59999999999901, -3.9914081746905006
11.609999999999005, -3.9916317232667726
11.619999999999, -3.9450054242039005
11.629999999998994, -3.8516055403899125
11.639999999998988, -3.7115570880915345
11.649999999998983, -3.525162753496162
11.659999999998977, -3.2930817918248687
11.669999999998971, -3.016536832845262
11.679999999998966, -2.6975195905226705
11.68999999999896, -2.338962834049511
11.699999999998955, -1.9448481645908666
11.70999999999895, -1.5202282374402605
11.719999999998944, -1.0711563743039412
11.729999999998938, -0.6045316537833884
11.739999999998933, -0.1278785036140512
11.749999999998927, 0.3395051447949852
11.759999999998922, 0.7983716346929253
11.769999999998916, 1.2440443962578271
11.77999999999891, 1.6694588955976533
11.789999999998905, 2.068253514262537
11.7999999999989, 2.4349555552703115
11.809999999998894, 2.765097090134585
11.819999999998888, 3.0552468903356367
11.829999999998883, 3.3029568623645735
11.839999999998877, 3.506635498412246
11.849999999998872, 3.665372301384757
11.859999999998866, 3.778742883997208
11.86999999999886, 3.846624021108176
11.879999999998855, 3.869042994026291
11.88999999999885, 3.8460784855215615
11.899999999998844, 3.7778229460811588
11.909999999998838, 3.664409569527351
11.919999999998833, 3.5061006561778387
11.929999999998827, 3.303427675242334
11.939999999998822, 3.0573665261135194
11.949999999998816, 2.7695249437139577
11.95999999999881, 2.442314294695015
11.969999999998805, 2.0790772957741397
11.9799999999988, 1.6841480286616295
11.989999999998794, 1.2628308193915783
11.999999999998789, 0.8212975587428052
12.009999999998783, 0.36641484830812127
12.019999999998777, -0.09019671030356335
12.029999999998772, -0.5353385527892991
12.039999999998766, -0.9717162008047563
12.04999999999876, -1.3923648158878654
12.059999999998755, -1.7908605589870958
12.06999999999875, -2.1615182452838644
12.079999999998744, -2.499533419283219
12.089999999998739, -2.801053749010672
12.099999999998733, -3.0631730689696446
12.109999999998728, -3.283853015299425
12.119999999998722, -3.46178849403434
12.129999999998716, -3.596240926850846
12.139999999998711, -3.6868657649525716
12.149999999998705, -3.733558590713205
12.1599999999987, -3.736338924702422
12.169999999998694, -3.695284463707511
12.179999999998689, -3.6105221062853
12.189999999998683, -3.4822761411502583
12.199999999998678, -3.3109681541022726
12.209999999998672, -3.0973572416831767
12.219999999998667, -2.8427031352180947
12.229999999998661, -2.548929727009074
12.239999999998656, -2.2187638079035126
12.24999999999865, -1.8558251907046375
12.259999999998644, -1.4646505298607888
12.269999999998639, -1.0506430839065206
12.279999999998633, -0.619951751165796
12.289999999998628, -0.17929171313554537
12.299999999998622, 0.2557125651334123
12.309999999998617, 0.6808662791814877
12.319999999998611, 1.0950815742100277
12.329999999998606, 1.491935217530126
12.3399999999986, 1.8655805984032556
12.349999999998595, 2.2109106914775687
12.359999999998589, 2.523664115254765
12.369999999998583, 2.8004641599265043
12.379999999998578, 3.0387893489875584
12.389999999998572, 3.236884201750682
12.399999999998567, 3.393627499675605
12.409999999998561, 3.5083803391922674
12.419999999998556, 3.5808369180895663
12.42999999999855, 3.6108981225357555
12.439999999998545, 3.5985830271509442
12.44999999999854, 3.5439877544759915
12.459999999998534, 3.4472955441487603
12.469999999998528, 3.3088365154241157
12.479999999998522, 3.1291902910517817
12.489999999998517, 2.9093192929486267
12.499999999998511, 2.650715484462206
12.509999999998506, 2.355539583103496
12.5199999999985, 2.0267306366326765
12.529999999998495, 1.6680664490567205
12.53999999999849, 1.2841617886327805
12.549999999998484, 0.8804003232695372
12.559999999998478, 0.46280542419555915
12.569999999998473, 0.037861937196116836
12.579999999998467, -0.3734420611574085
12.589999999998462, -0.7788026035230197
12.599999999998456, -1.1718838741176494
12.60999999999845, -1.5467547074481038
12.619999999998445, -1.8980658280221863
12.62999999999844, -2.2211840702856627
12.639999999998434, -2.512271606583039
12.649999999998428, -2.7683039708098907
12.659999999998423, -2.9870287400682765
12.669999999998417, -3.166875136831595
12.679999999998412, -3.3068313248151484
12.689999999998406, -3.4063093678424403
12.6999999999984, -3.465017511557661
12.709999999998395, -3.4828564404271094
12.71999999999839, -3.459851652856293
12.729999999998384, -3.3961290929318424
12.739999999998378, -3.29193620918022
12.749999999998373, -3.1477057705545572
12.759999999998367, -2.964154970333026
12.769999999998362, -2.7424076549006777
12.779999999998356, -2.484123393645509
12.78999999999835, -2.191614457944674
12.799999999998345, -1.8679316620960746
12.80999999999834, -1.5169031348788693
12.819999999998334, -1.1431162332619451
12.829999999998329, -0.7518406814325193
12.839999999998323, -0.34889863535886495
12.849999999998317, 0.056651031375417625
12.859999999998312, 0.44990405238266445
12.869999999998306, 0.8361209188584184
12.8799999999983, 1.2093933151389638
12.889999999998295, 1.5642250555596866
12.89999999999829, 1.8956859823524848
12.909999999998284, 2.1995238331720732
12.919999999998279, 2.472224908086081
12.929999999998273, 2.7110200474629234
12.939999999998268, 2.9138395510284143
12.949999999998262, 3.079227536640651
12.959999999998256, 3.206231192261279
12.969999999998251, 3.294282477583507
12.979999999998245, 3.3430890992210096
12.98999999999824, 3.352548736286793
12.999999999998234, 3.3226964792537177
13.009999999998229, 3.25369102571203
13.019999999998223, 3.145840746089651
13.029999999998218, 2.999666378264571
13.039999999998212, 2.8159928300894954
13.049999999998207, 2.596058521427538
13.059999999998201, 2.341627363008113
13.069999999998196, 2.0550866231932114
13.07999999999819, 1.739514384063677
13.089999999998184, 1.3987034555375184
13.099999999998179, 1.0371341592006897
13.109999999998173, 0.6598951494792294
13.119999999998168, 0.27255782035648113
13.129999999998162, -0.11398798512352126
13.139999999998157, -0.48949830925943333
13.149999999998151, -0.8574830710404776
13.159999999998146, -1.2124222517797132
13.16999999999814, -1.5491965520894029
13.179999999998135, -1.863222392946256
13.189999999998129, -2.1505474621862537
13.199999999998123, -2.407899751551908
13.209999999998118, -2.632688269292364
13.219999999998112, -2.8229597267721873
13.229999999998107, -2.977321118608074
13.239999999998101, -3.094841993579957
13.249999999998096, -3.174951698454877
13.25999999999809, -3.2173460487224244
13.269999999998085, -3.2219153335725705
13.27999999999808, -3.188702043226785
13.289999999998074, -3.11789281115741
13.299999999998068, -3.00984511463646
13.309999999998062, -2.8651453813481966
13.319999999998057, -2.684691367914271
13.329999999998051, -2.4697882072253154
13.339999999998046, -2.2222448080616792
13.34999999999804, -1.9444559692636822
13.359999999998035, -1.6394562492234128
13.36999999999803, -1.3109345638065089
13.379999999998024, -0.9632033143992649
13.389999999998018, -0.6011216013708698
13.399999999998013, -0.22997750378959103
13.409999999998007, 0.13895032230768278
13.419999999998002, 0.4972034325558189
13.429999999997996, 0.8479382189613365
13.43999999999799, 1.1859837631307655
13.449999999997985, 1.5065450488138248
13.45999999999798, 1.8053231961592913
13.469999999997974, 2.0785997338500537
13.479999999997968, 2.323279317364244
13.489999999997963, 2.536889950809025
13.499999999997957, 2.717544960690021
13.509999999997952, 2.8638756211824004
13.519999999997946, 2.9749464844383655
13.52999999999794, 3.0501666411897252
13.539999999997935, 3.08920939838055
13.54999999999793, 3.0919506770127527
13.559999999997924, 3.0584333918686286
13.569999999997918, 2.9888616584259
13.579999999997913, 2.883625166400684
13.589999999997907, 2.743350593458021
13.599999999997902, 2.568973606733995
13.609999999997896, 2.361822020015235
13.61999999999789, 2.123698423175138
13.629999999997885, 1.8569495872896864
13.63999999999788, 1.5645106331150485
13.649999999997874, 1.249914497949677
13.659999999997869, 0.9172613353389606
13.669999999997863, 0.5711473585757592
13.679999999997857, 0.2165573082006123
13.689999999997852, -0.13556042494465856
13.699999999997846, -0.47708799754932985
13.70999999999784, -0.8115158253008353
13.719999999997835, -1.1339866235950196
13.72999999999783, -1.4399848097603216
13.739999999997824, -1.7254454654908444
13.749999999997819, -1.9868312910934545
13.759999999997813, -2.2211728883358512
13.769999999997808, -2.4260717359176525
13.779999999997802, -2.5996696130873067
13.789999999997796, -2.740592135182166
13.799999999997791, -2.847876739706824
13.809999999997785, -2.9208965091349324
13.81999999999778, -2.9592906697636647
13.829999999997774, -2.96291081103907
13.839999999997769, -2.9317892872976588
13.849999999997763, -2.866133295101348
13.859999999997758, -2.7663450271739576
13.869999999997752, -2.6330652361236377
13.879999999997747, -2.4672346196079378
13.889999999997741, -2.2701648581895486
13.899999999997736, -2.0436092159303167
13.90999999999773, -1.7898217543199537
13.919999999997724, -1.5115947664767175
13.929999999997719, -1.21226613590109
13.939999999997713, -0.8956917237419434
13.949999999997708, -0.5661819947387394
13.959999999997702, -0.228406133925854
13.969999999997697, 0.10701859281478114
13.979999999997691, 0.4323046258829786
13.989999999997686, 0.7512555365311272
13.99999999999768, 1.0592979299359397
14.009999999997675, 1.3521593153820974
14.019999999997669, 1.6259685464956346
14.029999999997663, 1.8773283940545349
14.039999999997658, 2.1033561159227463
14.049999999997652, 2.301691318085305
14.059999999997647, 2.4704741126864227
14.069999999997641, 2.608299913452803
14.079999999997636, 2.7141595654031616
14.08999999999763, 2.7873745413713906
14.099999999997625, 2.827536635838687
14.10999999999762, 2.8344601878318145
14.119999999997614, 2.8081527252973406
14.129999999997608, 2.7488073798008563
14.139999999997602, 2.656817718014323
14.149999999997597, 2.5328129347347783
14.159999999997591, 2.377708783503334
14.169999999997586, 2.192767361437043
14.17999999999758, 1.9796571735223851
14.189999999997575, 1.7405040948023967
14.19999999999757, 1.4779242061454103
14.209999999997564, 1.1950311114093077
14.219999999997558, 0.895413089074986
14.229999999997553, 0.5830788495729328
14.239999999997547, 0.26237416241717915
14.249999999997542, -0.05926936322550271
14.259999999997536, -0.36864641445767776
14.26999999999753, -0.6727009284510713
14.279999999997525, -0.9671226465052744
14.28999999999752, -1.2478578391886779
14.299999999997514, -1.5112029910163662
14.309999999997508, -1.7538747412648399
14.319999999997503, -1.9730522239637938
14.329999999997497, -2.1663908315049203
14.339999999997492, -2.3320095584094114
14.349999999997486, -2.4684569542424026
14.35999999999748, -2.574662841234646
14.369999999997475, -2.649884023775488
14.37999999999747, -2.6936521704433614
14.389999999997464, -2.7057310350604773
14.399999999997458, -2.6860884681671493
14.409999999997453, -2.6348865334262497
14.419999999997447, -2.552490711212388
14.429999999997442, -2.439496808140203
14.439999999997436, -2.2967719325991642
14.44999999999743, -2.125503899730097
14.459999999997425, -1.9272519041808482
14.46999999999742, -1.7039904943281488
14.479999999997414, -1.4581390222363826
14.489999999997409, -1.1925699355680823
14.499999999997403, -0.9105914272296449
14.509999999997397, -0.6159027547834134
14.519999999997392, -0.31252352905523834
14.529999999997386, -0.0047009893185340785
14.53999999999738, 0.28894252212019494
14.549999999997375, 0.5784737255332218
14.55999999999737, 0.859831606144069
14.569999999997364, 1.1291652395167509
14.579999999997359, 1.3829218054187427
14.589999999997353, 1.6179148839665345
14.599999999997348, 1.8313693066966032
14.609999999997342, 2.0209412209095188
14.619999999997336, 2.1847146555840795
14.629999999997331, 2.3211783607646264
14.639999999997325, 2.429188635341523
14.64999999999732, 2.5079249794228446
14.659999999997314, 2.556845606107514
14.669999999997309, 2.5756491975074547
14.679999999997303, 2.5642479796549074
14.689999999997298, 2.5227554453829995
14.699999999997292, 2.4514900768640717
14.709999999997287, 2.350994372229223
14.719999999997281, 2.22206649907833
14.729999999997275, 2.0658001225326688
14.73999999999727, 1.883626557318103
14.749999999997264, 1.677352568899282
14.759999999997259, 1.4491870809795404
14.769999999997253, 1.2017508394017267
14.779999999997248, 0.9380646967150006
14.789999999997242, 0.6615144112618835
14.799999999997237, 0.3757923635083012
14.809999999997231, 0.08481900605091734
14.819999999997226, -0.19593817380313844
14.82999999999722, -0.4710891788130282
14.839999999997215, -0.7396701584675138
14.849999999997209, -0.9980249153556058
14.859999999997203, -1.2427429375867607
14.869999999997198, -1.4707263898036318
14.879999999997192, -1.6792376007322052
14.889999999997187, -1.8659253198496546
14.899999999997181, -2.0288302022393827
14.909999999997176, -2.166372120609953
14.91999999999717, -2.2773236799284713
14.929999999997165, -2.36077547019003
14.939999999997159, -2.41609900927475
14.949999999997154, -2.4429130125431806
14.959999999997148, -2.441057697839803
14.969999999997142, -2.410580465781096
14.979999999997137, -2.351734661095202
14.989999999997131, -2.264991374577795
14.999999999997126, -2.151062518529584
15.00999999999712, -2.010931828824664
15.019999999997115, -1.845889155236666
15.02999999999711, -1.6575625553262974
15.039999999997104, -1.4479424562990917
15.049999999997098, -1.2193925935812449
15.059999999997093, -0.974643576038542
15.069999999997087, -0.7167666418937209
15.079999999997082, -0.44912722022063695
15.089999999997076, -0.1753200070123214
15.09999999999707, 0.09519963830227096
15.109999999997065, 0.35584024224948274
15.11999999999706, 0.6115812190354615
15.129999999997054, 0.8589618438403464
15.139999999997048, 1.0947158064603495
15.149999999997043, 1.3158365457245846
15.159999999997037, 1.5196267994894386
15.169999999997032, 1.703730313242232
15.179999999997026, 1.8661454395022823
15.18999999999702, 2.005222181884283
15.199999999997015, 2.1196458417613497
15.20999999999701, 2.20841159059049
15.219999999997004, 2.270794877384746
15.229999999996998, 2.3063225540033967
15.239999999996993, 2.3147490208651575
15.249999999996987, 2.296040682914944
15.259999999996982, 2.2503707028322997
15.269999999996976, 2.1781245832550673
15.27999999999697, 2.0799156261509104
15.289999999996965, 1.9566079217784897
15.29999999999696, 1.8093433318281447
15.309999999996954, 1.6395680788267764
15.319999999996949, 1.4490541606146785
15.329999999996943, 1.2399109676758364
15.339999999996937, 1.0145832201165452
15.349999999996932, 0.7758325969935983
15.359999999996926, 0.5267020480235154
15.36999999999692, 0.27046353780335297
15.379999999996915, 0.010551644328754965
15.38999999999691, -0.2352561516364956
15.399999999996904, -0.4778645692945571
15.409999999996899, -0.7140139510002697
15.419999999996893, -0.9405897055709506
15.429999999996888, -1.1546853008558895
15.439999999996882, -1.353652962276313
15.449999999996876, -1.5351397804942533
15.459999999996871, -1.697108361118227
15.469999999996865, -1.8378426702967408
15.47999999999686, -1.955941149179025
15.489999999996854, -2.050300300372227
15.499999999996849, -2.1200926509276665
15.509999999996843, -2.164743203572647
15.519999999996838, -2.1839082131770766
15.529999999996832, -2.1774594417470645
15.539999999996827, -2.1454760592687414
15.549999999996821, -2.0882451856737743
15.559999999996815, -2.006270823042697
15.56999999999681, -1.900289712609817
15.579999999996804, -1.7712915722670155
15.589999999996799, -1.6205403330133954
15.599999999996793, -1.4495925001860261
15.609999999996788, -1.260308701705893
15.619999999996782, -1.054854893486439
15.629999999996777, -0.8356905507445989
15.639999999996771, -0.6055423905330348
15.649999999996766, -0.3673635925932153
15.65999999999676, -0.12427993018442456
15.669999999996755, 0.11333635671325881
15.679999999996749, 0.34229397089227304
15.689999999996743, 0.5666771880571718
15.699999999996738, 0.7835358553255354
15.709999999996732, 0.9900784255847055
15.719999999996727, 1.1837225829106768
15.729999999996721, 1.3621343699814448
15.739999999996716, 1.5232545035072593
15.74999999999671, 1.6653117989370123
15.759999999996705, 1.7868248459780092
15.769999999996699, 1.8865941294306527
15.779999999996694, 1.9636875460104681
15.789999999996688, 2.0174226456163806
15.799999999996682, 2.047348902392552
15.809999999996677, 2.0532329288042472
15.819999999996671, 2.0350488552858224
15.829999999996666, 1.9929751991071805
15.83999999999666, 1.9273985344586102
15.849999999996655, 1.838923245077842
15.85999999999665, 1.7283856822388355
15.869999999996644, 1.596870254541153
15.879999999996638, 1.4457244284265178
15.889999999996633, 1.2765693947408074
15.899999999996627, 1.0913033056507218
15.909999999996622, 0.8920945140042039
15.919999999996616, 0.6813631069708512
15.92999999999661, 0.4617501192726447
15.939999999996605, 0.2360750044972322
15.9499999999966, 0.007283091343199122
15.959999999996594, -0.20735664456894978
15.969999999996588, -0.4192555271795023
15.979999999996583, -0.6256429107236433
15.989999999996577, -0.8238603868632789
15.999999999996572, -1.011411020836757
16.009999999996584, -1.1859999824708387
16.019999999996596, -1.345564969381341
16.02999999999661, -1.4882957858882364
16.03999999999662, -1.612643453662158
16.049999999996633, -1.7173201696006422
16.059999999996645, -1.8012921804892135
16.069999999996657, -1.8637681273609377
16.07999999999667, -1.9041855807047472
16.08999999999668, -1.92219834045141
16.099999999996694, -1.91766664915015
16.109999999996706, -1.890651825424293
16.11999999999672, -1.8414160429990891
16.12999999999673, -1.7704271376112475
16.139999999996743, -1.6783674988623858
16.149999999996755, -1.566145373779655
16.159999999996767, -1.434906347449124
16.16999999999678, -1.2860424396707917
16.17999999999679, -1.1211962146473757
16.189999999996804, -0.9422575650540846
16.199999999996816, -0.7513513869820241
16.20999999999683, -0.550815152210729
16.21999999999684, -0.34316631849392015
16.229999999996853, -0.13106048652658348
16.239999999996865, 0.07704662571726344
16.249999999996877, 0.2755847528741684
16.25999999999689, 0.47053662859311224
16.2699999999969, 0.6593975810261754
16.279999999996914, 0.8397796710321052
16.289999999996926, 1.00945221916172
16.29999999999694, 1.166374613482569
16.30999999999695, 1.3087203858196335
16.319999999996963, 1.4348923473395687
16.329999999996975, 1.5435293729510602
16.339999999996987, 1.6335061257281631
16.349999999997, 1.7039275379148051
16.35999999999701, 1.7541201596348197
16.369999999997024, 1.7836225279867721
16.379999999997036, 1.792176507555938
16.38999999999705, 1.7797211444206305
16.39999999999706, 1.7463900127527352
16.409999999997073, 1.692512378547256
16.419999999997085, 1.6186178245756189
16.429999999997097, 1.5254433399498935
16.43999999999711, 1.4139413399424716
16.44999999999712, 1.2852867047174579
16.459999999997134, 1.1408807565521348
16.469999999997146, 0.9823501632966812
16.47999999999716, 0.8115390653781723
16.48999999999717, 0.630493248840624
16.499999999997183, 0.4414358726824524
16.509999999997195, 0.24673502771388292
16.519999999997207, 0.04886416839953277
16.52999999999722, -0.13822905430678975
16.53999999999723, -0.3206842823378721
16.549999999997244, -0.4990260127845843
16.559999999997256, -0.6709995003414619
16.56999999999727, -0.8344649462351194
16.57999999999728, -0.9874309890506082
16.589999999997293, -1.1280815480091089
16.599999999997305, -1.2547954044290541
16.609999999997317, -1.366158549648474
16.61999999999733, -1.4609699394243703
16.62999999999734, -1.5382418076113527
16.639999999997354, -1.5971960507819638
16.649999999997366, -1.6372583662980837
16.65999999999738, -1.6580517994008992
16.66999999999739, -1.659391143492558
16.679999999997403, -1.641279273770686
16.689999999997415, -1.6039060220534231
16.699999999997427, -1.5476496711540537
16.70999999999744, -1.4730806142571593
16.71999999999745, -1.380966241623833
16.729999999997464, -1.2722757335260595
16.739999999997476, -1.1481831977210875
16.74999999999749, -1.0100675237871755
16.7599999999975, -0.8595074504293
16.769999999997513, -0.6982706496574581
16.779999999997525, -0.5282960951073175
16.789999999997537, -0.3516695518545582
16.79999999999755, -0.1705926388580766
16.80999999999756, 0.011225495381420375
16.819999999997574, 0.18007002212892131
16.829999999997586, 0.34662477054649754
16.839999999997598, 0.5087919256294079
16.84999999999761, 0.6645502535154157
16.859999999997623, 0.8119876695054621
16.869999999997635, 0.9493291019026109
16.879999999997647, 1.0749588063896702
16.88999999999766, 1.1874367700434423
16.89999999999767, 1.285509342183254
16.909999999997684, 1.368114686942152
16.919999999997696, 1.4343840206256557
16.929999999997708, 1.4836398381827256
16.93999999999772, 1.515392426372152
16.949999999997733, 1.5293359033362623
16.959999999997745, 1.5253448288309686
16.969999999997757, 1.503472123170635
16.97999999999777, 1.4639486520396199
16.98999999999778, 1.407184419858666
16.999999999997794, 1.3337709093193875
17.009999999997806, 1.2444837508951714
17.019999999997818, 1.1402846416040118
17.02999999999783, 1.0223212879618098
17.039999999997843, 0.891924144172948
17.049999999997855, 0.7505988592975036
17.059999999997867, 0.6000136261505205
17.06999999999788, 0.4419810132448928
17.07999999999789, 0.2784343184833963
17.089999999997904, 0.11139895999848787
17.099999999997916, -0.0513288461805129
17.109999999997928, -0.20484660406747657
17.11999999999794, -0.3557920790300925
17.129999999997953, -0.5022881815976028
17.139999999997965, -0.6425312806124861
17.149999999997977, -0.774818515527754
17.15999999999799, -0.8975711830099098
17.169999999998, -1.0093536095389446
17.179999999998014, -1.108887297690032
17.189999999998026, -1.1950605094990705
17.199999999998038, -1.26693378593606
17.20999999999805, -1.3237421623506453
17.219999999998063, -1.3648950005953673
17.229999999998075, -1.3899744064066222
17.239999999998087, -1.3987331356160266
17.2499999999981, -1.391092726965016
17.25999999999811, -1.3671423544559393
17.269999999998124, -1.3271385967835778
17.279999999998136, -1.271506007732102
17.289999999998148, -1.2008380728544332
17.29999999999816, -1.1158978861966147
17.309999999998173, -1.0176177042624912
17.319999999998185, -0.9070964542412996
17.329999999998197, -0.7855943020055209
17.33999999999821, -0.6545235235406561
17.34999999999822, -0.515435160025611
17.359999999998234, -0.3700012487734681
17.369999999998246, -0.21999277736744388
17.379999999998258, -0.06725386882556056
17.38999999999827, 0.07776248773185991
17.399999999998283, 0.21609800707944507
17.409999999998295, 0.35175058756203953
17.419999999998307, 0.48305232078401616
17.42999999999832, 0.6084034025326549
17.43999999999833, 0.7262950765874882
17.449999999998344, 0.8353294011717431
17.459999999998356, 0.9342354242571821
17.469999999998368, 1.021881636305612
17.47999999999838, 1.0972848450381953
17.489999999998393, 1.1596158580050653
17.499999999998405, 1.2082025410445436
17.509999999998417, 1.2425309273485186
17.51999999999843, 1.2622450748795795
17.52999999999844, 1.2671463107410492
17.539999999998454, 1.2571923697779261
17.549999999998466, 1.2324967481357698
17.559999999998478, 1.193328372565182
17.56999999999849, 1.1401114574643283
17.579999999998503, 1.0734252090693215
17.589999999998515, 0.9940028633459806
17.599999999998527, 0.9027294309170598
17.60999999999854, 0.8006374831075032
17.61999999999855, 0.6889003549194185
17.629999999998564, 0.5688222619453583
17.639999999998576, 0.44182501851960376
17.649999999998588, 0.3094312853415688
17.6599999999986, 0.1732445417845901
17.669999999998613, 0.03492624321377958
17.679999999998625, -0.09241491845382566
17.689999999998637, -0.21575860214187645
17.69999999999865, -0.3364506627151151
17.70999999999866, -0.4530217065510366
17.719999999998674, -0.5640636868000533
17.729999999998686, -0.6682491896721507
17.739999999998698, -0.7643482210959551
17.74999999999871, -0.8512421957441323
17.759999999998723, -0.9279350353954645
17.769999999998735, -0.9935614808209583
17.779999999998747, -1.0473928910784098
17.78999999999876, -1.0888409299578745
17.79999999999877, -1.1174596102469803
17.809999999998784, -1.1329461776761816
17.819999999998796, -1.135141269584116
17.829999999998808, -1.1240286862445819
17.83999999999882, -1.0997349780628976
17.849999999998833, -1.062528895582748
17.859999999998845, -1.0128205893900253
17.869999999998857, -0.951160301690157
17.87999999999887, -0.8782361772611172
17.88999999999888, -0.794870752339991
17.899999999998894, -0.7020156650800291
17.909999999998906, -0.6007441742927632
17.919999999998918, -0.4922411718740057
17.92999999999893, -0.37779052003990177
17.939999999998943, -0.2587597232766046
17.949999999998955, -0.13658213877108363
17.959999999998967, -0.01273711810761472
17.96999999999898, 0.09772302254898353
17.97999999999899, 0.20627313278375753
17.989999999999004, 0.3123109004356458
17.999999999999016, 0.41455625676821206
18.009999999999028, 0.5117830149845708
18.01999999999904, 0.602835038644953
18.029999999999053, 0.6866404962677563
18.039999999999065, 0.7622239811139823
18.049999999999077, 0.828716418469879
18.05999999999909, 0.885362819252553
18.0699999999991, 0.9315280552107041
18.079999999999114, 0.9667009165964803
18.089999999999126, 0.99049676077043
18.099999999999138, 1.0026590668691076
18.10999999999915, 1.0030601789367646
18.119999999999163, 0.9917014534072242
18.129999999999175, 0.9687129354848167
18.139999999999187, 0.9343525841385422
18.1499999999992, 0.8890049596255052
18.15999999999921, 0.833179193235632
18.169999999999224, 0.7675059876502786
18.179999999999236, 0.6927333569887455
18.189999999999248, 0.6097208140949916
18.19999999999926, 0.5194317507800286
18.209999999999273, 0.42292383221767393
18.219999999999285, 0.32133733299313183
18.229999999999297, 0.21588146939253292
18.23999999999931, 0.10781891786983826
18.24999999999932, -0.0008371604259639655
18.259999999999334, -0.09594163804356212
18.269999999999346, -0.18988135044998855
18.279999999999358, -0.2815263729890005
18.28999999999937, -0.3697783605704605
18.299999999999383, -0.45358516320795644
18.309999999999395, -0.5319542754537878
18.319999999999407, -0.6039648598767562
18.32999999999942, -0.6687781762989742
18.33999999999943, -0.7256463443680656
18.349999999999444, -0.7739194579288686
18.359999999999456, -0.8130511470655446
18.369999999999468, -0.8426027407597605
18.37999999999948, -0.8622462153570896
18.389999999999493, -0.8717661197237883
18.399999999999505, -0.8710606482455081
18.409999999999517, -0.8601419914591806
18.41999999999953, -0.8391360370982797
18.42999999999954, -0.8082814291798203
18.439999999999554, -0.767927927734419
18.449999999999566, -0.7185339550750199
18.459999999999578, -0.6606631734313134
18.46999999999959, -0.5949799190425116
18.479999999999603, -0.5222433228766596
18.489999999999615, -0.4432999788795494
18.499999999999627, -0.3590750751229358
18.50999999999964, -0.2705619768556626
18.51999999999965, -0.17881033649687228
18.529999999999664, -0.08491289577723819
18.539999999999676, 0.007866769253571774
18.549999999999688, 0.08843008579809418
18.5599999999997, 0.16792694062424932
18.569999999999713, 0.2454077292030802
18.579999999999725, 0.3199494921407499
18.589999999999737, 0.3906677859419983
18.59999999999975, 0.45672771107799526
18.60999999999976, 0.5173539086993533
18.619999999999774, 0.571839395447566
18.629999999999786, 0.6195531665077011
18.639999999999798, 0.6599465546816036
18.64999999999981, 0.6925583827006968
18.659999999999823, 0.71701898311732
18.669999999999835, 0.733053182221435
18.679999999999847, 0.7404823505112399
18.68999999999986, 0.739225613026272
18.69999999999987, 0.7293002906719563
18.709999999999884, 0.7108216122034063
18.719999999999896, 0.6840017004028001
18.729999999999908, 0.6491478002335626
18.73999999999992, 0.6066596863654815
18.749999999999932, 0.5570261668320933
18.759999999999945, 0.5008205920585633
18.769999999999957, 0.4386952860377686
18.77999999999997, 0.37137483936096555
18.78999999999998, 0.2996482407639921
18.799999999999994, 0.224359871890426
18.810000000000006, 0.1463994448685762
18.820000000000018, 0.06669101896052243
18.83000000000003, -0.010962714200071725
18.840000000000042, -0.07707396474472007
18.850000000000055, -0.14226038504287228
18.860000000000067, -0.2057478451121543
18.87000000000008, -0.2667838840228614
18.88000000000009, -0.3246471146820166
18.890000000000104, -0.37865604214053933
18.900000000000116, -0.42817716015013385
18.910000000000128, -0.47263222486468665
18.92000000000014, -0.5115046403759601
18.930000000000152, -0.5443449250663214
18.940000000000165, -0.5707752576990758
18.950000000000177, -0.5904931254618162
18.96000000000019, -0.603274111331648
18.9700000000002, -0.6089738645700719
18.980000000000214, -0.6075292962678355
18.990000000000226, -0.5989590329311327
19.000000000000238, -0.5833631471570719
19.01000000000025, -0.5609221680306856
19.020000000000262, -0.5318953577708765
19.030000000000275, -0.49661822808662226
19.040000000000287, -0.4554992620619072
19.0500000000003, -0.4090158069546859
19.06000000000031, -0.35770911106465214
19.070000000000324, -0.3021784938798989
19.080000000000336, -0.24307466220365695
19.090000000000348, -0.1810922141803304
19.10000000000036, -0.11696140568434545
19.110000000000372, -0.05143928655720669
19.120000000000385, 0.011129739573677782
19.130000000000397, 0.06286588951216565
19.14000000000041, 0.11385001653571508
19.15000000000042, 0.16347953906866775
19.160000000000434, 0.21116864037516409
19.170000000000446, 0.25635542163163505
19.180000000000458, 0.29850866502919315
19.19000000000047, 0.33713411244850094
19.200000000000482, 0.3717801833979334
19.210000000000495, 0.40204307512242693
19.220000000000507, 0.4275712065519559
19.23000000000052, 0.4480689846727132
19.24000000000053, 0.46329988584713133
19.250000000000544, 0.4730888548331887
19.260000000000556, 0.47732403045329247
19.270000000000568, 0.4759578091933059
19.28000000000058, 0.46900725705890595
19.290000000000592, 0.4565538767225785
19.300000000000605, 0.4387427325512551
19.310000000000617, 0.41578093181696285
19.32000000000063, 0.3879354575360092
19.33000000000064, 0.35553034806067174
19.340000000000654, 0.31894322157253086
19.350000000000666, 0.27860115042421635
19.360000000000678, 0.2349759008338212
19.37000000000069, 0.18857856729544814
19.380000000000702, 0.13995364736656568
19.390000000000715, 0.08967262004218766
19.400000000000727, 0.038327108338123805
19.41000000000074, -0.009194445613535773
19.42000000000075, -0.0466174041539113
19.430000000000764, -0.08348279852095326
19.440000000000776, -0.11935654344648447
19.450000000000788, -0.15381653527066488
19.4600000000008, -0.18645771337512732
19.470000000000812, -0.21689687881438477
19.480000000000825, -0.24477720777919612
19.490000000000837, -0.26977240590304763
19.50000000000085, -0.29159045849623993
19.51000000000086, -0.3099769409614067
19.520000000000874, -0.32471786235630423
19.530000000000886, -0.33564202286972594
19.540000000000898, -0.3426228725496957
19.55000000000091, -0.34557986382041367
19.560000000000922, -0.3444792941700746
19.570000000000935, -0.33933463807291514
19.580000000000947, -0.3302063690486224
19.59000000000096, -0.3172012741778218
19.60000000000097, -0.3004712648445314
19.610000000000984, -0.2802116894145631
19.620000000000996, -0.2566591563672983
19.630000000001008, -0.23008888035020025
19.64000000000102, -0.20081156884810808
19.650000000001032, -0.16916987361505806
19.660000000001045, -0.13553443850093222
19.670000000001057, -0.10029958346420444
19.68000000000107, -0.0638786729234525
19.69000000000108, -0.02669922462007543
19.700000000001094, 0.005804597281713757
19.710000000001106, 0.028961601127483715
19.720000000001118, 0.051770060661563574
19.73000000000113, 0.07396213761611801
19.740000000001142, 0.09527731249131353
19.750000000001155, 0.11546546813962323
19.760000000001167, 0.13428984055663912
19.77000000000118, 0.1515298007699321
19.78000000000119, 0.16698343487267572
19.790000000001204, 0.1804698928091926
19.800000000001216, 0.19183148032490957
19.810000000001228, 0.20093547239118575
19.82000000000124, 0.2076756302747783
19.830000000001252, 0.2119734081420454
19.840000000001265, 0.21377883860661676
19.850000000001277, 0.21307108992350166
19.86000000000129, 0.20985869061762313
19.8700000000013, 0.20417942025776561
19.880000000001314, 0.1960998679174758
19.890000000001326, 0.18571466268292647
19.900000000001338, 0.17314538345238117
19.91000000000135, 0.15853915828641818
19.920000000001362, 0.1420669667508532
19.930000000001375, 0.12392166205049766
19.940000000001387, 0.10431573324907982
19.9500000000014, 0.0834788314388218
19.96000000000141, 0.06165508725890872
19.970000000001424, 0.03910025053642374
19.980000000001436, 0.01607868589284573
19.990000000001448, -0.0028560743012608176
20.00000000000146, -0.01176772080745322
20.010000000001472, -0.020533038886165245
20.020000000001485, -0.029049273555403078
20.030000000001497, -0.03721659657887869
20.04000000000151, -0.044939278729726036
20.05000000000152, -0.052126813227860454
20.060000000001533, -0.058694977073229224
20.070000000001546, -0.06456681780176397
20.080000000001558, -0.06967355414305644
20.09000000000157, -0.07395538014028225
20.100000000001582, -0.0773621634844137
20.110000000001595, -0.0798540300971258
20.120000000001607, -0.08140182835149709
20.13000000000162, -0.08198746772945095
20.14000000000163, -0.0816041281642344
20.150000000001643, -0.0802563377910428
20.160000000001656, -0.07795991831661689
20.170000000001668, -0.07474179870771619
20.18000000000168, -0.07063969937791875
20.190000000001692, -0.06570169051126869
20.200000000001705, -0.05998562958846789
20.210000000001717, -0.05355848456425923
20.22000000000173, -0.04649555046971492
20.23000000000174, -0.03887956846544861
20.240000000001753, -0.03079975753526444
20.250000000001766, -0.02235077006755624
20.260000000001778, -0.01363158350691258
20.27000000000179, -0.004744341054334837
20.280000000001802, -0.00007548074385951373
20.290000000001815, 0.0010259380953400728
20.300000000001827, 0.0013995824205952922
20.31000000000184, 0.0010438344934254223
20.32000000000185, 0.0013867631370706908
20.330000000001863, 0.0010004497104299371
20.340000000001876, 0.0013133211095854819
20.350000000001888, 0.0008978108122974082
20.3600000000019, 0.0011820183010750373
20.370000000001912, 0.0007373747319470342
20.380000000001925, 0.0009923212055949746
20.390000000001937, 0.0012326314645562243
20.40000000000195, 0.0007445015259408098
20.41000000000196, 0.0009558781463602105
20.420000000001973, 0.0011528780444380066
20.430000000001986, 0.0013354519405195091
20.440000000001998, 0.0007893012298040887
20.45000000000201, 0.0009422997019678143
20.460000000002022, 0.0010805785201676798
20.470000000002035, 0.0012043579947002014
20.480000000002047, 0.0013137773727037658
20.49000000000206, 0.001408726071069799
20.50000000000207, 0.00077517954723763
20.510000000002083, 0.0008414496610574442
20.520000000002096, 0.0008932622209076935
20.530000000002108, 0.0009312643147180741
20.54000000000212, 0.0009550107529358331
20.550000000002132, 0.0009642233498833719
20.560000000002145, 0.0009587941826000998
20.570000000002157, 0.0009387868550661324
20.58000000000217, 0.0009044357530055508
20.59000000000218, 0.0008561432980003842
20.600000000002193, 0.0007940568019867293
20.610000000002206, 0.000717649539072679
20.620000000002218, 0.0013414818121105566
20.63000000000223, 0.001237104429691468
20.640000000002242, 0.0011184019340718064
20.650000000002255, 0.000985844504765204
20.660000000002267, 0.0008394791908861799
20.67000000000228, 0.0013926794322344264
20.68000000000229, 0.001217823395815632
20.690000000002303, 0.001029286215256843
20.700000000002316, 0.000826683377323299
20.710000000002328, 0.0013237960019941621
20.72000000000234, 0.0010934081796552413
20.730000000002352, 0.0008495419490670633
20.740000000002365, 0.0013062938356467992
20.750000000002377, 0.0010349138961006444
20.76000000000239, 0.0007494023797973546
20.7700000000024, 0.0011641768689464485
20.780000000002413, 0.0008513131596244051
20.790000000002426, 0.0012387120211479767
20.800000000002438, 0.0008981850431088189
20.81000000000245, 0.001257957478972415
20.820000000002462, 0.0008900806269206926
20.830000000002475, 0.0012222633305166563
20.840000000002487, 0.0008267128937824016
20.8500000000025, 0.0011319643600974855
20.86000000000251, 0.0014239550040848524
20.870000000002523, 0.0009878576594221805
20.880000000002536, 0.0012519290223864388
20.890000000002548, 0.0007884217276924064
20.90000000000256, 0.0010250781486231136
20.910000000002572, 0.0012482199472721616
20.920000000002585, 0.000743826542731502
20.930000000002597, 0.0009399518429947552
20.94000000000261, 0.0011225559884272729
20.95000000000262, 0.0012915075309287934
20.960000000002633, 0.0007328351948824958
20.970000000002646, 0.0008747266043648155
20.980000000002658, 0.001002857483233828
20.99000000000267, 0.0011173992570703347
21.000000000002682, 0.0012183488429893731
21.010000000002695, 0.001305946074200732
21.020000000002707, 0.0013800850901228906
21.03000000000272, 0.0007268174740531862
21.04000000000273, 0.0007743515464800634
21.050000000002743, 0.0008082141769179671
21.060000000002756, 0.0008288443017091484
21.070000000002768, 0.0008360002425956228
21.08000000000278, 0.0008295981695069749
21.090000000002792, 0.0008097130825835471
21.100000000002805, 0.000776577933392232
21.110000000002817, 0.0007297452648756084
21.12000000000283, 0.0013837637170511362
21.13000000000284, 0.0013105836151857408
21.140000000002853, 0.0012243095547677478
21.150000000002866, 0.0011246972519941992
21.160000000002878, 0.001011574482663282
21.17000000000289, 0.0008849274527528751
21.180000000002902, 0.0007449015880275341
21.190000000002915, 0.0013055492941872631
21.200000000002927, 0.0011386602197460678
21.21000000000294, 0.0009584319095144932
21.22000000000295, 0.0007652181738693991
21.230000000002963, 0.0012724400055470605
21.240000000002976, 0.0010520109227158336
21.250000000002988, 0.0008185043120312134
21.260000000003, 0.0012863970092473747
21.270000000003012, 0.0010264752892251742
21.280000000003024, 0.0007536914637489837
21.290000000003037, 0.0011814782421285465
21.30000000000305, 0.0008819264818099981
21.31000000000306, 0.0012842855510291893
21.320000000003073, 0.0009588549406692616
21.330000000003086, 0.0013353543902697973
21.340000000003098, 0.0009839679037026874
21.35000000000311, 0.0013345520849631966
21.360000000003122, 0.0009572597296823129
21.370000000003134, 0.0012822509249555089
21.380000000003147, 0.0008790578496571654
21.39000000000316, 0.0011783112182299428
21.40000000000317, 0.0007497608520880477
21.410000000003183, 0.0010226627710215807
21.420000000003196, 0.0012835843545615968
21.430000000003208, 0.0008159712464486922
21.44000000000322, 0.001051041626900141
21.450000000003232, 0.0012737992187279118
21.460000000003244, 0.0007677181753009562
21.470000000003257, 0.0009636313979950413
21.48000000000327, 0.0011482558297719366
21.49000000000328, 0.0013194286244990648
21.500000000003293, 0.0007613956835598776
21.510000000003306, 0.0009061000514949566
21.520000000003318, 0.0010401895997298573
21.53000000000333, 0.0011620934903860654
21.540000000003342, 0.0012703836386759317
21.550000000003354, 0.001363791442682175
21.560000000003367, 0.0007272226434195635
21.57000000000338, 0.0007923701633839351
21.58000000000339, 0.0008482351918280338
21.590000000003403, 0.0008941632787825322
21.600000000003416, 0.0009296163839794672
21.610000000003428, 0.000954179179907621
21.62000000000344, 0.0009675639173045491
21.630000000003452, 0.0009696137960939029
21.640000000003464, 0.0009603048022710157
21.650000000003477, 0.0009397459892224335
21.66000000000349, 0.0009081782001852379
21.6700000000035, 0.0008659712468057073
21.680000000003513, 0.0008136195768592638
21.690000000003526, 0.0007517364818742754
21.700000000003538, 0.0006810469125217857
21.71000000000355, 0.0006023789859356354
21.720000000003562, 0.0005166542844530877
21.730000000003574, 0.00042487705942390736
21.740000000003587, 0.0003281224665661969
21.7500000000036, 0.0002275239706861019
21.76000000000361, 0.00012426006731542147
21.770000000003623, 0.00001954047682068256
21.780000000003636, -0.00008540802728330693
21.790000000003648, -0.00018935598979463784
21.80000000000366, -0.0002910856766999966
21.810000000003672, -0.00038940534074090186
21.820000000003684, -0.000483163182545955
21.830000000003697, -0.0005712608437806559
21.84000000000371, -0.000652666274241844
21.85000000000372, -0.0007264258221631252
21.860000000003733, -0.0007916754060936774
21.870000000003746, -0.0008476506374751693
21.880000000003758, -0.0008936957753280122
21.89000000000377, -0.0009292714081520427
21.900000000003782, -0.0009539607730444751
21.910000000003794, -0.0009674746380083051
21.920000000003807, -0.0009696546902568641
21.93000000000382, -0.0009604753908236453
21.94000000000383, -0.0009400442737464984
21.950000000003843, -0.000908600686323771
21.960000000003856, -0.000866512985201075
21.970000000003868, -0.000814274221131999
21.98000000000388, -0.0007524963629700303
21.990000000003892, -0.000681903128553902
22.000000000003904, -0.0006033215064683743
22.010000000003917, -0.0005176720680067566
22.02000000000393, -0.00042595818282462343
22.03000000000394, -0.00032925426462409126
22.040000000003953, -0.00022869318456516724
22.050000000003966, -0.00012545299985979816
22.060000000003978, -0.00002074315301372146
22.07000000000399, 0.0000842096966033948
22.080000000004002, 0.0001881760428829626
22.090000000004014, 0.0002899379364490251
22.100000000004027, 0.0003883032527468202
22.11000000000404, 0.00048211965759610727
22.12000000000405, 0.0005702881066050027
22.130000000004063, 0.0006517757203038767
22.140000000004076, 0.0007256278841620797
22.150000000004088, 0.0007909794317480637
22.1600000000041, 0.000847064780014031
22.170000000004112, 0.0008932268979792139
22.180000000004124, 0.0009289250037400888
22.190000000004137, 0.0009537408996417752
22.20000000000415, 0.0009673838713971336
22.21000000000416, 0.0009696940937545
22.220000000004173, 0.0009606445028248182
22.230000000004186, 0.000940341113132084
22.240000000004198, 0.0009090217756679432
22.25000000000421, 0.0008670533915087952
22.260000000004222, 0.0008149276136296112
22.270000000004234, 0.0007532550872679387
22.280000000004247, 0.0006827582963168437
22.29000000000426, 0.0006042630995407146
22.30000000000427, 0.000518689055773775
22.310000000004283, 0.0004270386514352209
22.320000000004296, 0.00033038555655848527
22.330000000004308, 0.00022986204691675334
22.34000000000432, 0.00012664573958940243
22.350000000004332, 0.000021945797362687505
22.360000000004344, -0.00008301123642479076
22.370000000004357, -0.00018699580664695954
22.38000000000437, -0.0002887897504370814
22.39000000000438, -0.0003872005677773933
22.400000000004393, -0.0004810753914497756
22.410000000004406, -0.0005693144926953089
22.420000000004418, -0.0006508841643631301
22.43000000000443, -0.0007248288306276997
22.440000000004442, -0.0007902822414057203
22.450000000004454, -0.0008464776203387587
22.460000000004467, -0.0008927566474536686
22.47000000000448, -0.0009285771712750101
22.48000000000449, -0.0009535195600403214
22.490000000004503, -0.0009672916176166998
22.500000000004515, -0.0009697320065332953
22.510000000004528, -0.0009608121380201057
22.52000000000454, -0.0009406365069235387
22.530000000004552, -0.000909441467564115
22.540000000004564, -0.0008675924648860922
22.550000000004577, -0.0008155797533285693
22.56000000000459, -0.0007540126535758242
22.5700000000046, -0.0006836124144644556
22.580000000004613, -0.0006052037636695247
22.590000000004625, -0.000519705246152687
22.600000000004638, -0.0004281184635542591
22.61000000000465, -0.0003315163405892232
22.620000000004662, -0.00023103055590258573
22.630000000004674, -0.00012783828463168895
22.640000000004687, -0.000023148407984053784
22.6500000000047, 0.0000818126486191649
22.66000000000471, 0.00018581528292424378
22.670000000004723, 0.00028764112044747154
22.680000000004735, 0.00038609728754004376
22.690000000004748, 0.0004800303857188008
22.70000000000476, 0.0005683400035479856
22.710000000004772, 0.0006499916077866595
22.720000000004784, 0.0007240286627817305
22.730000000004797, 0.0007895838361301781
22.74000000000481, 0.0008458891593406524
22.75000000000482, 0.0008922850244609293
22.760000000004833, 0.0009282279112761717
22.770000000004845, 0.0009532967545604979
22.780000000004858, 0.0009671978767876148
22.79000000000487, 0.0009697684285127296
22.800000000004882, 0.0009609782961305425
22.810000000004894, 0.0009409304546489075
22.820000000004907, 0.0009098597613533241
22.83000000000492, 0.0008681302044926417
22.84000000000493, 0.0008162306392178669
22.850000000004943, 0.0007547690607225503
22.860000000004955, 0.000684465481677666
22.870000000004968, 0.0006061434974014869
22.88000000000498, 0.0005207206375705461
22.890000000004992, 0.0004291976175074079
22.900000000005004, 0.00033264661495913144
22.910000000005017, 0.00023219870970268407
22.92000000000503, 0.00012903063312459643
22.93000000000504, 0.000024350982994594918
22.940000000005053, -0.00008061393506745264
22.950000000005065, -0.00018463447357270913
22.960000000005078, -0.00028649204829187013
22.97000000000509, -0.0003849934137800162
22.980000000005102, -0.0004789846420611816
22.990000000005114, -0.0005673646407146362
23.000000000005127, -0.0006490980519986713
23.01000000000514, -0.0007232273819029925
23.02000000000515, -0.0007888842170391925
23.030000000005163, -0.0008452993979647447
23.040000000005175, -0.000891812029760352
23.050000000005188, -0.000927877224308643
23.0600000000052, -0.0009530724835682133
23.070000000005212, -0.0009671026490692803
23.080000000005224, -0.0009698033596473675
23.090000000005237, -0.0009611429769054716
23.10000000000525, -0.000941222955855796
23.11000000000526, -0.0009102766563867515
23.120000000005273, -0.0008686666094941703
23.130000000005285, -0.0008168802702880693
23.140000000005298, -0.0007555243075360892
23.15000000000531, -0.0006853174966378393
23.160000000005322, -0.000607082299286719
23.170000000005334, -0.0005217352284657051
23.180000000005347, -0.0004302761116406142
23.19000000000536, -0.00033377637794139214
23.20000000000537, -0.00023336650653908755
23.210000000005383, -0.00013022278325954326
23.220000000005395, -0.000025553520577230707
23.230000000005408, 0.00007941509757609164
23.24000000000542, 0.00018345338036466067
23.250000000005432, 0.0002853425356872344
23.260000000005444, 0.0003838889481379683
23.270000000005457, 0.00047793816202294076
23.28000000000547, 0.0005663884056287642
23.29000000000548, 0.0006482034983055165
23.300000000005493, 0.0007224249891581486
23.310000000005505, 0.0007881833851475907
23.320000000005518, 0.0008447083370604446
23.33000000000553, 0.0008913376640283364
23.340000000005542, 0.0009275251108683032
23.350000000005554, 0.000952846747371999
23.360000000005567, 0.0009670059345808292
23.37000000000558, 0.0009698367998612045
23.38000000000559, 0.0009613061800753855
23.390000000005603, 0.0009415140100812729
23.400000000005615, 0.000910692152013328
23.410000000005628, 0.0008692016790561121
23.42000000000564, 0.0008175286455299806
23.430000000005652, 0.0007562783928448644
23.440000000005664, 0.0006861684580236831
23.450000000005677, 0.0006080201678727764
23.46000000000569, 0.0005227490172686938
23.4700000000057, 0.00043135394428430753
23.480000000005713, 0.0003349056277862134
23.490000000005725, 0.00023453394460080202
23.500000000005738, 0.0001314147331844868
23.51000000000575, 0.00002675601885984971
23.520000000005762, -0.00007821613801340524
23.530000000005774, -0.00018227200514452275
23.540000000005787, -0.000284192584434694
23.5500000000058, -0.0003827838923504287
23.56000000000581, -0.00047689094725463584
23.570000000005823, -0.0005654112998352517
23.580000000005835, -0.0006473079481262029
23.590000000005848, -0.0007216214858221052
23.60000000000586, -0.0007874813415690998
23.610000000005872, -0.0008441159775697302
23.620000000005884, -0.0008908619280231716
23.630000000005897, -0.0009271715715202146
23.64000000000591, -0.000952619546338735
23.65000000000592, -0.0009669077334866764
23.660000000005933, -0.0009698687491164943
23.670000000005945, -0.0009614679053994303
23.680000000005958, -0.0009418036168881937
23.69000000000597, -0.0009111062476057727
23.700000000005982, -0.0008697354123697862
23.710000000005994, -0.0008181757639633197
23.720000000006007, -0.0007570313155072596
23.73000000000602, -0.0006870183645449108
23.74000000000603, -0.0006089571017318632
23.750000000006043, -0.0005237620024337816
23.760000000006055, -0.0004324311137945242
23.770000000006068, -0.0003360343627710251
23.78000000000608, -0.0002357010221079997
23.790000000006092, -0.0001326064810845118
23.800000000006104, -0.000027958476013632962
23.810000000006116, 0.00007701705820188705
23.82000000000613, 0.00018109034970592797
23.83000000000614, 0.00028304219627664707
23.840000000006153, 0.00038167824808916725
23.850000000006165, 0.0004758429993381594
23.860000000006178, 0.0005644333248081921
23.87000000000619, 0.0006464114028118842
23.880000000006202, 0.0007208168731076048
23.890000000006214, 0.0007867780873652504
23.900000000006226, 0.0008435223203874278
23.91000000000624, 0.0008903848224621826
23.92000000000625, 0.0009268166067976169
23.930000000006263, 0.0009523908808096775
23.940000000006275, 0.0009668080459307402
23.950000000006288, 0.0009698992073572338
23.9600000000063, 0.0009616281526233237
23.970000000006312, 0.0009420917758235978
23.980000000006324, 0.0009115189425161006
23.990000000006336, 0.0008702678085987181
24.00000000000635, 0.0008188216245730936
24.01000000000636, 0.000757783074343229
24.020000000006373, 0.0006878672148710015
24.030000000006385, 0.0006098930994004081
24.040000000006398, 0.0005247741823798028
24.05000000000641, 0.0004335076184895535
24.060000000006422, 0.0003371625811314766
24.070000000006434, 0.00023686773723344864
24.080000000006446, 0.00013379802509095999
24.09000000000646, 0.000029160890151012374
24.10000000000647, -0.00007581786002562086
24.110000000006483, -0.00017990841590905643
24.120000000006495, -0.000281891373027581
24.130000000006508, -0.00038057201710140837
24.14000000000652, -0.0004747943199339185
24.150000000006532, -0.0005634544821014251
24.160000000006544, -0.0006455138637910974
24.170000000006556, -0.0007200111523006876
24.18000000000657, -0.000786073623664401
24.19000000000658, -0.0008429273664748731
24.200000000006593, -0.0008899063481293488
24.210000000006605, -0.0009264602172949762
24.220000000006618, -0.000952160751183945
24.23000000000663, -0.0009667068721147483
24.240000000006642, -0.0009699281745859048
24.250000000006654, -0.0009617869215500013
24.260000000006666, -0.0009423784864960014
24.27000000000668, -0.0009119302361650899
24.28000000000669, -0.0008707988669850426
24.290000000006703, -0.0008194662264321025
24.300000000006715, -0.0007585336682657635
24.310000000006728, -0.0006887150077685563
24.32000000000674, -0.0006108281595137865
24.330000000006752, -0.0005257855556274038
24.340000000006764, -0.0004345834567925691
24.350000000006776, -0.00033829028121412516
24.36000000000679, -0.00023803408826773528
24.3700000000068, -0.00013498936345883325
24.380000000006813, -0.000030363259510699585
24.390000000006825, 0.00007461854524202168
24.400000000006838, 0.00017872620548525615
24.41000000000685, 0.00028074011637202126
24.420000000006862, 0.0003794652010034599
24.430000000006874, 0.00047374491056995837
24.440000000006886, 0.0005624747731370802
24.4500000000069, 0.0006446153323612273
24.46000000000691, 0.0007192043245594594
24.470000000006923, 0.0007853679514717193
24.480000000006935, 0.0008423311166680103
24.490000000006948, 0.0008894265056795118
24.50000000000696, 0.0009261024034801469
24.510000000006972, 0.0009519291577368925
24.520000000006984, 0.0009666042121155192
24.530000000006996, 0.0009699556506797966
24.54000000000701, 0.0009619442118588568
24.55000000000702, 0.0009426637483882564
24.560000000007033, 0.0009123401278414941
24.570000000007045, 0.0008713285866295033
24.580000000007058, 0.0008201095684624986
24.59000000000707, 0.0007592830960324845
24.600000000007082, 0.0006895617418439994
24.610000000007094, 0.0006117622805414346
24.620000000007106, 0.000526796120527348
24.63000000000712, 0.00043565862695640054
24.64000000000713, 0.0003394174611925022
24.650000000007143, 0.00023920007332332927
24.660000000007155, 0.0001361804942596981
24.670000000007168, 0.0000315655821473818
24.68000000000718, -0.00007341911579020423
24.690000000007192, -0.00017754372034544698
24.700000000007204, -0.00027958842817135795
24.710000000007216, -0.00037835780158795265
24.72000000000723, -0.0004726947729487187
24.73000000000724, -0.0005614941995063823
24.740000000007253, -0.0006437158099871574
24.750000000007265, -0.0007183963912040489
24.760000000007278, -0.0007846610719463563
24.77000000000729, -0.0008417335719546247
24.780000000007302, -0.0008889452959203486
24.790000000007314, -0.0009257431659708936
24.800000000007326, -0.0009516961008878409
24.81000000000734, -0.0009665000661510241
24.82000000000735, -0.0009699816356533881
24.830000000007363, -0.0009621000233611637
24.840000000007375, -0.00094294756111253
24.850000000007388, -0.0009127486169671445
24.8600000000074, -0.0008718569667706139
24.870000000007412, -0.0008207516497302967
24.880000000007424, -0.0007600313565471179
24.890000000007436, -0.0006904074158519039
24.90000000000745, -0.0006126954611054902
24.91000000000746, -0.0005278058755844824
24.920000000007473, -0.0004367331273855507
24.930000000007485, -0.0003405441193909769
24.940000000007498, -0.00024036569066784326
24.95000000000751, -0.0001373714157277347
24.960000000007522, -0.000032767856281098415
24.970000000007534, 0.0000722195734430468
24.980000000007546, 0.0001763609622348015
24.99000000000756, 0.0002784363101220433
