t, Ï‰_1, EK_1 
0, 114.6356725, 6570.668704763628 
0.1, 114.27351186109324, 6529.217756533709 
0.2, 113.91349838130479, 6488.142556733765 
0.30000000000000004, 113.555612596866, 6447.438576124756 
0.4, 113.19983527862276, 6407.101353553663 
0.5, 112.84614742850867, 6367.126494728357 
0.6, 112.49453027608173, 6327.509671018135 
0.7, 112.144965275123, 6288.246618279271 
0.7999999999999999, 111.79743410029613, 6249.333135705028 
0.8999999999999999, 111.4519186438666, 6210.76508469953 
0.9999999999999999, 111.10840101247916, 6172.53838777494 
1.0999999999999999, 110.76686352399243, 6134.649027471382 
1.2, 110.4272887043694, 6097.093045299075 
1.3, 110.08965928462291, 6059.86654070218 
1.4000000000000001, 109.75395819781455, 6022.965670043813 
1.5000000000000002, 109.42016857610629, 5986.386645611759 
1.6000000000000003, 109.08827374786361, 5950.1257346444145 
1.7000000000000004, 108.75825723480902, 5914.1792583764445 
1.8000000000000005, 108.43010274922514, 5878.543591103761 
1.9000000000000006, 108.10379419120596, 5843.215159267308 
2.0000000000000004, 107.77931564595592, 5808.1904405553 
2.1000000000000005, 107.45665138113515, 5773.465963023407 
2.2000000000000006, 107.13578584425053, 5739.038304232557 
2.3000000000000007, 106.81670366009128, 5704.904090403878 
2.400000000000001, 106.49938962820838, 5671.059995590469 
2.500000000000001, 106.18382872043681, 5637.5027408655305 
2.600000000000001, 105.87000607845997, 5604.229093526575 
2.700000000000001, 105.5579070114153, 5571.235866315299 
2.800000000000001, 105.24751699354016, 5538.519916652763 
2.9000000000000012, 104.93882166185755, 5506.078145889571 
3.0000000000000013, 104.63180681390047, 5473.907498570694 
3.1000000000000014, 104.32645840547451, 5442.004961714601 
3.2000000000000015, 104.02276254845769, 5410.3675641064065 
3.3000000000000016, 103.72070550863698, 5378.992375604699 
3.4000000000000017, 103.42027370358066, 5347.876506461769 
3.5000000000000018, 103.12145370054594, 5317.01710665692 
3.600000000000002, 102.82423221442112, 5286.411365242599 
3.700000000000002, 102.52859610570155, 5256.056509703039 
3.800000000000002, 102.23453237849893, 5225.949805325173 
3.900000000000002, 101.94202817858309, 5196.0885545815145 
4.000000000000002, 101.65107079145577, 5166.470096524776 
4.100000000000001, 101.36164764045579, 5137.091806193958 
4.200000000000001, 101.07374628489494, 5107.951094031657 
4.300000000000001, 100.7873544182241, 5079.0454053123585 
4.4, 100.50245986622892, 5050.372219581477 
4.5, 100.2190505852546, 5021.929050104911 
4.6, 99.93711466045917, 4993.713443328882 
4.699999999999999, 99.65664030409475, 4965.7229783498615 
4.799999999999999, 99.37761585381622, 4937.955266394333 
4.899999999999999, 99.100029771017, 4910.4079503082285 
4.999999999999998, 98.82387063919104, 4883.0787040557825 
5.099999999999998, 98.54912716232096, 4855.965232227653 
5.1999999999999975, 98.27578816329157, 4829.065269558079 
5.299999999999997, 98.00384258232847, 4802.37658045091 
5.399999999999997, 97.73327947546112, 4775.896958514295 
5.4999999999999964, 97.46408801301007, 4749.624226103887 
5.599999999999996, 97.1962574780979, 4723.556233874351 
5.699999999999996, 96.92977726518322, 4697.690860339015 
5.799999999999995, 96.66463687861766, 4672.026011437504 
5.899999999999995, 96.4008259312252, 4646.55962011119 
5.999999999999995, 96.13833414290345, 4621.289645886277 
6.099999999999994, 95.87715133924652, 4596.214074464391 
6.199999999999994, 95.61726745018926, 4571.330917320512 
6.299999999999994, 95.35867250867206, 4546.6382113080845 
6.399999999999993, 95.10135664932632, 4522.134018271182 
6.499999999999993, 94.84531010717987, 4497.816424663558 
6.5999999999999925, 94.5905232163823, 4473.683541174479 
6.699999999999992, 94.33698640894946, 4449.733502361158 
6.799999999999992, 94.08469021352717, 4425.964466287687 
6.8999999999999915, 93.83362525417347, 4402.3746141703305 
6.999999999999991, 93.58378224915944, 4378.962150029045 
7.099999999999991, 93.33515200978793, 4355.725300345111 
7.19999999999999, 93.08772543923007, 4332.662313724741 
7.29999999999999, 92.84149353137913, 4309.771460568556 
7.39999999999999, 92.59644736972167, 4287.051032746818 
7.499999999999989, 92.35257812622538, 4264.499343280281 
7.599999999999989, 92.10987706024346, 4242.1147260265825 
7.699999999999989, 91.86833551743528, 4219.89553537203 
7.799999999999988, 91.62794492870302, 4197.840145928716 
7.899999999999988, 91.38869680914392, 4175.946952236816 
7.999999999999988, 91.15058275701806, 4154.214368471999 
8.099999999999987, 90.9135944527312, 4132.640828157839 
8.199999999999987, 90.67772365783263, 4111.22478388313 
8.299999999999986, 90.4429622140275, 4089.9647070240035 
8.399999999999986, 90.20930204220366, 4068.8590874707647 
8.499999999999986, 89.97673514147267, 4047.906433359362 
8.599999999999985, 89.74525358822464, 4027.105270807374 
8.699999999999985, 89.51484953519682, 4006.4541436544628 
8.799999999999985, 89.28551521055552, 3985.9516132071703 
8.899999999999984, 89.05724291699138, 3965.596257988006 
8.999999999999984, 88.8300250308276, 3945.386673488729 
9.099999999999984, 88.60385400114089, 3925.3214719277453 
9.199999999999983, 88.37872234889501, 3905.3992820115373 
9.299999999999983, 88.15462266608681, 3885.618748700073 
9.399999999999983, 87.93154761490415, 3865.9785329760775 
9.499999999999982, 87.709489926896, 3846.4773116181354 
9.599999999999982, 87.48844240215418, 3827.1137769775246 
9.699999999999982, 87.26839790850674, 3807.886636758732 
9.799999999999981, 87.04934938072265, 3788.794613803559 
9.89999999999998, 86.83128981972763, 3769.8364458787673 
9.99999999999998, 86.61421229183111, 3751.0108854671935 
10.09999999999998, 86.3981099279639, 3732.3166995622673 
10.19999999999998, 86.18297592292657, 3713.752669465871 
10.29999999999998, 85.96880353464825, 3695.317590589474 
10.399999999999979, 85.75558608345571, 3677.0102722584916 
10.499999999999979, 85.54331695135272, 3658.829537519795 
10.599999999999978, 85.3319895813092, 3640.774222952331 
10.699999999999978, 85.12159747656027, 3622.843178480776 
10.799999999999978, 84.91213419991497, 3605.035267192185 
10.899999999999977, 84.70359337307441, 3587.3493651555677 
10.999999999999977, 84.49596867595935, 3569.7843612443517 
11.099999999999977, 84.28925384604689, 3552.339156961665 
11.199999999999976, 84.08344267771628, 3535.0126662683997 
11.299999999999976, 83.87852902160357, 3517.8038154139963 
11.399999999999975, 83.67450678396513, 3500.711542769913 
11.499999999999975, 83.47136992604965, 3483.734798665713 
11.599999999999975, 83.26911246347878, 3466.872545227738 
11.699999999999974, 83.06772846563597, 3450.1237562203137 
11.799999999999974, 82.86721205506376, 3433.487416889452 
11.899999999999974, 82.66755740686887, 3416.9625238089798 
11.999999999999973, 82.46875874813556, 3400.5480847290924 
12.099999999999973, 82.27081035734659, 3384.2431184272436 
12.199999999999973, 82.07370656381205, 3368.0466545613626 
12.299999999999972, 81.87744174710576, 3351.957733525349 
12.399999999999972, 81.68201033650915, 3335.975406306794 
12.499999999999972, 81.48740681046246, 3320.098734346902 
12.599999999999971, 81.29362569602328, 3304.3267894025685 
12.69999999999997, 81.10066156833224, 3288.6586534105813 
12.79999999999997, 80.90850905008556, 3273.093418353888 
12.89999999999997, 80.71716281101483, 3257.630186129938 
12.99999999999997, 80.5266175673733, 3242.2680684209963 
13.09999999999997, 80.33686808142909, 3227.0061865664698 
13.199999999999969, 80.14790916096494, 3211.843671437144 
13.299999999999969, 79.9597356587845, 3196.779663311346 
13.399999999999968, 79.77234247222496, 3181.8133117529733 
13.499999999999968, 79.58572454267616, 3166.9437754913633 
13.599999999999968, 79.3998768551057, 3152.170222302975 
13.699999999999967, 79.21479443759043, 3137.491828894854 
13.799999999999967, 79.03047236085368, 3122.907780789829 
13.899999999999967, 78.84690573780877, 3108.417272213451 
13.999999999999966, 78.6640897231081, 3094.019505982601 
14.099999999999966, 78.4820195126982, 3079.7136933957704 
14.199999999999966, 78.30069034338031, 3065.4990541249654 
14.299999999999965, 78.12009749237664, 3051.3748161092158 
14.399999999999965, 77.94023627690218, 3037.3402154496694 
14.499999999999964, 77.7611020537419, 3023.394496306231 
14.599999999999964, 77.58269021883324, 3009.5369107957213 
14.699999999999964, 77.40499620685402, 2995.766718891543 
14.799999999999963, 77.22801549081545, 2982.0831883248156 
14.899999999999963, 77.05174358166022, 2968.4855944869582 
14.999999999999963, 76.87617602786581, 2954.973220333705 
15.099999999999962, 76.70130841505252, 2941.5453562905036 
15.199999999999962, 76.52713636559668, 2928.2013001593145 
15.299999999999962, 76.35365553824843, 2914.9403570267477 
15.399999999999961, 76.18086162775447, 2901.7618391735364 
15.499999999999961, 76.00875036448528, 2888.665065985321 
15.59999999999996, 75.83731751406724, 2875.649363864725 
15.69999999999996, 75.66655887701903, 2862.7140661446933 
15.79999999999996, 75.49647028839274, 2849.858513003084 
15.89999999999996, 75.32704761741918, 2837.0820513784683 
15.99999999999996, 75.15828676715778, 2824.3840348871618 
16.09999999999996, 74.99018367415061, 2811.7638237414226 
16.19999999999996, 74.82273430808081, 2799.2207846688266 
16.29999999999996, 74.65593467143496, 2786.7542908327823 
16.399999999999963, 74.48978079916984, 2774.3637217541855 
16.499999999999964, 74.32426875838297, 2762.0484632341713 
16.599999999999966, 74.15939464798744, 2749.807907277974 
16.699999999999967, 73.99515459839044, 2737.641452019851 
16.79999999999997, 73.8315447711758, 2725.5485016490684 
16.89999999999997, 73.66856135879038, 2713.528466336932 
16.99999999999997, 73.50620058423415, 2701.5807621648323 
17.099999999999973, 73.34445870075402, 2689.704811053306 
17.199999999999974, 73.18333199154145, 2677.9000406920873 
17.299999999999976, 73.0228167694336, 2666.165884471137 
17.399999999999977, 72.86290937661798, 2654.501781412622 
17.49999999999998, 72.7036061843408, 2642.907176103859 
17.59999999999998, 72.54490359261861, 2631.3815186311645 
17.69999999999998, 72.38679802995351, 2619.9242645146405 
17.799999999999983, 72.22928595305166, 2608.5348746438526 
17.899999999999984, 72.0723638465451, 2597.2128152143905 
17.999999999999986, 71.916028222717, 2585.957557665314 
18.099999999999987, 71.76027562122994, 2574.768578617444 
18.19999999999999, 71.60510260885755, 2563.645359812509 
18.29999999999999, 71.45050577921927, 2552.587388053123 
18.39999999999999, 71.29648175251812, 2541.5941551435744 
18.499999999999993, 71.1430271752817, 2530.6651578314354 
18.599999999999994, 70.99013872010603, 2519.7998977499487 
18.699999999999996, 70.83781308540259, 2508.997881361217 
18.799999999999997, 70.68604699514808, 2498.258619900141 
18.9, 70.53483719863723, 2487.5816293191297 
19, 70.3841804702385, 2476.966430233552 
19.1, 70.23407360915239, 2466.412547867918 
19.200000000000003, 70.08451343917282, 2455.919512002798 
19.300000000000004, 69.93549680845108, 2445.4868569224354 
19.400000000000006, 69.7870205892625, 2435.114121363074 
19.500000000000007, 69.63908167777589, 2424.800848461971 
19.60000000000001, 69.49167699382556, 2414.5465857070926 
19.70000000000001, 69.34480348068595, 2404.3508848874776 
19.80000000000001, 69.19845810484877, 2394.213302044255 
19.900000000000013, 69.05263785580287, 2384.13339742233 
20.000000000000014, 68.9073397458164, 2374.1107354226842 
20.100000000000016, 68.7625608097215, 2364.144884555324 
20.200000000000017, 68.61829810470155, 2354.2354173928443 
20.30000000000002, 68.4745487100806, 2344.3819105246002 
20.40000000000002, 68.33130972711542, 2334.5839445114893 
20.50000000000002, 68.18857827878973, 2324.8411038413174 
20.600000000000023, 68.04635150961077, 2315.152976884754 
20.700000000000024, 67.90462658540814, 2305.519155851859 
20.800000000000026, 67.76340069313501, 2295.939236749185 
20.900000000000027, 67.62267104067139, 2286.4128193374286 
21.00000000000003, 67.48243485662971, 2276.939507089636 
21.10000000000003, 67.34268939016246, 2267.51890714995 
21.20000000000003, 67.2034319107721, 2258.1506302928906 
21.300000000000033, 67.06465970812292, 2248.834290883163 
21.400000000000034, 66.92637009185518, 2239.5695068359837 
21.500000000000036, 66.78856039140108, 2230.3558995779144 
21.600000000000037, 66.65122795580294, 2221.1930940082034 
21.70000000000004, 66.51437015353332, 2212.080718460622 
21.80000000000004, 66.37798437231706, 2203.0184046657837 
21.90000000000004, 66.24206801895537, 2194.0057877139548 
22.000000000000043, 66.10661851915178, 2185.0425060183306 
22.100000000000044, 65.97163331734005, 2176.128201278786 
22.200000000000045, 65.83710987651381, 2167.262518446076 
22.300000000000047, 65.7030456780583, 2158.4451056865078 
22.40000000000005, 65.56943822158374, 2149.6756143470434 
22.50000000000005, 65.43628502476056, 2140.953698920852 
22.60000000000005, 65.30358362315647, 2132.279017013295 
22.700000000000053, 65.17133157007518, 2123.651229308339 
22.800000000000054, 65.03952643639703, 2115.069999535394 
22.900000000000055, 64.9081658104211, 2106.534994436559 
23.000000000000057, 64.77724729770928, 2098.045883734292 
23.10000000000006, 64.64676852093184, 2089.6023400994723 
23.20000000000006, 64.51672711971467, 2081.2040391198634 
23.30000000000006, 64.38712075048826, 2072.8506592689782 
23.400000000000063, 64.25794708633813, 2064.541881875316 
23.500000000000064, 64.129203816857, 2056.277391091993 
23.600000000000065, 64.00088864799842, 2048.0568738667466 
23.700000000000067, 63.872999301932126, 2039.880019912311 
23.800000000000068, 63.745533516900664, 2031.746521677153 
23.90000000000007, 63.61848904707778, 2023.6560743165778 
24.00000000000007, 63.49186366242818, 2015.608375664184 
24.100000000000072, 63.36565514856877, 2007.60312620367 
24.200000000000074, 63.23986130663142, 1999.6400290409888 
24.300000000000075, 63.114479953127095, 1991.718789876841 
24.400000000000077, 62.989508919811485, 1983.8391169795052 
24.500000000000078, 62.86494605355195, 1976.0007211579982 
24.60000000000008, 62.74078921619596, 1968.2033157355654 
24.70000000000008, 62.61703628444086, 1960.4466165234915 
24.800000000000082, 62.49368514970494, 1952.7303417952257 
24.900000000000084, 62.37073371799994, 1945.0542122608274 
25.000000000000085, 62.248179909804826, 1937.4179510417146 
25.100000000000087, 62.12602165994087, 1929.821283645721 
25.200000000000088, 62.00425691744802, 1922.2639379424502 
25.30000000000009, 61.8828836454626, 1914.745644138931 
25.40000000000009, 61.76189982109619, 1907.266134755561 
25.500000000000092, 61.641303435315855, 1899.8251446023412 
25.600000000000094, 61.52109249282545, 1892.422410755392 
25.700000000000095, 61.40126501194832, 1885.0576725337544 
25.800000000000097, 61.28181902451107, 1877.7306714764636 
25.900000000000098, 61.16275257572859, 1870.441151319897 
26.0000000000001, 61.04406372409022, 1863.1888579753938 
26.1000000000001, 60.9257505412471, 1855.9735395071355 
26.200000000000102, 60.80781111190063, 1848.7949461102926 
26.300000000000104, 60.69024353369211, 1841.6528300894286 
26.400000000000105, 60.57304591709348, 1834.5469458371576 
26.500000000000107, 60.456216385299115, 1827.4770498130547 
26.600000000000108, 60.339753074118796, 1820.4429005228144 
26.70000000000011, 60.223654131871704, 1813.444258497654 
26.80000000000011, 60.107917719281524, 1806.480886273959 
26.900000000000112, 59.99254200937253, 1799.5525483731637 
27.000000000000114, 59.8775251873668, 1792.6590112818728 
27.100000000000115, 59.76286545058239, 1785.800043432207 
27.200000000000117, 59.64856100833259, 1778.9754151823877 
27.300000000000118, 59.534610081826145, 1772.1848987975377 
27.40000000000012, 59.42101090406843, 1765.4282684307097 
27.50000000000012, 59.30776171976372, 1758.7053001041354 
27.600000000000122, 59.194860785218324, 1752.015771690689 
27.700000000000124, 59.08230636824474, 1745.3594628955664 
27.800000000000125, 58.970096748066744, 1738.736155238176 
27.900000000000126, 58.85823021522541, 1732.1456320342368 
28.000000000000128, 58.74670507148604, 1725.5876783780818 
28.10000000000013, 58.63551962974606, 1719.0620811251677 
28.20000000000013, 58.52467221394377, 1712.5686288747809 
28.300000000000132, 58.41416115896805, 1706.1071119529458 
28.400000000000134, 58.303984810568885, 1699.6773223955236 
28.500000000000135, 58.194141525268805, 1693.2790539315074 
28.600000000000136, 58.08462967027515, 1686.912101966504 
28.700000000000138, 57.975447623393286, 1680.5762635664091 
28.80000000000014, 57.86659377294055, 1674.2713374412608 
28.90000000000014, 57.7580665176611, 1667.997123929282 
29.000000000000142, 57.649864266641565, 1661.753424981098 
29.100000000000144, 57.541985439227545, 1655.5400441441375 
29.200000000000145, 57.43442846494088, 1649.3567865472055 
29.300000000000146, 57.32719178339774, 1643.2034588852325 
29.400000000000148, 57.220273844227485, 1637.079869404192 
29.50000000000015, 57.11367310699235, 1630.9858278861907 
29.60000000000015, 57.00738804110785, 1624.9211456347232 
29.700000000000152, 56.90141712576397, 1618.8856354600925 
29.800000000000153, 56.79575884984714, 1612.8791116649948 
29.900000000000155, 56.69041171186289, 1606.9013900302607 
30.000000000000156, 56.585374219859325, 1600.9522878007601 
30.100000000000158, 56.48064489135125, 1595.031623671461 
30.20000000000016, 56.37622225324507, 1589.1392177736423 
30.30000000000016, 56.272104841764396, 1583.274891661262 
30.400000000000162, 56.168291202376345, 1577.438468297474 
30.500000000000163, 56.06477988971854, 1571.629772041294 
30.600000000000165, 55.9615694675268, 1565.848628634414 
30.700000000000166, 55.85865850856353, 1560.0948651881583 
30.800000000000168, 55.756045594546784, 1554.36831017059 
30.90000000000017, 55.653729316079946, 1548.6687933937483 
31.00000000000017, 55.551708272582154, 1542.9961460010363 
31.100000000000172, 55.4499810722193, 1537.3502004547395 
31.200000000000173, 55.34854633183575, 1531.7307905236842 
31.300000000000175, 55.24740267688663, 1526.1377512710299 
31.400000000000176, 55.14654874137079, 1520.5709190421924 
31.500000000000178, 55.045983167764405, 1515.030131452901 
31.60000000000018, 54.94570460695515, 1509.515227377386 
31.70000000000018, 54.845711718177, 1504.026046936689 
31.800000000000182, 54.74600316894568, 1498.562431487105 
31.900000000000183, 54.64657763499465, 1493.1242236087487 
32.000000000000185, 54.547433800211714, 1487.7112670942397 
32.100000000000186, 54.448570356576234, 1482.323406937516 
32.20000000000019, 54.34998600409687, 1476.960489322763 
32.30000000000019, 54.251679450749954, 1471.6223616134623 
32.40000000000019, 54.153649412418375, 1466.3088723415606 
32.50000000000019, 54.05589461283108, 1461.0198711967503 
32.60000000000019, 53.95841378350309, 1455.755209015868 
32.700000000000195, 53.86120566367607, 1450.5147377724054 
32.800000000000196, 53.76426900025945, 1445.2983105661299 
32.9000000000002, 53.66760254777213, 1440.1057816128186 
33.0000000000002, 53.571205068284584, 1434.9370062341 
33.1000000000002, 53.475075331361666, 1429.7918408474025 
33.2000000000002, 53.379212114005774, 1424.6701429560105 
33.3000000000002, 53.283614200600645, 1419.5717711392253 
33.400000000000205, 53.18828038285564, 1414.496585042633 
33.500000000000206, 53.093209459750426, 1409.4444453684662 
33.60000000000021, 52.99840023748034, 1404.4152138660781 
33.70000000000021, 52.90385152940207, 1399.4087533225088 
33.80000000000021, 52.80956215597996, 1394.4249275531554 
33.90000000000021, 52.7155309447327, 1389.4636013925353 
34.00000000000021, 52.621756730180564, 1384.5246406851518 
34.100000000000215, 52.52823835379308, 1379.607912276449 
34.200000000000216, 52.43497466393716, 1374.713284003866 
34.30000000000022, 52.34196451582576, 1369.8406246879813 
34.40000000000022, 52.24920677146693, 1364.989804123753 
34.50000000000022, 52.15670029961333, 1360.1606930718424 
34.60000000000022, 52.0644439757122, 1355.3531632500374 
34.70000000000022, 51.97243668185584, 1350.5670873247573 
34.800000000000225, 51.880677306732416, 1345.80233890265 
34.900000000000226, 51.78916474557726, 1341.0587925222712 
35.00000000000023, 51.69789790012461, 1336.3363236458542 
35.10000000000023, 51.60687567855975, 1331.6348086511612 
35.20000000000023, 51.516096995471614, 1326.9541248234198 
35.30000000000023, 51.42556077180576, 1322.294150347344 
35.40000000000023, 51.33526593481777, 1317.654764299231 
35.500000000000234, 51.24521141802707, 1313.0358466391458 
35.600000000000236, 51.15539616117116, 1308.4372782031826 
35.70000000000024, 51.065819110160234, 1303.858940695803 
35.80000000000024, 50.97647921703219, 1299.3007166822574 
35.90000000000024, 50.88737543990805, 1294.7624895810784 
36.00000000000024, 50.79850674294775, 1290.2441436566542 
36.10000000000024, 50.709872096306334, 1285.745564011874 
36.200000000000244, 50.621470476090515, 1281.2666365808518 
36.300000000000246, 50.53330086431563, 1276.8072481217214 
36.40000000000025, 50.44536224886292, 1272.3672862095023 
36.50000000000025, 50.35765362343727, 1267.9466392290426 
36.60000000000025, 50.27017398752521, 1263.5451963680282 
36.70000000000025, 50.18292234635335, 1259.1628476100652 
36.80000000000025, 50.09589771084715, 1254.7994837278302 
36.900000000000254, 50.009099097590045, 1250.4549962762908 
37.000000000000256, 49.922525528782934, 1246.129277585992 
37.10000000000026, 49.83617603220397, 1241.8222207564108 
37.20000000000026, 49.75004964116879, 1237.5337196493797 
37.30000000000026, 49.66414539449096, 1233.2636688825687 
37.40000000000026, 49.57846233644284, 1229.0119638230406 
37.50000000000026, 49.49299951671681, 1224.778500580865 
37.600000000000264, 49.40775599038671, 1220.563176002797 
37.700000000000266, 49.32273081786977, 1216.3658876660202 
37.80000000000027, 49.23792306488867, 1212.1865338719479 
37.90000000000027, 49.1533318024341, 1208.0250136400898 
38.00000000000027, 49.068956106727555, 1203.8812267019778 
38.10000000000027, 48.9847950591844, 1199.7550734951483 
38.20000000000027, 48.90084774637735, 1195.6464551571894 
38.300000000000274, 48.81711326000021, 1191.5552735198444 
38.400000000000276, 48.73359069683188, 1187.4814311031696 
38.50000000000028, 48.65027915870074, 1183.4248311097558 
38.60000000000028, 48.56717775244926, 1179.3853774190013 
38.70000000000028, 48.48428558989896, 1175.362974581442 
38.80000000000028, 48.40160178781564, 1171.3575278131393 
38.90000000000028, 48.31912546787492, 1167.3689429901192 
39.000000000000284, 48.23685575662803, 1163.3971266428694 
39.100000000000286, 48.15479178546793, 1159.4419859508848 
39.20000000000029, 48.07293269059568, 1155.5034287372714 
39.30000000000029, 47.99127761298709, 1151.581363463398 
39.40000000000029, 47.90982569835969, 1147.6756992236033 
39.50000000000029, 47.82857609713991, 1143.7863457399515 
39.60000000000029, 47.74752796443058, 1139.9132133570401 
39.700000000000294, 47.66668045997868, 1136.0562130368567 
39.800000000000296, 47.58603274814337, 1132.2152563536865 
39.9000000000003, 47.50558399786425, 1128.3902554890678 
40.0000000000003, 47.42533338262991, 1124.5811232267954 
40.1000000000003, 47.34528008044677, 1120.7877729479749 
40.2000000000003, 47.26542327380807, 1117.0101186261186 
40.3000000000003, 47.18576214966323, 1113.2480748222956 
40.400000000000304, 47.10629589938744, 1109.501556680323 
40.500000000000306, 47.0270237187514, 1105.7704799220035 
40.60000000000031, 46.94794480789144, 1102.0547608424104 
40.70000000000031, 46.8690583712798, 1098.3543163052166 
40.80000000000031, 46.7903636176952, 1094.6690637380673 
40.90000000000031, 46.71185976019357, 1090.9989211279956 
41.00000000000031, 46.63354601607914, 1087.3438070168852 
41.100000000000314, 46.55542160687566, 1083.7036404969726 
41.200000000000315, 46.47748575829791, 1080.0783412063925 
41.30000000000032, 46.39973770022342, 1076.4678293247673 
41.40000000000032, 46.3221766666644, 1072.8720255688338 
41.50000000000032, 46.24480189573994, 1069.2908511881162 
41.60000000000032, 46.167612629648396, 1065.724227960635 
41.70000000000032, 46.09060811464003, 1062.1720781886606 
41.800000000000324, 46.01378760098986, 1058.634324694504 
41.900000000000325, 45.937150342970675, 1055.1108908163453 
42.00000000000033, 45.86069559882638, 1051.6017004041069 
42.10000000000033, 45.784422630745446, 1048.106677815358 
42.20000000000033, 45.708330704834616, 1044.6257479112635 
42.30000000000033, 45.632419091092814, 1041.158836052566 
42.40000000000033, 45.55668706338528, 1037.705868095608 
42.500000000000334, 45.48113389941794, 1034.266770388392 
42.600000000000335, 45.405758880711815, 1030.84146976667 
42.70000000000034, 45.330561292577904, 1027.429893550081 
42.80000000000034, 45.255540424092004, 1024.0319695383128 
42.90000000000034, 45.18069556806992, 1020.6476260073065 
43.00000000000034, 45.106026021042744, 1017.2767917054925 
43.10000000000034, 45.0315310832324, 1013.919395850063 
43.200000000000344, 44.95721005852737, 1010.5753681232774 
43.300000000000345, 44.883062254458586, 1007.2446386688025 
43.40000000000035, 44.80908698217554, 1003.9271380880868 
43.50000000000035, 44.73528355642258, 1000.6227974367663 
43.60000000000035, 44.66165129551535, 997.3315482211038 
43.70000000000035, 44.588189521317496, 994.0533223944636 
43.80000000000035, 44.51489755921746, 990.7880523538123 
43.900000000000354, 44.44177473810553, 987.5356709362574 
44.000000000000355, 44.36882039035103, 984.2961114156147 
44.10000000000036, 44.296033851779704, 981.0693074990068 
44.20000000000036, 44.22341446165125, 977.8551933234926 
44.30000000000036, 44.1509615626371, 974.6537034527294 
44.40000000000036, 44.07867450079825, 971.464772873661 
44.50000000000036, 44.006552625563394, 968.2883369932403 
44.600000000000364, 43.93459528970715, 965.1243316351787 
44.700000000000365, 43.86280184932844, 961.9726930367252 
44.80000000000037, 43.79117166382914, 958.833357845476 
44.90000000000037, 43.71970409589275, 955.7062631162107 
45.00000000000037, 43.648398511463334, 952.5913463077572 
45.10000000000037, 43.57725427972459, 949.4885452798876 
45.20000000000037, 43.506270773079095, 946.3977982902381 
45.300000000000374, 43.43544736712766, 943.3190439912585 
45.400000000000375, 43.364783440648914, 940.2522214271892 
45.50000000000038, 43.29427837557898, 937.197270031063 
45.60000000000038, 43.223931556991374, 934.1541296217374 
45.70000000000038, 43.153742373076966, 931.1227404009492 
45.80000000000038, 43.0837102151242, 928.1030429503986 
45.90000000000038, 43.013834477499366, 925.0949782288566 
46.000000000000384, 42.94411455762711, 922.0984875693003 
46.100000000000385, 42.87454985597102, 919.1135126760722 
46.20000000000039, 42.8051397760144, 916.139995622065 
46.30000000000039, 42.735883724241184, 913.1778788459312 
46.40000000000039, 42.666781110116965, 910.2271051493169 
46.50000000000039, 42.59783134607023, 907.2876176941218 
46.60000000000039, 42.52903384747368, 904.3593599997808 
46.700000000000394, 42.46038803262569, 901.4422759405713 
46.800000000000395, 42.39189332273197, 898.5363097429436 
46.9000000000004, 42.323549141887284, 895.641405982874 
47.0000000000004, 42.255354917057375, 892.7575095832424 
47.1000000000004, 42.18731007806096, 889.8845658112319 
47.2000000000004, 42.11941405755194, 887.0225202757521 
47.3000000000004, 42.05166629100165, 884.1713189248824 
47.400000000000404, 41.98406621668134, 881.3309080433418 
47.500000000000405, 41.91661327564471, 878.5012342499771 
47.600000000000406, 41.849306911710556, 875.6822444952725 
47.70000000000041, 41.7821465714457, 872.8738860588859 
47.80000000000041, 41.71513170414785, 870.0761065472005 
47.90000000000041, 41.64826176182871, 867.2888538909016 
48.00000000000041, 41.58153619919716, 864.5120763425718 
48.10000000000041, 41.51495447364262, 861.7457224743096 
48.200000000000415, 41.44851604521845, 858.9897411753656 
48.300000000000416, 41.38222037662556, 856.244081649802 
48.40000000000042, 41.316066933196105, 853.5086934141702 
48.50000000000042, 41.25005518287725, 850.7835262952091 
48.60000000000042, 41.184184596215154, 848.0685304275628 
48.70000000000042, 41.118454646339, 845.3636562515188 
48.80000000000042, 41.05286480894517, 842.6688545107645 
48.900000000000425, 40.987414562281515, 839.9840762501634 
49.000000000000426, 40.922103387131756, 837.3092728135501 
49.10000000000043, 40.856930766800005, 834.6443958415445 
49.20000000000043, 40.79189618709541, 831.9893972693845 
49.30000000000043, 40.726999136316856, 829.344229324777 
49.40000000000043, 40.66223910523783, 826.7088445257663 
49.50000000000043, 40.5976155870914, 824.0831956786232 
49.600000000000435, 40.53312807755525, 821.4672358757488 
49.700000000000436, 40.46877607473688, 818.8609184935981 
49.80000000000044, 40.40455907915892, 816.2641971906219 
49.90000000000044, 40.340476593744455, 813.6770259052221 
50.00000000000044, 40.276528123802564, 811.0993588537294 
50.10000000000044, 40.21271317701394, 808.5311505283952 
50.20000000000044, 40.14903126341657, 805.9723556954004 
50.300000000000445, 40.085481895391545, 803.4229293928817 
50.400000000000446, 40.02206458764899, 800.8828269289737 
50.50000000000045, 39.95877885721407, 798.3520038798691 
50.60000000000045, 39.895624223413094, 795.8304160878928 
50.70000000000045, 39.83260020785974, 793.3180196595939 
50.80000000000045, 39.76970633444137, 790.8147709638531 
50.90000000000045, 39.706942129305446, 788.3206266300059 
51.000000000000455, 39.644307120846, 785.8355435459805 
51.100000000000456, 39.581800839690324, 783.3594788564548 
51.20000000000046, 39.51942281868556, 780.8923899610226 
51.30000000000046, 39.457172592885584, 778.4342345123806 
51.40000000000046, 39.39504969953784, 775.9849704145283 
51.50000000000046, 39.33305367807037, 773.5445558209826 
51.60000000000046, 39.27118407007884, 771.112949133007 
51.700000000000465, 39.20944041931375, 768.6901089978575 
51.800000000000466, 39.147822271667664, 766.2759943070394 
51.90000000000047, 39.08632917516256, 763.870564194582 
52.00000000000047, 39.02496067993728, 761.4737780353254 
52.10000000000047, 38.96371633823506, 759.0855954432228 
52.20000000000047, 38.9025957043911, 756.7059762696546 
52.30000000000047, 38.84159833482033, 754.3348806017589 
52.400000000000475, 38.780723788005155, 751.9722687607745 
52.500000000000476, 38.71997162448334, 749.6181013003976 
52.60000000000048, 38.659341406835985, 747.2723390051517 
52.70000000000048, 38.59883269967552, 744.93494288877 
52.80000000000048, 38.53844506963388, 742.605874192594 
52.90000000000048, 38.478178085350706, 740.2850943839817 
53.00000000000048, 38.41803131746162, 737.9725651547309 
53.100000000000485, 38.3580043385866, 735.6682484195144 
53.200000000000486, 38.29809672331847, 733.3721063143286 
53.30000000000049, 38.2383080482114, 731.0841011949544 
53.40000000000049, 38.178637891769505, 728.8041956354291 
53.50000000000049, 38.119085834435595, 726.5323524265342 
53.60000000000049, 38.0596514585799, 724.2685345742916 
53.70000000000049, 38.00033434848894, 722.0127052984742 
53.800000000000495, 37.941134090354474, 719.7648280311292 
53.900000000000496, 37.88205027226246, 717.5248664151102 
54.0000000000005, 37.82308248418216, 715.2927843026237 
54.1000000000005, 37.76423031795528, 713.0685457537865 
54.2000000000005, 37.705493367285236, 710.8521150351954 
54.3000000000005, 37.646871227726415, 708.6434566185075 
54.4000000000005, 37.58836349667357, 706.4425351790312 
54.500000000000504, 37.52996977335129, 704.2493155943307 
54.600000000000506, 37.471689658803506, 702.0637629428408 
54.70000000000051, 37.413522755883065, 699.8858425024899 
54.80000000000051, 37.35546866924144, 697.7155197493394 
54.90000000000051, 37.29752700531842, 695.5527603562285 
55.00000000000051, 37.239697372331975, 693.3975301914345 
55.10000000000051, 37.18197938026806, 691.2497953173396 
55.200000000000514, 37.124372640870625, 689.1095219891117 
55.300000000000516, 37.066876767631584, 686.976676653393 
55.40000000000052, 37.00949137578095, 684.8512259470021 
55.50000000000052, 36.95221608227689, 682.7331366956414 
55.60000000000052, 36.89505050579606, 680.6223759126209 
55.70000000000052, 36.83799426672378, 678.5189107975872 
55.80000000000052, 36.78104698714447, 676.4227087352647 
55.900000000000524, 36.72420829083198, 674.3337372942062 
56.000000000000526, 36.66747780324013, 672.2519642255539 
56.10000000000053, 36.61085515149325, 670.1773574618098 
56.20000000000053, 36.55433996437672, 668.1098851156146 
56.30000000000053, 36.49793187232773, 666.0495154785383 
56.40000000000053, 36.44163050742594, 663.9962170198785 
56.50000000000053, 36.38543550338432, 661.9499583854702 
56.600000000000534, 36.32934649553995, 659.9107083965005 
56.700000000000536, 36.27336312084501, 657.8784360483395 
56.80000000000054, 36.217485017857705, 655.8531105093737 
56.90000000000054, 36.16171182673332, 653.8347011198521 
57.00000000000054, 36.106043189215306, 651.8231773907405 
57.10000000000054, 36.050478748626475, 649.8185090025845 
57.20000000000054, 35.995018149860144, 647.8206658043806 
57.300000000000544, 35.93966103937148, 645.8296178124581 
57.400000000000546, 35.884407065168794, 643.845335209368 
57.50000000000055, 35.82925587680495, 641.8677883427811 
57.60000000000055, 35.7742071253688, 639.8969477243938 
57.70000000000055, 35.71926046347667, 637.9327840288439 
57.80000000000055, 35.66441554526398, 635.9752680926334 
57.90000000000055, 35.60967202637678, 634.0243709130604 
58.000000000000554, 35.55502956396348, 632.0800636471586 
58.100000000000556, 35.50048781666656, 630.1423176106456 
58.20000000000056, 35.44604644461433, 628.2111042768781 
58.30000000000056, 35.39170510941278, 626.2863952758174 
58.40000000000056, 35.33746347413749, 624.3681623930007 
58.50000000000056, 35.283321203325535, 622.4563775685207 
58.60000000000056, 35.22927796296749, 620.5510128960133 
58.700000000000564, 35.17533342049947, 618.6520406216534 
58.800000000000566, 35.12148724479527, 616.7594331431584 
58.90000000000057, 35.067739106158456, 614.8731630087975 
59.00000000000057, 35.0140886763146, 612.9932029164112 
59.10000000000057, 34.96053562840352, 611.1195257124359 
59.20000000000057, 34.907079636971616, 609.2521043909393 
59.30000000000057, 34.853720377964166, 607.3909120926572 
59.400000000000574, 34.800457528717764, 605.5359221040445 
59.500000000000576, 34.74729076795278, 603.6871078563281 
59.60000000000058, 34.694219775765816, 601.8444429245699 
59.70000000000058, 34.64124423362232, 600.0079010267357 
59.80000000000058, 34.58836382434913, 598.1774560227718 
59.90000000000058, 34.53557823212715, 596.3530819136873 
60.00000000000058, 34.48288714248402, 594.5347528406447 
60.100000000000584, 34.43029024228687, 592.7224430840573 
60.200000000000585, 34.37778721973512, 590.9161270626917 
60.30000000000059, 34.32537776435326, 589.1157793327787 
60.40000000000059, 34.27306156698382, 587.3213745871317 
60.50000000000059, 34.22083831978021, 585.532887654269 
60.60000000000059, 34.16870771619972, 583.7502934975431 
60.70000000000059, 34.11666945099655, 581.9735672142805 
60.800000000000594, 34.064723220214844, 580.2026840349222 
60.900000000000595, 34.01286872118184, 578.4376193221749 
61.0000000000006, 33.96110565250094, 576.6783485701657 
61.1000000000006, 33.909433714045015, 574.9248474036063 
61.2000000000006, 33.857852606949514, 573.177091576959 
61.3000000000006, 33.80636203360583, 571.4350569736129 
61.4000000000006, 33.75496169765459, 569.6987196050643 
61.500000000000604, 33.70365130397905, 567.9680556101043 
61.600000000000605, 33.65243055869845, 566.2430412540106 
61.70000000000061, 33.60129916916149, 564.5236529277464 
61.80000000000061, 33.550256843939835, 562.8098671471658 
61.90000000000061, 33.49930329282161, 561.1016605522243 
62.00000000000061, 33.448438226804996, 559.3990099061948 
62.10000000000061, 33.39766135809186, 557.7018920948912 
62.200000000000614, 33.34697240008135, 556.0102841258936 
62.300000000000615, 33.29637106736363, 554.3241631277849 
62.40000000000062, 33.24585707571361, 552.6435063493883 
62.50000000000062, 33.19543014208472, 550.9682911590133 
62.60000000000062, 33.14508998460268, 549.2984950437044 
62.70000000000062, 33.094836322559416, 547.634095608499 
62.80000000000062, 33.044668876406895, 545.9750705756873 
62.900000000000624, 32.99458736775108, 544.3213977840796 
63.000000000000625, 32.94459151934586, 542.6730551882777 
63.10000000000063, 32.89468105508711, 541.0300208579534 
63.20000000000063, 32.84485570000667, 539.3922729771302 
63.30000000000063, 32.79511518026646, 537.7597898434717 
63.40000000000063, 32.745459223152565, 536.1325498675737 
63.50000000000063, 32.695887557069426, 534.5105315722636 
63.600000000000634, 32.64639991153398, 532.8937135919031 
63.700000000000635, 32.59699601716992, 531.2820746716959 
63.80000000000064, 32.547675605701926, 529.6755936670021 
63.90000000000064, 32.498438409949976, 528.0742495426559 
64.00000000000064, 32.44928416382366, 526.4780213722886 
64.10000000000063, 32.40021260231657, 524.8868883376568 
64.20000000000063, 32.35122346150068, 523.3008297279761 
64.30000000000062, 32.30231647852077, 521.7198249392574 
64.40000000000062, 32.253491391588916, 520.1438534736502 
64.50000000000061, 32.20474793997898, 518.5728949387901 
64.6000000000006, 32.15608586402115, 517.0069290471504 
64.7000000000006, 32.1075049050965, 515.4459356153978 
64.8000000000006, 32.05900480563162, 513.8898945637558 
64.90000000000059, 32.01058530909322, 512.3387859153675 
65.00000000000058, 31.962246159982808, 510.7925897956679 
65.10000000000058, 31.913987103831392, 509.2512864317582 
65.20000000000057, 31.865807887194226, 507.7148561517849 
65.30000000000057, 31.81770825764556, 506.1832793843232 
65.40000000000056, 31.769687963773453, 504.6565366577659 
65.50000000000055, 31.721746755174582, 503.13460859971457 
65.60000000000055, 31.67388438244912, 501.61747593637716 
65.70000000000054, 31.626100597195617, 500.1051194919685 
65.80000000000054, 31.57839515200593, 498.59752018811577 
65.90000000000053, 31.530767800460183, 497.09465904326834 
66.00000000000053, 31.48321829712174, 495.5965171721106 
66.10000000000052, 31.435746397532228, 494.1030757849802 
66.20000000000051, 31.388351858206565, 492.6143161872898 
66.30000000000051, 31.341034436628064, 491.1302197789531 
66.4000000000005, 31.293793891243514, 489.65076805381494 
66.5000000000005, 31.246629981458327, 488.1759425990852 
66.60000000000049, 31.19954246763169, 486.7057250947767 
66.70000000000049, 31.152531111071784, 485.2400973131477 
66.80000000000048, 31.105595674030962, 483.77904111814684 
66.90000000000047, 31.058735919701043, 482.3225384648639 
67.00000000000047, 31.011951612208566, 480.87057139898275 
67.10000000000046, 30.9652425166101, 479.4231220562389 
67.20000000000046, 30.91860839888759, 477.98017266188106 
67.30000000000045, 30.872049025943706, 476.54170553013586 
67.40000000000045, 30.82556416559725, 475.10770306367664 
67.50000000000044, 30.779153586578552, 473.6781477530957 
67.60000000000043, 30.73281705852494, 472.2530221763808 
67.70000000000043, 30.686554351976202, 470.8323089983948 
67.80000000000042, 30.640365238370084, 469.4159909703589 
67.90000000000042, 30.594249490037818, 468.00405092933966 
68.00000000000041, 30.54820688019968, 466.5964717977395 
68.1000000000004, 30.50223718296056, 465.19323658279086 
68.2000000000004, 30.45634017330557, 463.7943283760534 
68.3000000000004, 30.410515627095695, 462.39973035291575 
68.40000000000039, 30.364763321063414, 461.009425772099 
68.50000000000038, 30.319083032808418, 459.62339797516563 
68.60000000000038, 30.273474540793305, 458.24163038603024 
68.70000000000037, 30.227937624339308, 456.86410651047396 
68.80000000000037, 30.182472063622065, 455.4908099356632 
68.90000000000036, 30.1370776396674, 454.12172432967037 
69.00000000000036, 30.091754134347124, 452.7568334409986 
69.10000000000035, 30.04650133037488, 451.39612109810975 
69.20000000000034, 30.001319011301998, 450.03957120895535 
69.30000000000034, 29.956206961513374, 448.68716776051116 
69.40000000000033, 29.911164966223375, 447.33889481831426 
69.50000000000033, 29.866192811471787, 445.99473652600454 
69.60000000000032, 29.82129028411974, 444.65467710486723 
69.70000000000032, 29.776457171845706, 443.3187008533808 
69.80000000000031, 29.731693263141498, 441.9867921467668 
69.9000000000003, 29.686998347308297, 440.6589354365428 
70.0000000000003, 29.642372214452685, 439.3351152500783 
70.10000000000029, 29.59781465548273, 438.0153161901541 
70.20000000000029, 29.55332546210408, 436.6995229345247 
70.30000000000028, 29.508904426816073, 435.3877202354826 
70.40000000000028, 29.46455134290788, 434.0798929194272 
70.50000000000027, 29.420266004454657, 432.7760258864352 
70.60000000000026, 29.37604820631374, 431.47610410983435 
70.70000000000026, 29.33189774412085, 430.180112635781 
70.80000000000025, 29.28781441428632, 428.88803658283877 
70.90000000000025, 29.243798013991327, 427.5998611415615 
71.00000000000024, 29.199848341184193, 426.31557157407866 
71.10000000000024, 29.155965194576652, 425.0351532136826 
71.20000000000023, 29.112148373640178, 423.75859146442025 
71.30000000000022, 29.06839767860232, 422.48587180068637 
71.40000000000022, 29.024712910443046, 421.21697976681963 
71.50000000000021, 28.981093870891126, 419.9519009767016 
71.60000000000021, 28.93754036242053, 418.6906211133587 
71.7000000000002, 28.89405218824686, 417.4331259285666 
71.8000000000002, 28.850629152323766, 416.17940124245695 
71.90000000000019, 28.807271059339406, 414.92943294312687 
72.00000000000018, 28.763977714712954, 413.6832069862517 
72.10000000000018, 28.720748924591067, 412.44070939469947 
72.20000000000017, 28.677584495844417, 411.20192625814803 
72.30000000000017, 28.634484236064246, 409.9668437327059 
72.40000000000016, 28.59144795355889, 408.73544804053347 
72.50000000000016, 28.548475457350392, 407.5077254694688 
72.60000000000015, 28.505566557171072, 406.28366237265493 
72.70000000000014, 28.46272106346017, 405.0632451681696 
72.80000000000014, 28.419938787360458, 403.8464603386577 
72.90000000000013, 28.377219540714915, 402.6332944309662 
73.00000000000013, 28.334563136063394, 401.4237340557813 
73.10000000000012, 28.291969386639305, 400.21776588726783 
73.20000000000012, 28.24943810636634, 399.0153766627114 
73.30000000000011, 28.20696910985521, 397.816553182163 
73.4000000000001, 28.16456221240037, 396.62128230808537 
73.5000000000001, 28.122217229976815, 395.4295509650024 
73.6000000000001, 28.079933979236827, 394.24134613914947 
73.70000000000009, 28.037712277506817, 393.05665487812826 
73.80000000000008, 27.99555194278413, 391.8754642905621 
73.90000000000008, 27.953452793733877, 390.69776154575413 
74.00000000000007, 27.911414649685806, 389.52353387334773 
74.10000000000007, 27.86943733063117, 388.35276856298907 
74.20000000000006, 27.82752065721961, 387.185452963992 
74.30000000000005, 27.785664450756073, 386.0215744850049 
74.40000000000005, 27.743868533197748, 384.8611205936801 
74.50000000000004, 27.702132727150996, 383.70407881634515 
74.60000000000004, 27.660456855868308, 382.550436737676 
74.70000000000003, 27.618840743245293, 381.4001820003731 
74.80000000000003, 27.57728421381767, 380.25330230483866 
74.90000000000002, 27.535787092758284, 379.10978540885685 
75.00000000000001, 27.49434920587411, 377.9696191272751 
75.10000000000001, 27.45297037960331, 376.8327913316884 
75.2, 27.41165044101233, 375.6992899501258 
75.3, 27.370389217792916, 374.5691029667373 
75.39999999999999, 27.32918653825924, 373.44221842148505 
75.49999999999999, 27.28804223134501, 372.31862440983434 
75.59999999999998, 27.24695612660058, 371.1983090824484 
75.69999999999997, 27.20592805419011, 370.08126064488425 
75.79999999999997, 27.164957844888704, 368.96746735729016 
75.89999999999996, 27.124045330079593, 367.8569175341063 
75.99999999999996, 27.083190341751326, 366.7495995437662 
76.09999999999995, 27.042392712494962, 365.6455018084003 
76.19999999999995, 27.00165227550129, 364.54461280354195 
76.29999999999994, 26.960968864558065, 363.4469210578347 
76.39999999999993, 26.920342314047268, 362.3524151527419 
76.49999999999993, 26.87977245894236, 361.2610837222581 
76.59999999999992, 26.83925913480554, 360.17291545262134 
76.69999999999992, 26.7988021777851, 359.08789908202965 
76.79999999999991, 26.75840142461265, 358.0060234003561 
76.8999999999999, 26.71805671260051, 356.9272772488686 
76.9999999999999, 26.67776787963902, 355.8516495199497 
77.0999999999999, 26.637534764193887, 354.77912915681895 
77.19999999999989, 26.597357205303563, 353.70970515325666 
77.29999999999988, 26.557235042576625, 352.64336655332994 
77.39999999999988, 26.517168116189158, 351.58010245111944 
77.49999999999987, 26.47715626688219, 350.5199019904494 
77.59999999999987, 26.437199335959086, 349.46275436461775 
77.69999999999986, 26.397297165283003, 348.408648816129 
77.79999999999986, 26.35744959727433, 347.35757463642835 
77.89999999999985, 26.317656474908162, 346.30952116563776 
77.99999999999984, 26.27791764171178, 345.26447779229363 
78.09999999999984, 26.238232941762142, 344.222433953086 
78.19999999999983, 26.19860221968337, 343.1833791325992 
78.29999999999983, 26.159025320644297, 342.14730286305473 
78.39999999999982, 26.11950209035599, 341.1141947240555 
78.49999999999982, 26.080032375069283, 340.08404434233097 
78.59999999999981, 26.04061602157235, 339.0568413914853 
78.6999999999998, 26.001252877188268, 338.03257559174557 
78.7999999999998, 25.961942789772614, 337.0112367097131 
78.89999999999979, 25.922685607711053, 335.99281455811484 
78.99999999999979, 25.883481179916945, 334.97729899555736 
79.09999999999978, 25.84432935582897, 333.9646799262816 
79.19999999999978, 25.80522998540879, 332.9549472999205 
79.29999999999977, 25.76618291913865, 331.9480911112562 
79.39999999999976, 25.727188008019088, 330.9441013999806 
79.49999999999976, 25.68824510356657, 329.9429682504559 
79.59999999999975, 25.649354057811195, 328.9446817914778 
79.69999999999975, 25.610514723294397, 327.94923219603953 
79.79999999999974, 25.57172695306664, 326.95660968109746 
79.89999999999974, 25.53299060068516, 325.9668045073384 
79.99999999999973, 25.49430552021168, 324.97980697894786 
80.09999999999972, 25.45567156621017, 323.9956074433805 
80.19999999999972, 25.417088593744605, 323.01419629113104 
80.29999999999971, 25.378556458376725, 322.0355639555075 
80.39999999999971, 25.34007501616383, 321.05970091240516 
80.4999999999997, 25.30164412365657, 320.0865976800825 
80.5999999999997, 25.263263637896742, 319.11624481893784 
80.69999999999969, 25.224933416415123, 318.14863293128815 
80.79999999999968, 25.186653317229283, 317.1837526611484 
80.89999999999968, 25.14842319884143, 316.22159469401294 
80.99999999999967, 25.11024292023628, 315.26214975663817 
81.09999999999967, 25.07211234087889, 314.30540861682573 
81.19999999999966, 25.034031320712536, 313.35136208320813 
81.29999999999966, 24.995999720156625, 312.40000100503505 
81.39999999999965, 24.958017400104566, 311.45131627196116 
81.49999999999964, 24.920084221921677, 310.5052988138348 
81.59999999999964, 24.882200047443124, 309.5619396004893 
81.69999999999963, 24.84436473897182, 308.62122964153315 
81.79999999999963, 24.806578159276384, 307.68315998614406 
81.89999999999962, 24.7688401715891, 306.747721722863 
81.99999999999962, 24.73115063960386, 305.8149059793892 
82.09999999999961, 24.693509427474133, 304.88470392237696 
82.1999999999996, 24.655916399810955, 303.9571067572334 
82.2999999999996, 24.61837142168093, 303.0321057279182 
82.3999999999996, 24.580874358604223, 302.1096921167433 
82.49999999999959, 24.543425076552577, 301.1898572441749 
82.59999999999958, 24.506023441947328, 300.272592468636 
82.69999999999958, 24.46866932165745, 299.3578891863103 
82.79999999999957, 24.4313625829976, 298.4457388309476 
82.89999999999957, 24.39410309372616, 297.53613287367006 
82.99999999999956, 24.356890722043303, 296.6290628227796 
83.09999999999955, 24.319725336589084, 295.7245202235665 
83.19999999999955, 24.282606806441503, 294.82249665811963 
83.29999999999954, 24.245535001114614, 293.92298374513695 
83.39999999999954, 24.208509790556615, 293.02597313973774 
83.49999999999953, 24.171531045147976, 292.1314565332762 
83.59999999999953, 24.134598635699554, 291.23942565315537 
83.69999999999952, 24.09771243345072, 290.3498722626427 
83.79999999999951, 24.060872310067516, 289.4627881606869 
83.89999999999951, 24.024078137640792, 288.57816518173513 
83.9999999999995, 23.987329788684377, 287.6959951955524 
84.0999999999995, 23.950627136133246, 286.8162701070411 
84.19999999999949, 23.9139700533417, 285.9389818560618 
84.29999999999949, 23.87735841408156, 285.0641224172557 
84.39999999999948, 23.840792092540344, 284.19168379986706 
84.49999999999947, 23.80427096331951, 283.3216580475682 
84.59999999999947, 23.767794901432644, 282.45403723828383 
84.69999999999946, 23.731363782303703, 281.588813484018 
84.79999999999946, 23.694977481765232, 280.7259789306807 
84.89999999999945, 23.65863587605662, 279.8655257579167 
84.99999999999945, 23.622338841822362, 279.00744617893474 
85.09999999999944, 23.586086256110292, 278.1517324403374 
85.19999999999943, 23.549877996369883, 277.2983768219532 
85.29999999999943, 23.513713940450508, 276.44737163666827 
85.39999999999942, 23.477593966599724, 275.5987092302599 
85.49999999999942, 23.441517953461595, 274.75238198123117 
85.59999999999941, 23.40548578007497, 273.90838230064577 
85.6999999999994, 23.369497325871794, 273.06670263196446 
85.7999999999994, 23.333552470675457, 272.2273354508824 
85.8999999999994, 23.297651094699102, 271.39027326516714 
85.99999999999939, 23.261793078543967, 270.555508614498 
86.09999999999938, 23.225978303197735, 269.72303407030597 
86.19999999999938, 23.19020665003289, 268.89284223561486 
86.29999999999937, 23.154478000805085, 268.06492574488334 
86.39999999999937, 23.118792237651505, 267.2392772638477 
86.49999999999936, 23.083149243089238, 266.4158894893656 
86.59999999999935, 23.047548900013688, 265.59475514926106 
86.69999999999935, 23.011991091696956, 264.77586700217 
86.79999999999934, 22.97647570178624, 263.9592178373867 
86.89999999999934, 22.94100261430226, 263.1448004747116 
86.99999999999933, 22.90557171363767, 262.3326077642991 
87.09999999999933, 22.870182884555483, 261.52263258650726 
87.19999999999932, 22.8348360121875, 260.7148678517475 
87.29999999999932, 22.79953098203278, 259.90930650033636 
87.39999999999931, 22.764267679956063, 259.1059415023461 
87.4999999999993, 22.72904599218624, 258.3047658574587 
87.5999999999993, 22.693865805314825, 257.5057725948187 
87.69999999999929, 22.658727006294413, 256.70895477288786 
87.79999999999929, 22.623629482437178, 255.91430547930034 
87.89999999999928, 22.58857312141335, 255.12181783071884 
87.99999999999928, 22.553557811249718, 254.33148497269158 
88.09999999999927, 22.51858344032813, 253.54330007951012 
88.19999999999926, 22.483649897384012, 252.75725635406806 
88.29999999999926, 22.448757071504872, 251.97334702772 
88.39999999999925, 22.413904852128834, 251.19156536014225 
88.49999999999925, 22.379093129043177, 250.41190463919378 
88.59999999999924, 22.34432179238287, 249.63435818077804 
88.69999999999924, 22.309590732629108, 248.85891932870527 
88.79999999999923, 22.274899840607883, 248.08558145455655 
88.89999999999922, 22.240249007488536, 247.31433795754742 
88.99999999999922, 22.205638124782336, 246.5451822643934 
89.09999999999921, 22.17106708434104, 245.77810782917535 
89.1999999999992, 22.136535778355487, 245.0131081332063 
89.2999999999992, 22.10204409935419, 244.25017668489863 
89.3999999999992, 22.06759194020191, 243.48930701963218 
89.49999999999919, 22.033179194098295, 242.730492699623 
89.59999999999918, 21.99880575457646, 241.97372731379318 
89.69999999999918, 21.964471515501604, 241.21900447764065 
89.79999999999917, 21.930176371069667, 240.46631783311116 
89.89999999999917, 21.89592021580591, 239.71566104846895 
89.99999999999916, 21.8617029445636, 238.96702781817038 
90.09999999999916, 21.82752445252262, 238.22041186273646 
90.19999999999915, 21.79338463518813, 237.475806928627 
90.29999999999914, 21.759283388389225, 236.73320678811564 
90.39999999999914, 21.7252206082776, 235.99260523916485 
90.49999999999913, 21.69119619132621, 235.25399610530232 
90.59999999999913, 21.657210034327957, 234.51737323549776 
90.69999999999912, 21.623262034394358, 233.78273050404022 
90.79999999999912, 21.58935208895425, 233.05006181041662 
90.89999999999911, 21.555480095752475, 232.31936107919057 
90.9999999999991, 21.521645952848576, 231.59062225988174 
91.0999999999991, 21.487849558615515, 230.8638393268465 
91.1999999999991, 21.45409081173839, 230.1390062791588 
91.29999999999909, 21.420369611213125, 229.41611714049137 
91.39999999999908, 21.38668585634525, 228.69516595899896 
91.49999999999908, 21.35303944674857, 227.97614680720028 
91.59999999999907, 21.31943028234396, 227.2590537818623 
91.69999999999906, 21.285858263358058, 226.54388100388425 
91.79999999999906, 21.252323290322057, 225.83062261818267 
91.89999999999905, 21.218825264070432, 225.1192727935768 
91.99999999999905, 21.185364085739725, 224.40982572267527 
92.09999999999904, 21.15193965676729, 223.70227562176237 
92.19999999999904, 21.118551878890084, 222.99661673068596 
92.29999999999903, 21.085200654143435, 222.29284331274536 
92.39999999999903, 21.051885884859836, 221.59094965458038 
92.49999999999902, 21.01860747366773, 220.89093006606043 
92.59999999999901, 20.985365323490303, 220.19277888017464 
92.69999999999901, 20.95215933754431, 219.4964904529226 
92.799999999999, 20.918989419338843, 218.80205916320523 
92.899999999999, 20.885855472674187, 218.10947941271715 
92.99999999999899, 20.85275740164061, 217.4187456258386 
93.09999999999899, 20.81969511061719, 216.72985224952865 
93.19999999999898, 20.786668504270665, 216.04279375321903 
93.29999999999897, 20.75367748755425, 215.35756462870802 
93.39999999999897, 20.72072196570648, 214.67415939005554 
93.49999999999896, 20.687801844250075, 213.99257257347838 
93.59999999999896, 20.65491702899077, 213.31279873724645 
93.69999999999895, 20.62206742601618, 212.6348324615788 
93.79999999999895, 20.58925294169467, 211.95866834854132 
93.89999999999894, 20.556473482674217, 211.28430102194415 
93.99999999999893, 20.523728955881282, 210.61172512723988 
94.09999999999893, 20.49101926851969, 209.9409353314226 
94.19999999999892, 20.458344328069522, 209.2719263229272 
94.29999999999892, 20.425704042285993, 208.6046928115292 
94.39999999999891, 20.393098319198355, 207.9392295282454 
94.4999999999989, 20.360527067108794, 207.27553122523491 
94.5999999999989, 20.327990194591326, 206.61359267570054 
94.6999999999989, 20.295487610490728, 205.95340867379133 
94.79999999999889, 20.263019223921425, 205.29497403450463 
94.89999999999888, 20.23058494426644, 204.63828359358996 
94.99999999999888, 20.19818468117629, 203.98333220745226 
95.09999999999887, 20.165818344567946, 203.33011475305653 
95.19999999999887, 20.133485844623742, 202.6786261278323 
95.29999999999886, 20.10118709179032, 202.02886124957888 
95.39999999999885, 20.06892199677759, 201.3808150563717 
95.49999999999885, 20.03669047055767, 200.73448250646825 
95.59999999999884, 20.004492424363836, 200.08985857821506 
95.69999999999884, 19.97232776968949, 199.44693826995496 
95.79999999999883, 19.940196418287105, 198.80571659993495 
95.89999999999883, 19.90809828216723, 198.16618860621492 
95.99999999999882, 19.87603327359743, 197.52834934657605 
96.09999999999881, 19.844001305101276, 196.89219389843058 
96.19999999999881, 19.812002289457332, 196.2577173587313 
96.2999999999988, 19.78003613969815, 195.62491484388246 
96.3999999999988, 19.748102769109238, 194.99378148964996 
96.49999999999879, 19.716202091228073, 194.36431245107312 
96.59999999999879, 19.684334019843106, 193.73650290237634 
96.69999999999878, 19.652498468992768, 193.11034803688153 
96.79999999999878, 19.620695352964457, 192.48584306692052 
96.89999999999877, 19.58892458629359, 191.86298322374876 
96.99999999999876, 19.5571860837626, 191.24176375745873 
97.09999999999876, 19.52547976039996, 190.62217993689424 
97.19999999999875, 19.49380553147923, 190.0042270495651 
97.29999999999875, 19.462163312518058, 189.38790040156192 
97.39999999999874, 19.43055301927726, 188.7731953174723 
97.49999999999874, 19.398974567759815, 188.16010714029605 
97.59999999999873, 19.367427874209948, 187.54863123136224 
97.69999999999872, 19.33591285511216, 186.93876297024582 
97.79999999999872, 19.3044294271903, 186.3304977546854 
97.89999999999871, 19.27297750740661, 185.72383100050052 
97.9999999999987, 19.241557012960783, 185.11875814151014 
98.0999999999987, 19.21016786128905, 184.51527462945137 
98.1999999999987, 19.17880997006324, 183.9133759338986 
98.29999999999869, 19.147483257189865, 183.31305754218312 
98.39999999999868, 19.116187640809176, 182.71431495931276 
98.49999999999868, 19.084923039294285, 182.1171437078929 
98.59999999999867, 19.053689371250215, 181.5215393280467 
98.69999999999867, 19.022486555513023, 180.92749737733686 
98.79999999999866, 18.991314511148875, 180.33501343068693 
98.89999999999866, 18.960173157453166, 179.7440830803038 
98.99999999999865, 18.92906241394961, 179.1547019355999 
99.09999999999864, 18.897982200389343, 178.56686562311623 
99.19999999999864, 18.866932436750062, 177.9805697864458 
99.29999999999863, 18.835913043235124, 177.39581008615752 
99.39999999999863, 18.804923940272662, 176.81258219971994 
99.49999999999862, 18.773965048514718, 176.23088182142612 
99.59999999999862, 18.743036288836368, 175.65070466231847 
99.69999999999861, 18.71213758233486, 175.07204645011439 
99.7999999999986, 18.681268850328742, 174.49490292913148 
99.8999999999986, 18.650430014357013, 173.91926986021448 
99.9999999999986, 18.619620996178252, 173.345143020661 
100.09999999999859, 18.58884171776978, 172.77251820414904 
100.19999999999858, 18.558092101326803, 172.20139122066414 
100.29999999999858, 18.527372069261578, 171.63175789642702 
100.39999999999857, 18.496681544202545, 171.06361407382153 
100.49999999999856, 18.466020448993522, 170.49695561132344 
100.59999999999856, 18.435388706692855, 169.93177838342922 
100.69999999999855, 18.404786240572594, 169.36807828058514 
100.79999999999855, 18.37421297411766, 168.8058512091169 
100.89999999999854, 18.343668831025028, 168.24509309115956 
100.99999999999854, 18.313153735202906, 167.6857998645881 
101.09999999999853, 18.28266761076992, 167.12796748294775 
101.19999999999852, 18.252210382054304, 166.57159191538548 
101.29999999999852, 18.22178197359309, 166.01666914658102 
101.39999999999851, 18.191382310131296, 165.4631951766789 
101.49999999999851, 18.161011316621142, 164.9111660212206 
101.5999999999985, 18.130668918221243, 164.36057771107693 
101.6999999999985, 18.10035504029581, 163.81142629238096 
101.79999999999849, 18.070069608413863, 163.26370782646117 
101.89999999999849, 18.039812548348454, 162.71741838977516 
101.99999999999848, 18.009583786075865, 162.17255407384334 
102.09999999999847, 17.979383247774837, 161.62911098518322 
102.19999999999847, 17.949210859825804, 161.08708524524428 
102.29999999999846, 17.9190665488101, 160.54647299034255 
102.39999999999846, 17.8889502415092, 160.00727037159604 
102.49999999999845, 17.858861864903947, 159.46947355486023 
102.59999999999845, 17.828801346173805, 158.93307872066444 
102.69999999999844, 17.798768612696072, 158.39808206414745 
102.79999999999843, 17.76876359204515, 157.86447979499465 
102.89999999999843, 17.73878621199177, 157.33226813737465 
102.99999999999842, 17.708836400502253, 156.8014433298768 
103.09999999999842, 17.678914085737762, 156.27200162544852 
103.19999999999841, 17.64901919605357, 155.74393929133367 
103.2999999999984, 17.619151659998277, 155.21725260901002 
103.3999999999984, 17.58931140631313, 154.69193787412857 
103.4999999999984, 17.55949836393125, 154.16799139645215 
103.59999999999839, 17.529712461976914, 153.64540949979434 
103.69999999999838, 17.499953629764825, 153.12418852195952 
103.79999999999838, 17.470221796799386, 152.60432481468217 
103.89999999999837, 17.440516892773985, 152.08581474356737 
103.99999999999837, 17.410838847570272, 151.56865468803105 
104.09999999999836, 17.381187591257433, 151.05284104124067 
104.19999999999835, 17.351563054091496, 150.5383702100565 
104.29999999999835, 17.321965166514616, 150.02523861497286 
104.39999999999834, 17.29239385915436, 149.5134426900597 
104.49999999999834, 17.262849062823012, 149.00297888290467 
104.59999999999833, 17.233330708516878, 148.4938436545554 
104.69999999999833, 17.203838727415572, 147.98603347946192 
104.79999999999832, 17.174373050881336, 147.47954484541953 
104.89999999999831, 17.14493361045834, 146.97437425351205 
104.99999999999831, 17.11552033787201, 146.4705182180552 
105.0999999999983, 17.086133165028315, 145.96797326654024 
105.1999999999983, 17.05677202401311, 145.46673593957814 
105.29999999999829, 17.027436847091437, 144.9668027908436 
105.39999999999829, 16.998127566706874, 144.46817038702008 
105.49999999999828, 16.968844115480827, 143.97083530774415 
105.59999999999827, 16.939586426211886, 143.474794145551 
105.69999999999827, 16.910354431875145, 142.98004350581968 
105.79999999999826, 16.88114806562155, 142.48658000671907 
105.89999999999826, 16.8519672607772, 141.99440027915333 
105.99999999999825, 16.82281195084274, 141.50350096670869 
106.09999999999825, 16.793682069492665, 141.0138787255997 
106.19999999999824, 16.764577550574675, 140.52553022461618 
106.29999999999824, 16.73549832810904, 140.0384521450702 
106.39999999999823, 16.706444336287923, 139.55264118074342 
106.49999999999822, 16.67741550947476, 139.0680940378346 
106.59999999999822, 16.6484117822036, 138.58480743490782 
106.69999999999821, 16.61943308917847, 138.10277810284015 
106.7999999999982, 16.590479365272746, 137.6220027847704 
106.8999999999982, 16.561550545528494, 137.14247823604757 
106.9999999999982, 16.532646565155865, 136.66420122418 
107.09999999999819, 16.50376735953245, 136.18716852878435 
107.19999999999818, 16.474912864202658, 135.71137694153512 
107.29999999999818, 16.446083014877086, 135.2368232661143 
107.39999999999817, 16.4172777474319, 134.76350431816132 
107.49999999999817, 16.388496997908216, 134.2914169252233 
107.59999999999816, 16.35974070251149, 133.8205579267056 
107.69999999999816, 16.331008797610888, 133.3509241738221 
107.79999999999815, 16.30230121973868, 132.88251252954663 
107.89999999999814, 16.273617905589646, 132.41531986856396 
107.99999999999814, 16.244958792020455, 131.94934307722133 
108.09999999999813, 16.21632381604905, 131.48457905347985 
108.19999999999813, 16.187712914854085, 131.02102470686688 
108.29999999999812, 16.15912602577427, 130.5586769584277 
108.39999999999812, 16.130563086307824, 130.09753274067828 
108.49999999999811, 16.102024034111857, 129.63758899755794 
108.5999999999981, 16.073508807001783, 129.17884268438195 
108.6999999999981, 16.045017342950732, 128.7212907677949 
108.7999999999981, 16.01654958008896, 128.2649302257239 
108.89999999999809, 15.988105456703266, 127.80975804733238 
108.99999999999808, 15.959684911236415, 127.35577123297365 
109.09999999999808, 15.931287882286545, 126.90296679414506 
109.19999999999807, 15.902914308606608, 126.45134175344239 
109.29999999999806, 15.87456412910378, 126.00089314451422 
109.39999999999806, 15.846237282838894, 125.55161801201669 
109.49999999999805, 15.817933709025871, 125.10351341156847 
109.59999999999805, 15.789653347031152, 124.65657640970602 
109.69999999999804, 15.761396136373131, 124.21080408383894 
109.79999999999804, 15.733162016721588, 123.76619352220546 
109.89999999999803, 15.704950927897137, 123.32274182382858 
109.99999999999802, 15.676762809870663, 122.88044609847196 
110.09999999999802, 15.648597602762765, 122.43930346659627 
110.19999999999801, 15.620455246843193, 121.99931105931552 
110.29999999999801, 15.59233568253032, 121.56046601835413 
110.399999999998, 15.56423885039057, 121.12276549600358 
110.499999999998, 15.536164691137877, 120.68620665507964 
110.59999999999799, 15.508113145633144, 120.25078666887977 
110.69999999999798, 15.480084154883697, 119.81650272114065 
110.79999999999798, 15.452077660042743, 119.383352005996 
110.89999999999797, 15.424093602408835, 118.95133172793457 
110.99999999999797, 15.396131923425328, 118.52043910175824 
111.09999999999796, 15.368192564679855, 118.0906713525406 
111.19999999999796, 15.340275467903796, 117.66202571558551 
111.29999999999795, 15.312380574971726, 117.23449943638573 
111.39999999999795, 15.28450782790092, 116.80808977058226 
111.49999999999794, 15.256657168850804, 116.38279398392332 
111.59999999999793, 15.22882854012244, 115.95860935222387 
111.69999999999793, 15.201021884157994, 115.53553316132512 
111.79999999999792, 15.173237143540236, 115.11356270705453 
111.89999999999792, 15.14547426099201, 114.69269529518574 
111.99999999999791, 15.117733179375719, 114.27292824139874 
112.0999999999979, 15.090013841692814, 113.85425887124036 
112.1999999999979, 15.062316191083282, 113.4366845200848 
112.2999999999979, 15.034640170825142, 113.02020253309453 
112.39999999999789, 15.00698572433393, 112.60481026518119 
112.49999999999788, 14.979352795162193, 112.1905050809667 
112.59999999999788, 14.951741326998999, 111.77728435474489 
112.69999999999787, 14.924151263669424, 111.36514547044284 
112.79999999999787, 14.896582549134056, 110.95408582158265 
112.89999999999786, 14.869035127488498, 110.54410281124345 
112.99999999999785, 14.841508942962875, 110.1351938520235 
113.09999999999785, 14.81400393992134, 109.7273563660025 
113.19999999999784, 14.786520062861582, 109.32058778470405 
113.29999999999784, 14.759057256414332, 108.91488554905827 
113.39999999999783, 14.73161546534289, 108.5102471093649 
113.49999999999783, 14.704194634542622, 108.10666992525601 
113.59999999999782, 14.676794709040495, 107.70415146565954 
113.69999999999781, 14.649415633994574, 107.30268920876232 
113.79999999999781, 14.62205735469356, 106.90228064197402 
113.8999999999978, 14.594719816556305, 106.50292326189064 
113.9999999999978, 14.567402965131338, 106.10461457425865 
114.09999999999779, 14.540106746096392, 105.7073520939389 
114.19999999999779, 14.512831105257925, 105.31113334487098 
114.29999999999778, 14.48557598855066, 104.91595586003773 
114.39999999999777, 14.45834134203711, 104.52181718142974 
114.49999999999777, 14.431127111907113, 104.12871486001026 
114.59999999999776, 14.403933244477365, 103.73664645568012 
114.69999999999776, 14.37675968619096, 103.3456095372428 
114.79999999999775, 14.34960638361693, 102.95560168236987 
114.89999999999775, 14.322473283449781, 102.56662047756639 
114.99999999999774, 14.295360332509045, 102.17866351813656 
115.09999999999773, 14.268267477738805, 101.79172840814944 
115.19999999999773, 14.24119466620726, 101.40581276040506 
115.29999999999772, 14.21414184510627, 101.02091419640055 
115.39999999999772, 14.187108961750898, 100.63703034629631 
115.49999999999771, 14.16009596357896, 100.25415884888258 
115.5999999999977, 14.13310279815059, 99.87229735154602 
115.6999999999977, 14.10612941314778, 99.49144351023646 
115.7999999999977, 14.07917575637395, 99.11159498943398 
115.89999999999769, 14.052241775753496, 98.73274946211588 
115.99999999999768, 14.025327419331358, 98.354904609724 
116.09999999999768, 13.998432635272573, 97.97805812213213 
116.19999999999767, 13.971557371861845, 97.60220769761354 
116.29999999999767, 13.944701577503107, 97.22735104280882 
116.39999999999766, 13.91786520071909, 96.85348587269372 
116.49999999999766, 13.891048190150887, 96.48060991054712 
116.59999999999765, 13.86425049455752, 96.10872088791922 
116.69999999999764, 13.837472062815525, 95.73781654460008 
116.79999999999764, 13.810712843918513, 95.36789462858789 
116.89999999999763, 13.78397278697675, 94.9989528960578 
116.99999999999763, 13.757251841216735, 94.63098911133063 
117.09999999999762, 13.730549955980768, 94.26400104684174 
117.19999999999762, 13.70386708072654, 93.89798648311029 
117.29999999999761, 13.677203165026715, 93.53294320870839 
117.3999999999976, 13.650558158568503, 93.16886902023056 
117.4999999999976, 13.623932011153256, 92.8057617222632 
117.59999999999759, 13.597324672696043, 92.44361912735428 
117.69999999999759, 13.570736093225248, 92.08243905598323 
117.79999999999758, 13.544166222882149, 91.72221933653084 
117.89999999999758, 13.517615011920517, 91.36295780524947 
117.99999999999757, 13.491082410706206, 91.00465230623318 
118.09999999999756, 13.464568369716742, 90.64730069138828 
118.19999999999756, 13.43807283954093, 90.2909008204038 
118.29999999999755, 13.411595770878431, 89.93545056072212 
118.39999999999755, 13.385137114539386, 89.58094778750988 
118.49999999999754, 13.358696821443994, 89.22739038362893 
118.59999999999754, 13.332274842622121, 88.87477623960736 
118.69999999999753, 13.305871129212912, 88.52310325361086 
118.79999999999752, 13.279485632464375, 88.17236933141389 
118.89999999999752, 13.253118303733007, 87.82257238637143 
118.99999999999751, 13.226769094483393, 87.47371033939051 
119.09999999999751, 13.200437956287812, 87.12578111890198 
119.1999999999975, 13.174124840825852, 86.77878266083239 
119.2999999999975, 13.147829699884019, 86.43271290857615 
119.39999999999749, 13.121552485355357, 86.08756981296767 
119.49999999999748, 13.095293149239046, 85.74335133225354 
119.59999999999748, 13.069051643640035, 85.40005543206516 
119.69999999999747, 13.042827920768653, 85.05768008539117 
119.79999999999747, 13.016621932940229, 84.71622327255031 
119.89999999999746, 12.99043363257471, 84.37568298116409 
119.99999999999746, 12.964262972196288, 84.03605720612985 
120.09999999999745, 12.93810990443301, 83.69734394959377 
120.19999999999744, 12.911974382016421, 83.35954122092417 
120.29999999999744, 12.885856357781178, 83.0226470366848 
120.39999999999743, 12.859755784664676, 82.6866594206083 
120.49999999999743, 12.833672615706687, 82.35157640356987 
120.59999999999742, 12.80760680404898, 82.01739602356086 
120.69999999999742, 12.78155830293496, 81.6841163256628 
120.79999999999741, 12.75552706570929, 81.35173536202112 
120.8999999999974, 12.729513045817539, 81.02025119181945 
120.9999999999974, 12.703516196805802, 80.68966188125368 
121.0999999999974, 12.677536472320352, 80.35996550350637 
121.19999999999739, 12.65157382610727, 80.03116013872128 
121.29999999999738, 12.625628212012085, 79.70324387397774 
121.39999999999738, 12.599699583979412, 79.37621480326548 
121.49999999999737, 12.573787896052604, 79.05007102745948 
121.59999999999737, 12.547893102373381, 78.72481065429474 
121.69999999999736, 12.522015157181489, 78.40043179834147 
121.79999999999735, 12.496154014814335, 78.07693258098021 
121.89999999999735, 12.47030962970664, 77.75431113037706 
121.99999999999734, 12.444481956390083, 77.43256558145917 
122.09999999999734, 12.418670949492963, 77.11169407589023 
122.19999999999733, 12.392876563739831, 76.79169476204598 
122.29999999999733, 12.36709875395116, 76.47256579499016 
122.39999999999732, 12.34133747504298, 76.15430533645012 
122.49999999999731, 12.315592682026551, 75.83691155479298 
122.59999999999731, 12.289864330008013, 75.52038262500166 
122.6999999999973, 12.264152374188038, 75.20471672865105 
122.7999999999973, 12.238456769861493, 74.8899120538843 
122.89999999999729, 12.212777472417102, 74.57596679538933 
122.99999999999729, 12.187114437337101, 74.2628791543752 
123.09999999999728, 12.161467620196904, 73.95064733854888 
123.19999999999727, 12.135836976664768, 73.63926956209193 
123.29999999999727, 12.110222462501453, 73.32874404563738 
123.39999999999726, 12.084624033559889, 73.01906901624663 
123.49999999999726, 12.059041645784848, 72.71024270738667 
123.59999999999725, 12.033475255212604, 72.40226335890702 
123.69999999999725, 12.007924817970613, 72.09512921701729 
123.79999999999724, 11.98239029027717, 71.7888385342643 
123.89999999999723, 11.956871628441094, 71.4833895695098 
123.99999999999723, 11.931368788861393, 71.1787805879079 
124.09999999999722, 11.905881728026941, 70.87500986088288 
124.19999999999722, 11.88041040251615, 70.57207566610697 
124.29999999999721, 11.854954768996647, 70.26997628747817 
124.3999999999972, 11.829514784224955, 69.9687100150984 
124.4999999999972, 11.804090405046175, 69.66827514525158 
124.5999999999972, 11.77868158839365, 69.3686699803818 
124.69999999999719, 11.753288291288666, 69.06989282907162 
124.79999999999718, 11.72791047084012, 68.77194200602067 
124.89999999999718, 11.702548084244208, 68.47481583202389 
124.99999999999717, 11.67720108878411, 68.17851263395039 
125.09999999999717, 11.651869441829671, 67.88303074472205 
125.19999999999716, 11.626553100837095, 67.58836850329233 
125.29999999999715, 11.601252023348627, 67.2945242546253 
125.39999999999715, 11.575966166992236, 67.00149634967447 
125.49999999999714, 11.550695489481324, 66.70928314536211 
125.59999999999714, 11.525439948614396, 66.4178830045583 
125.69999999999713, 11.50019950227476, 66.12729429606033 
125.79999999999713, 11.474974108430224, 65.83751539457201 
125.89999999999712, 11.449763725132785, 65.54854468068329 
125.99999999999712, 11.424568310518325, 65.26038054084977 
126.09999999999711, 11.399387822806307, 64.97302136737237 
126.1999999999971, 11.374222220299476, 64.68646555837717 
126.2999999999971, 11.349071461383552, 64.4007115177953 
126.39999999999709, 11.32393550452693, 64.11575765534278 
126.49999999999709, 11.298814308280383, 63.83160238650075 
126.59999999999708, 11.273707831276761, 63.54824413249548 
126.69999999999708, 11.2486160322307, 63.265681320278766 
126.79999999999707, 11.22353886993831, 62.98391238250805 
126.89999999999706, 11.198476303276898, 62.70293575752711 
126.99999999999706, 11.17342829120466, 62.42274988934634 
127.09999999999705, 11.148394792760392, 62.143353227623514 
127.19999999999705, 11.123375767063202, 61.86474422764444 
127.29999999999704, 11.09837117331221, 61.58692135030371 
127.39999999999704, 11.073380970786264, 61.309883062085675 
127.49999999999703, 11.048405118843649, 61.033627835045266 
127.59999999999702, 11.02344357692179, 60.75815414678914 
127.69999999999702, 10.998496304536987, 60.48346048045688 
127.79999999999701, 10.973563261284097, 60.209545324702034 
127.89999999999701, 10.948644406836278, 59.93640717367366 
127.999999999997, 10.92373970094468, 59.66404452699748 
128.099999999997, 10.898849103438181, 59.39245588975762 
128.199999999997, 10.87397257422309, 59.12163977247798 
128.299999999997, 10.849110073282878, 58.851594691104005 
128.399999999997, 10.82426156067788, 58.582319166984355 
128.499999999997, 10.79942699654503, 58.313811726852805 
128.59999999999698, 10.77460634109758, 58.0460709028101 
128.69999999999698, 10.749799554624815, 57.779095232305934 
128.79999999999697, 10.725006597491781, 57.512883258121114 
128.89999999999696, 10.700227430139012, 57.24743352834967 
128.99999999999696, 10.675462013082244, 56.982744596381 
129.09999999999695, 10.650710306912151, 56.71881502088236 
129.19999999999695, 10.625972272294069, 56.45564336578119 
129.29999999999694, 10.601247869967724, 56.193228200247596 
129.39999999999694, 10.57653706074695, 55.93156809867687 
129.49999999999693, 10.551839805519437, 55.670661640672236 
129.59999999999692, 10.52715606524645, 55.41050741102756 
129.69999999999692, 10.502485800962559, 55.15110399971008 
129.7999999999969, 10.477828973775374, 54.89245000184335 
129.8999999999969, 10.453185544865276, 54.634544017690175 
129.9999999999969, 10.42855547548516, 54.377384652635754 
130.0999999999969, 10.403938726960153, 54.12097051717062 
130.1999999999969, 10.379335260687363, 53.865300226874 
130.29999999999688, 10.354745038135608, 53.610372402397 
130.39999999999688, 10.330168020845164, 53.35618566944605 
130.49999999999687, 10.305604170427484, 53.10273865876618 
130.59999999999687, 10.28105344856496, 52.85003000612472 
130.69999999999686, 10.256515817010643, 52.59805835229474 
130.79999999999686, 10.231991237587994, 52.34682234303875 
130.89999999999685, 10.207479672190624, 52.0963206290924 
130.99999999999685, 10.182981082782035, 51.846551866148396 
131.09999999999684, 10.158495431395368, 51.59751471484028 
131.19999999999683, 10.134022680133139, 51.34920784072642 
131.29999999999683, 10.109562791166988, 51.101629914274035 
131.39999999999682, 10.085115726737428, 50.854779610843295 
131.49999999999682, 10.060681449153586, 50.60865561067155 
131.5999999999968, 10.036259920792952, 50.36325659885748 
131.6999999999968, 10.011851104101131, 50.11858126534552 
131.7999999999968, 9.987454961591586, 49.874628304910196 
131.8999999999968, 9.963071455845393, 49.631396417140614 
131.9999999999968, 9.938700549510985, 49.38888430642498 
132.09999999999678, 9.914342205303912, 49.14709068193522 
132.19999999999678, 9.889996386006587, 48.90601425761167 
132.29999999999677, 9.865663054468042, 48.66565375214785 
132.39999999999677, 9.841342173603682, 48.42600788897522 
132.49999999999676, 9.817033706395032, 48.18707539624808 
132.59999999999675, 9.792737615889505, 47.94885500682864 
132.69999999999675, 9.76845386520015, 47.71134545827188 
132.79999999999674, 9.744182417505412, 47.474545492810805 
132.89999999999674, 9.719923236048885, 47.23845385734151 
132.99999999999673, 9.695676284139076, 47.00306930340846 
133.09999999999673, 9.671441525149158, 46.768390587189735 
133.19999999999672, 9.64721892251674, 46.53441646948254 
133.29999999999671, 9.62300843974362, 46.30114571568847 
133.3999999999967, 9.598810040395545, 46.068577095799164 
133.4999999999967, 9.574623688101983, 45.83670938438181 
133.5999999999967, 9.550449346555872, 45.60554136056474 
133.6999999999967, 9.526286979513396, 45.37507180802323 
133.7999999999967, 9.50213655079374, 45.145299514965174 
133.89999999999668, 9.477998024278863, 44.916223274117016 
133.99999999999667, 9.453871363913262, 44.6878418827096 
134.09999999999667, 9.429756533703737, 44.460154142464155 
134.19999999999666, 9.405653497719157, 44.23315885957831 
134.29999999999666, 9.381562220090231, 44.00685484471217 
134.39999999999665, 9.357482665009275, 43.781240912974546 
134.49999999999665, 9.333414796729983, 43.55631588390909 
134.59999999999664, 9.309358579567196, 43.33207858148068 
134.69999999999663, 9.285313977896674, 43.10852783406168 
134.79999999999663, 9.26128095615487, 42.88566247441843 
134.89999999999662, 9.237259478838695, 42.66348133969766 
134.99999999999662, 9.213249510505298, 42.44198327141306 
135.0999999999966, 9.18925101577184, 42.22116711543189 
135.1999999999966, 9.165263959315261, 42.00103172196163 
135.2999999999966, 9.141288305872063, 41.781575945536666 
135.3999999999966, 9.117324020238087, 41.562798645005195 
135.4999999999966, 9.093371067268277, 41.34469868351591 
135.59999999999658, 9.069429411876472, 41.127274928505 
135.69999999999658, 9.045499019035177, 40.91052625168317 
135.79999999999657, 9.021579853775341, 40.69445152902255 
135.89999999999657, 8.997671881186138, 40.479049640743845 
135.99999999999656, 8.973775066414747, 40.2643194713035 
136.09999999999656, 8.949889374666133, 40.05025990938088 
136.19999999999655, 8.926014771202828, 39.836869847865536 
136.29999999999654, 8.90215122134471, 39.624148183844554 
136.39999999999654, 8.878298690468787, 39.41209381858989 
136.49999999999653, 8.854457144008984, 39.20070565754587 
136.59999999999653, 8.830626547455921, 38.98998261031664 
136.69999999999652, 8.806806866356707, 38.77992359065382 
136.79999999999652, 8.78299806631471, 38.57052751644396 
136.8999999999965, 8.759200112989358, 38.361793309696395 
136.9999999999965, 8.735412972095915, 38.153719896530795 
137.0999999999965, 8.711636609405275, 37.946306207165115 
137.1999999999965, 8.687870990743745, 37.73955117590335 
137.2999999999965, 8.664116081992836, 37.533453741123445 
137.39999999999648, 8.640371849089046, 37.328012845265235 
137.49999999999648, 8.616638258023661, 37.12322743481852 
137.59999999999647, 8.592915274842538, 36.9190964603111 
137.69999999999646, 8.569202865645893, 36.715618876296894 
137.79999999999646, 8.545500996588101, 36.51279364134412 
137.89999999999645, 8.52180963387748, 36.31061971802351 
137.99999999999645, 8.498128743776086, 36.109096072896655 
138.09999999999644, 8.47445829259951, 35.9082216765043 
138.19999999999644, 8.450798246716666, 35.70799550335474 
138.29999999999643, 8.42714857254959, 35.5084165319123 
138.39999999999642, 8.403509236573237, 35.309483744585854 
138.49999999999642, 8.379880205315267, 35.11119612771732 
138.5999999999964, 8.356261445355852, 34.913552671570336 
138.6999999999964, 8.332652923327464, 34.716552370318865 
138.7999999999964, 8.309054605914682, 34.520194222036 
138.8999999999964, 8.285466459853982, 34.32447722868264 
138.9999999999964, 8.261888451933538, 34.12940039609638 
139.09999999999638, 8.238320548993022, 33.93496273398034 
139.19999999999638, 8.214762717923401, 33.74116325589213 
139.29999999999637, 8.191214925666745, 33.54800097923283 
139.39999999999637, 8.167677139216021, 33.355474925236 
139.49999999999636, 8.144149325614894, 33.16358411895676 
139.59999999999636, 8.12063145195753, 32.972327589260935 
139.69999999999635, 8.097123485388405, 32.78170436881423 
139.79999999999634, 8.073625393102098, 32.591713494071506 
139.89999999999634, 8.050137142343106, 32.40235400526601 
139.99999999999633, 8.026658700405635, 32.21362494639874 
140.09999999999633, 8.00319003463341, 32.025525365227764 
140.19999999999632, 7.979731112419493, 31.83805431325782 
140.29999999999632, 7.956281901206068, 31.65121084572962 
140.3999999999963, 7.932842368484259, 31.464994021609474 
140.4999999999963, 7.909412481793939, 31.279402903578877 
140.5999999999963, 7.885992208723533, 31.094436558024128 
140.6999999999963, 7.862581516909825, 30.910094055026 
140.7999999999963, 7.839180374037775, 30.726374468349512 
140.89999999999628, 7.815788747840315, 30.543276875433644 
140.99999999999628, 7.792406606098169, 30.36080035738119 
141.09999999999627, 7.769033916639658, 30.17894399894867 
141.19999999999627, 7.745670647340512, 29.997706888536197 
141.29999999999626, 7.722316766123687, 29.8170881181775 
141.39999999999625, 7.698972240959166, 29.6370867835299 
141.49999999999625, 7.675637039863778, 29.45770198386439 
141.59999999999624, 7.652311130901013, 29.27893282205577 
141.69999999999624, 7.628994482180829, 29.100778404572768 
141.79999999999623, 7.605687061859472, 28.923237841468282 
141.89999999999623, 7.582388838139284, 28.7463102463696 
141.99999999999622, 7.559099779268523, 28.56999473646872 
142.09999999999621, 7.535819853541175, 28.394290432512665 
142.1999999999962, 7.512549029296771, 28.21919645879393 
142.2999999999962, 7.489287274920206, 28.04471194314086 
142.3999999999962, 7.46603455884155, 27.87083601690817 
142.4999999999962, 7.442790849535874, 27.69756781496747 
142.5999999999962, 7.419556115523058, 27.524906475697804 
142.69999999999618, 7.396330325367616, 27.352851140976313 
142.79999999999617, 7.373113447678514, 27.181400956168872 
142.89999999999617, 7.349905451108986, 27.010555070120795 
142.99999999999616, 7.326706304356355, 26.84031263514758 
143.09999999999616, 7.303515976161854, 26.670672807025724 
143.19999999999615, 7.280334435310451, 26.50163474498357 
143.29999999999615, 7.25716165063066, 26.333197611692167 
143.39999999999614, 7.233997590994374, 26.1653605732562 
143.49999999999613, 7.21084222531668, 25.998122799205007 
143.59999999999613, 7.187695522555683, 25.831483462483504 
143.69999999999612, 7.1645574517123265, 25.665441739443313 
143.79999999999612, 7.141427981830225, 25.499996809833863 
143.8999999999961, 7.118307081995476, 25.335147856793473 
143.9999999999961, 7.095194721336494, 25.170894066840624 
144.0999999999961, 7.072090869023831, 25.00723462986512 
144.1999999999961, 7.048995494270003, 24.844168739119404 
144.2999999999961, 7.025908566329317, 24.681695591209838 
144.39999999999608, 7.002830054497693, 24.51981438608808 
144.49999999999608, 6.979759928112494, 24.358524327042463 
144.59999999999607, 6.956698156552354, 24.197824620689456 
144.69999999999607, 6.933644709237001, 24.037714476965128 
144.79999999999606, 6.910599555627093, 23.87819310911669 
144.89999999999606, 6.887562665224039, 23.719259733694038 
144.99999999999605, 6.864534007569835, 23.56091357054139 
145.09999999999604, 6.841513552246883, 23.403153842788882 
145.19999999999604, 6.818501268877827, 23.24597977684427 
145.29999999999603, 6.795497127125387, 23.089390602384693 
145.39999999999603, 6.772501096692183, 22.933385552348412 
145.49999999999602, 6.749513147320569, 22.777963862926608 
145.59999999999602, 6.726533248792469, 22.623124773555286 
145.699999999996, 6.7035613709292, 22.468867526907086 
145.799999999996, 6.680597483591307, 22.31519136888325 
145.899999999996, 6.6576415566784, 22.162095548605595 
145.999999999996, 6.634693560128983, 22.0095793184085 
146.099999999996, 6.611753463920288, 21.857641933830966 
146.19999999999598, 6.588821238068116, 21.706282653608728 
146.29999999999598, 6.565896852626659, 21.555500739666332 
146.39999999999597, 6.542980277688344, 21.40529545710932 
146.49999999999596, 6.520071483383667, 21.255666074216446 
146.59999999999596, 6.497170439881023, 21.106611862431883 
146.69999999999595, 6.474277117386547, 20.95813209635753 
146.79999999999595, 6.4513914861439545, 20.81022605374535 
146.89999999999594, 6.4285135164343705, 20.662893015489697 
146.99999999999594, 6.405643178576169, 20.516132265619706 
147.09999999999593, 6.382780442924811, 20.369943091291724 
147.19999999999592, 6.359925279872682, 20.224324782781807 
147.29999999999592, 6.337077659848933, 20.079276633478212 
147.3999999999959, 6.314237553319318, 19.934797939873963 
147.4999999999959, 6.291404930786032, 19.7908880015594 
147.5999999999959, 6.268579762787552, 19.647546121214823 
147.6999999999959, 6.245762019898474, 19.504771604603132 
147.7999999999959, 6.222951672729356, 19.362563760562544 
147.89999999999588, 6.200148691926558, 19.220921900999304 
147.99999999999588, 6.177353048172087, 19.079845340880485 
148.09999999999587, 6.154564712183429, 18.939333398226747 
148.19999999999587, 6.131783654713403, 18.79938539410523 
148.29999999999586, 6.109009846549989, 18.660000652622358 
148.39999999999586, 6.086243258516182, 18.52117850091684 
148.49999999999585, 6.063483861469834, 18.382918269152565 
148.59999999999584, 6.040731626303492, 18.245219290511614 
148.69999999999584, 6.017986523944243, 18.108080901187257 
148.79999999999583, 5.995248525353563, 17.971502440377034 
148.89999999999583, 5.972517601527151, 17.835483250275814 
148.99999999999582, 5.9497937234947855, 17.700022676068972 
149.09999999999582, 5.927076862320164, 17.56512006592552 
149.1999999999958, 5.904366989100749, 17.430774770991324 
149.2999999999958, 5.881664074967614, 17.29698614538232 
149.3999999999958, 5.858968091085283, 17.163753546177762 
149.4999999999958, 5.83627900865159, 17.03107633341359 
149.5999999999958, 5.813596798897518, 16.898953870075736 
149.69999999999578, 5.790921433087049, 16.76738552209348 
149.79999999999578, 5.768252882517006, 16.636370658332872 
149.89999999999577, 5.745591118516904, 16.505908650590165 
149.99999999999577, 5.722936112448803, 16.37599887358531 
150.09999999999576, 5.700287835707151, 16.246640704955457 
150.19999999999575, 5.677646259718634, 16.1178335252485 
150.29999999999575, 5.655011355942027, 15.989576717916641 
150.39999999999574, 5.63238309586804, 15.861869669310021 
150.49999999999574, 5.6097614510191685, 15.734711768670342 
150.59999999999573, 5.587146392949551, 15.608102408124589 
150.69999999999573, 5.56453789324481, 15.482040982678695 
150.79999999999572, 5.5419359235219074, 15.356526890211308 
150.8999999999957, 5.519340455428995, 15.231559531467571 
150.9999999999957, 5.496751460645264, 15.107138310052921 
151.0999999999957, 5.474168910880803, 14.98326263242696 
151.1999999999957, 5.451592777876445, 14.859931907897305 
151.2999999999957, 5.429023033403616, 14.7371455486135 
151.39999999999569, 5.406459649264198, 14.614902969560976 
151.49999999999568, 5.383902597290374, 14.493203588555016 
151.59999999999567, 5.361351849344487, 14.372046826234776 
151.69999999999567, 5.338807377318888, 14.251432106057292 
151.79999999999566, 5.316269153135796, 14.131358854291596 
151.89999999999566, 5.293737148747143, 14.011826500012765 
151.99999999999565, 5.271211336134441, 13.892834475096121 
152.09999999999565, 5.248691687308631, 13.774382214211364 
152.19999999999564, 5.226178174309935, 13.656469154816765 
152.29999999999563, 5.203670769207717, 13.539094737153416 
152.39999999999563, 5.181169444100331, 13.422258404239468 
152.49999999999562, 5.158674171114992, 13.305959601864474 
152.59999999999562, 5.136184922407616, 13.190197778583665 
152.6999999999956, 5.113701670162686, 13.074972385712323 
152.7999999999956, 5.091224386593106, 12.960282877320177 
152.8999999999956, 5.0687530439400605, 12.846128710225814 
152.9999999999956, 5.046287614472872, 12.732509343991156 
153.0999999999956, 5.023828070488854, 12.61942424091588 
153.19999999999558, 5.001374384313174, 12.506872866031992 
153.29999999999558, 4.978926528298713, 12.394854687098336 
153.39999999999557, 4.956484474825921, 12.283369174595196 
153.49999999999557, 4.934048196302678, 12.172415801718854 
153.59999999999556, 4.911617665164148, 12.06199404437626 
153.69999999999555, 4.889192853872648, 11.952103381179683 
153.79999999999555, 4.866773734917502, 11.842743293441426 
153.89999999999554, 4.844360280814904, 11.733913265168527 
153.99999999999554, 4.821952464107768, 11.625612783057488 
154.09999999999553, 4.799550257365604, 11.51784133648912 
154.19999999999553, 4.7771536331843745, 11.410598417523335 
154.29999999999552, 4.754762564186348, 11.303883520893967 
154.39999999999552, 4.732377023019965, 11.197696144003654 
154.4999999999955, 4.709996982359705, 11.092035786918764 
154.5999999999955, 4.687622414905943, 10.986901952364311 
154.6999999999955, 4.665253293384811, 10.882294145718914 
154.7999999999955, 4.642889590548064, 10.778211875009784 
154.8999999999955, 4.620531279172938, 10.674654650907753 
154.99999999999548, 4.59817833206202, 10.571621986722333 
155.09999999999548, 4.575830722043109, 10.469113398396779 
155.19999999999547, 4.553488421969072, 10.367128404503195 
155.29999999999546, 4.531151404717718, 10.265666526237677 
155.39999999999546, 4.508819643191659, 10.164727287415479 
155.49999999999545, 4.486493110318172, 10.06431021446621 
155.59999999999545, 4.464171779049061, 9.96441483642903 
155.69999999999544, 4.441855622360533, 9.86504068494794 
155.79999999999544, 4.419544613253053, 9.766187294267038 
155.89999999999543, 4.397238724751211, 9.667854201225827 
155.99999999999542, 4.374937929903586, 9.570040945254538 
156.09999999999542, 4.352642201782621, 9.472747068369532 
156.1999999999954, 4.330351513484479, 9.37597211516866 
156.2999999999954, 4.308065838128915, 9.279715632826694 
156.3999999999954, 4.285785148859134, 9.183977171090753 
156.4999999999954, 4.263509418841672, 9.088756282275824 
156.5999999999954, 4.241238621266251, 8.994052521260224 
156.69999999999538, 4.2189727293456505, 8.899865445481144 
156.79999999999538, 4.196711716315574, 8.806194614930204 
156.89999999999537, 4.17445555543452, 8.713039592149062 
156.99999999999537, 4.1522042199836475, 8.620399942225005 
157.09999999999536, 4.129957683266641, 8.528275232786578 
157.19999999999536, 4.107715918609581, 8.436665033999278 
157.29999999999535, 4.08547889936082, 8.345568918561248 
157.39999999999534, 4.063246598890839, 8.254986461698984 
157.49999999999534, 4.041018990592121, 8.164917241163083 
157.59999999999533, 4.018796047879028, 8.075360837224046 
157.69999999999533, 3.9965777441876607, 7.986316832668066 
157.79999999999532, 3.9743640529757283, 7.897784812792828 
157.89999999999532, 3.9521549477224247, 7.809764365403421 
157.9999999999953, 3.9299504019282967, 7.72225508080819 
158.0999999999953, 3.9077503891151117, 7.635256551814654 
158.1999999999953, 3.885554882825727, 7.548768373725425 
158.2999999999953, 3.863363856623968, 7.4627901443342095 
158.3999999999953, 3.8411772840944924, 7.377321463921771 
158.49999999999528, 3.8189951388426615, 7.2923619352519395 
158.59999999999528, 3.7968173944944144, 7.207911163567677 
158.69999999999527, 3.774644024696142, 7.123968756587145 
158.79999999999526, 3.7524750031145517, 7.040534324499777 
158.89999999999526, 3.730310303436542, 6.957607479962412 
158.99999999999525, 3.70814989936908, 6.875187838095458 
159.09999999999525, 3.6859937646390675, 6.7932750164790425 
159.19999999999524, 3.6638418729932134, 6.711868635149209 
159.29999999999524, 3.6416941981979116, 6.630968316594165 
159.39999999999523, 3.619550714039113, 6.550573685750527 
159.49999999999523, 3.5974113943221915, 6.470684369999567 
159.59999999999522, 3.5752762128718247, 6.391299999163548 
159.6999999999952, 3.5531451435318684, 6.31242020550205 
159.7999999999952, 3.5310181601652237, 6.234044623708301 
159.8999999999952, 3.508895236653715, 6.156172890905566 
159.9999999999952, 3.4867763468979662, 6.0788046466435635 
160.0999999999952, 3.464661464817271, 6.001939532894879 
160.19999999999519, 3.4425505643494665, 5.9255771940514155 
160.29999999999518, 3.420443619450814, 5.849717276920892 
160.39999999999517, 3.39834060409587, 5.774359430723341 
160.49999999999517, 3.3762414922773587, 5.699503307087623 
160.59999999999516, 3.354146258006051, 5.625148560047997 
160.69999999999516, 3.332054875310641, 5.551294846040706 
160.79999999999515, 3.3099673182376166, 5.47794182390056 
160.89999999999515, 3.287883560851138, 5.405089154857579 
160.99999999999514, 3.2658035772329166, 5.332736502533657 
161.09999999999513, 3.243727341482086, 5.2608835329392205 
161.19999999999513, 3.2216548277150787, 5.1895299144699365 
161.29999999999512, 3.1995860100655094, 5.118675317903463 
161.39999999999512, 3.177520862684042, 5.048319416396168 
161.4999999999951, 3.1554593597382716, 4.978461885479931 
161.5999999999951, 3.1334014754126036, 4.909102403058941 
161.6999999999951, 3.1113471839081264, 4.840240649406514 
161.7999999999951, 3.0892964594424868, 4.771876307161942 
161.8999999999951, 3.067249276249776, 4.704009061327387 
161.99999999999508, 3.0452056085804, 4.636638599264762 
162.09999999999508, 3.0231654307009572, 4.569764610692652 
162.19999999999507, 3.001128716894123, 4.503386787683283 
162.29999999999507, 2.9790954414585222, 4.437504824659474 
162.39999999999506, 2.9570655787086046, 4.3721184183916275 
162.49999999999505, 2.9350391029745313, 4.3072272679947705 
162.59999999999505, 2.91301598860205, 4.24283107492559 
162.69999999999504, 2.8909962099523683, 4.178929542979479 
162.79999999999504, 2.868979741402042, 4.115522378287664 
162.89999999999503, 2.8469665573428475, 4.052609289314293 
162.99999999999503, 2.82495663218166, 3.990189986853574 
163.09999999999502, 2.802949940340341, 3.9282641840269608 
163.19999999999501, 2.7809464562556094, 3.866831596280316 
163.299999999995, 2.758946154378921, 3.8058919413811187 
163.399999999995, 2.7369490091763575, 3.7454449394157225 
163.499999999995, 2.714954995128496, 3.685490312786586 
163.599999999995, 2.692964086730293, 3.6260277862095607 
163.699999999995, 2.6709762584909673, 3.5670570867112033 
163.79999999999498, 2.6489914849338763, 3.5085779436260913 
163.89999999999498, 2.627009740596396, 3.4505900885941716 
163.99999999999497, 2.605031000029807, 3.3930932555581483 
164.09999999999496, 2.5830552377991696, 3.3360871807608623 
164.19999999999496, 2.561082428483205, 3.279571602742716 
164.29999999999495, 2.5391125466741835, 3.223546262339129 
164.39999999999495, 2.5171455669777942, 3.1680109026779806 
164.49999999999494, 2.4951814640130348, 3.1129652691771157 
164.59999999999494, 2.4732202124120923, 3.0584091095418575 
164.69999999999493, 2.451261786820218, 3.0043421737625238 
164.79999999999492, 2.4293061618956164, 2.9507642141120054 
164.89999999999492, 2.4073533123093265, 2.8976749851433428 
164.9999999999949, 2.3854032127450955, 2.8450742436873115 
165.0999999999949, 2.363455837899272, 2.7929617488500744 
165.1999999999949, 2.341511162480682, 2.741337262010817 
165.2999999999949, 2.319569161210509, 2.690200546819412 
165.3999999999949, 2.297629808822184, 2.639551369194133 
165.49999999999488, 2.2756930800612603, 2.5893894973193525 
165.59999999999488, 2.2537589496852983, 2.5397147016432897 
165.69999999999487, 2.2318273924637544, 2.4905267548757806 
165.79999999999487, 2.209898383177852, 2.441825431986042 
165.89999999999486, 2.187971896620475, 2.393610510200499 
165.99999999999486, 2.1660479075960475, 2.3458817690006075 
166.09999999999485, 2.1441263909204125, 2.2986389901206965 
166.19999999999484, 2.1222073214207238, 2.2518819575458617 
166.29999999999484, 2.1002906739353238, 2.2056104575098483 
166.39999999999483, 2.0783764233136237, 2.1598242784929655 
166.49999999999483, 2.0564645444159986, 2.1145232112200505 
166.59999999999482, 2.0345550121136577, 2.069707048658403 
166.69999999999482, 2.012647801288537, 2.0253755860157914 
166.7999999999948, 1.990742886833183, 1.9815286207384575 
166.8999999999948, 1.968840243650628, 1.9381659525091322 
166.9999999999948, 1.9469398466542878, 1.8952873832451107 
167.0999999999948, 1.9250416707678362, 1.852892717096311 
167.1999999999948, 1.9031456909250895, 1.810981760443368 
167.29999999999478, 1.8812518820698991, 1.7695543218957688 
167.39999999999478, 1.8593602191560246, 1.7286102122899698 
167.49999999999477, 1.8374706771470275, 1.6881492446875779 
167.59999999999476, 1.8155832310161537, 1.6481712343735282 
167.69999999999476, 1.7936978557462127, 1.6086759988542805 
167.79999999999475, 1.7718145263294727, 1.5696633578560668 
167.89999999999475, 1.7499332177675362, 1.5311331333231215 
167.99999999999474, 1.7280539050712291, 1.4930851494159623 
168.09999999999474, 1.7061765632604904, 1.455519232509689 
168.19999999999473, 1.6843011673642454, 1.41843521119228 
168.29999999999472, 1.6624276924203059, 1.3818329162629515 
168.39999999999472, 1.6405561134752435, 1.3457121807304981 
168.4999999999947, 1.618686405584281, 1.3100728398116797 
168.5999999999947, 1.5968185438111795, 1.2749147309296278 
168.6999999999947, 1.5749525032281169, 1.2402376937122557 
168.7999999999947, 1.5530882589155828, 1.206041569990718 
168.8999999999947, 1.531225785962258, 1.1723262037978674 
168.99999999999469, 1.5093650594649008, 1.139091441366742 
169.09999999999468, 1.487506054528239, 1.1063371311290842 
169.19999999999467, 1.4656487462648462, 1.0740631237138578 
169.29999999999467, 1.443793109795038, 1.0422692719458133 
169.39999999999466, 1.4219391202467517, 1.0109554308440531 
169.49999999999466, 1.400086752755433, 0.9801214576206265 
169.59999999999465, 1.378235982463929, 0.9497672116791558 
169.69999999999465, 1.3563867845223632, 0.9198925546134579 
169.79999999999464, 1.3345391340880344, 0.8904973502062203 
169.89999999999463, 1.312693006325294, 0.8615814644276691 
169.99999999999463, 1.290848376405436, 0.833144765434275 
