t, ω_1, ω_2 
0, 0.5235987755982988, 0
0.001, 0.5295992345807179, 0.01
0.002, 0.535600199772643, 0.02
0.003, 0.5416016732430471, 0.03
0.004, 0.547603655525248, 0.04
0.005, 0.5536061457114938, 0.05
0.006, 0.5596091415404979, 0.060000000000000005
0.007, 0.5656126394783637, 0.07
0.008, 0.5716166347933148, 0.08
0.009000000000000001, 0.577621121624626, 0.09
0.010000000000000002, 0.583626093046128, 0.09999999999999999
0.011000000000000003, 0.58963154112464, 0.10999999999999999
0.012000000000000004, 0.5956374569736659, 0.11999999999999998
0.013000000000000005, 0.6016438308026729, 0.12999999999999998
0.014000000000000005, 0.6076506519622575, 0.13999999999999999
0.015000000000000006, 0.6136579089854853, 0.15
0.016000000000000007, 0.6196655896256831, 0.16
0.017000000000000008, 0.6256736808909447, 0.17
0.01800000000000001, 0.6316821690756047, 0.18000000000000002
0.01900000000000001, 0.6376910397889206, 0.19000000000000003
0.02000000000000001, 0.6437002779811971, 0.20000000000000004
0.02100000000000001, 0.6497098679675765, 0.21000000000000005
0.022000000000000013, 0.6557197934497125, 0.22000000000000006
0.023000000000000013, 0.6617300375355372, 0.23000000000000007
0.024000000000000014, 0.667740582757323, 0.24000000000000007
0.025000000000000015, 0.6737514110882411, 0.25000000000000006
0.026000000000000016, 0.6797625039576067, 0.26000000000000006
0.027000000000000017, 0.6857738422650007, 0.2700000000000001
0.028000000000000018, 0.6917854063934529, 0.2800000000000001
0.02900000000000002, 0.6977971762218667, 0.2900000000000001
0.03000000000000002, 0.7038091311368647, 0.3000000000000001
0.03100000000000002, 0.7098212500442282, 0.3100000000000001
0.03200000000000002, 0.7158335113801028, 0.3200000000000001
0.03300000000000002, 0.721845893122139, 0.3300000000000001
0.03400000000000002, 0.7278583728007348, 0.34000000000000014
0.035000000000000024, 0.7338709275105408, 0.35000000000000014
0.036000000000000025, 0.739883533922389, 0.36000000000000015
0.037000000000000026, 0.7458961682958015, 0.37000000000000016
0.03800000000000003, 0.7519088064922304, 0.38000000000000017
0.03900000000000003, 0.7579214239891767, 0.3900000000000002
0.04000000000000003, 0.763933995895332, 0.4000000000000002
0.04100000000000003, 0.7699464969668771, 0.4100000000000002
0.04200000000000003, 0.7759589016250713, 0.4200000000000002
0.04300000000000003, 0.7819711839752514, 0.4300000000000002
0.04400000000000003, 0.7879833178273582, 0.4400000000000002
0.04500000000000003, 0.7939952767180927, 0.45000000000000023
0.046000000000000034, 0.8000070339347978, 0.46000000000000024
0.047000000000000035, 0.8060185625411478, 0.47000000000000025
0.048000000000000036, 0.8120298354047149, 0.48000000000000026
0.04900000000000004, 0.8180408252264683, 0.49000000000000027
0.05000000000000004, 0.8240515045722466, 0.5000000000000002
0.05100000000000004, 0.8300618459062268, 0.5100000000000002
0.05200000000000004, 0.8360718216263947, 0.5200000000000002
0.05300000000000004, 0.8420814041020063, 0.5300000000000002
0.05400000000000004, 0.8480905657130053, 0.5400000000000003
0.05500000000000004, 0.8540992788913455, 0.5500000000000003
0.05600000000000004, 0.8601075161641416, 0.5600000000000003
0.057000000000000044, 0.866115250198555, 0.5700000000000003
0.058000000000000045, 0.8721224538482943, 0.5800000000000003
0.059000000000000045, 0.8781291002015919, 0.5900000000000003
0.060000000000000046, 0.8841351626304922, 0.6000000000000003
0.06100000000000005, 0.8901406148412717, 0.6100000000000003
0.06200000000000005, 0.8961454309257821, 0.6200000000000003
0.06300000000000004, 0.9021495854134959, 0.6300000000000003
0.06400000000000004, 0.9081530533240102, 0.6400000000000003
0.06500000000000004, 0.9141558102197507, 0.6500000000000004
0.06600000000000004, 0.9201578322586014, 0.6600000000000004
0.06700000000000005, 0.9261590962461739, 0.6700000000000004
0.06800000000000005, 0.93215957968742, 0.6800000000000004
0.06900000000000005, 0.9381592608372843, 0.6900000000000004
0.07000000000000005, 0.9441581187500874, 0.7000000000000004
0.07100000000000005, 0.9501561333273315, 0.7100000000000004
0.07200000000000005, 0.9561532853636207, 0.7200000000000004
0.07300000000000005, 0.9621495565903919, 0.7300000000000004
0.07400000000000005, 0.9681449297171647, 0.7400000000000004
0.07500000000000005, 0.9741393884700248, 0.7500000000000004
0.07600000000000005, 0.9801329176270754, 0.7600000000000005
0.07700000000000005, 0.9861255030506054, 0.7700000000000005
0.07800000000000006, 0.9921171317157444, 0.7800000000000005
0.07900000000000006, 0.9981077917353991, 0.7900000000000005
0.08000000000000006, 1.0040974723812885, 0.8000000000000005
0.08100000000000006, 1.0100861641009262, 0.8100000000000005
0.08200000000000006, 1.0160738585304216, 0.8200000000000005
0.08300000000000006, 1.0220605485030076, 0.8300000000000005
0.08400000000000006, 1.0280462280532305, 0.8400000000000005
0.08500000000000006, 1.0340308924167674, 0.8500000000000005
0.08600000000000006, 1.0400145380258718, 0.8600000000000005
0.08700000000000006, 1.045997162500476, 0.8700000000000006
0.08800000000000006, 1.0519787646350094, 0.8800000000000006
0.08900000000000007, 1.0579593443810211, 0.8900000000000006
0.09000000000000007, 1.0639389028257253, 0.9000000000000006
0.09100000000000007, 1.069917442166609, 0.9100000000000006
0.09200000000000007, 1.0758949656822687, 0.9200000000000006
0.09300000000000007, 1.081871477699667, 0.9300000000000006
0.09400000000000007, 1.0878469835580113, 0.9400000000000006
0.09500000000000007, 1.0938214895694858, 0.9500000000000006
0.09600000000000007, 1.0997950029770702, 0.9600000000000006
0.09700000000000007, 1.1057675319097016, 0.9700000000000006
0.09800000000000007, 1.111739085335037, 0.9800000000000006
0.09900000000000007, 1.1177096730100893, 0.9900000000000007
0.10000000000000007, 1.1236793054300052, 1.0000000000000007
0.10100000000000008, 1.1296479937752668, 1.0100000000000007
0.10200000000000008, 1.1356157498575898, 1.0200000000000007
0.10300000000000008, 1.1415825860647961, 1.0300000000000007
0.10400000000000008, 1.1475485153049316, 1.0400000000000007
0.10500000000000008, 1.1535135509498995, 1.0500000000000007
0.10600000000000008, 1.1594777067788686, 1.0600000000000007
0.10700000000000008, 1.165440996921712, 1.0700000000000007
0.10800000000000008, 1.1714034358027212, 1.0800000000000007
0.10900000000000008, 1.1773650380848326, 1.0900000000000007
0.11000000000000008, 1.183325818614593, 1.1000000000000008
0.11100000000000008, 1.1892857923680766, 1.1100000000000008
0.11200000000000009, 1.1952449743979612, 1.1200000000000008
0.11300000000000009, 1.2012033797819517, 1.1300000000000008
0.11400000000000009, 1.2071610235727326, 1.1400000000000008
0.11500000000000009, 1.213117920749616, 1.1500000000000008
0.11600000000000009, 1.2190740861720406, 1.1600000000000008
0.11700000000000009, 1.2250295345350615, 1.1700000000000008
0.11800000000000009, 1.2309842803269617, 1.1800000000000008
0.11900000000000009, 1.236938337789101, 1.1900000000000008
0.12000000000000009, 1.242891720878105, 1.2000000000000008
0.1210000000000001, 1.2488444432304844, 1.2100000000000009
0.1220000000000001, 1.2547965181297642, 1.2200000000000009
0.1230000000000001, 1.2607479584761856, 1.2300000000000009
0.1240000000000001, 1.266698776759033, 1.2400000000000009
0.12500000000000008, 1.272648985031628, 1.2500000000000009
0.12600000000000008, 1.2785985948890164, 1.260000000000001
0.12700000000000009, 1.2845476174483625, 1.270000000000001
0.12800000000000009, 1.2904960633320575, 1.280000000000001
0.1290000000000001, 1.2964439426535297, 1.290000000000001
0.1300000000000001, 1.3023912650057408, 1.300000000000001
0.1310000000000001, 1.3083380394523347, 1.310000000000001
0.1320000000000001, 1.3142842745213996, 1.320000000000001
0.1330000000000001, 1.3202299782017914, 1.330000000000001
0.1340000000000001, 1.3261751579419587, 1.340000000000001
0.1350000000000001, 1.3321198206511982, 1.350000000000001
0.1360000000000001, 1.3380639727032628, 1.360000000000001
0.1370000000000001, 1.34400761994224, 1.370000000000001
0.1380000000000001, 1.3499507676906015, 1.380000000000001
0.1390000000000001, 1.3558934207593345, 1.390000000000001
0.1400000000000001, 1.3618355834600422, 1.400000000000001
0.1410000000000001, 1.3677772596189128, 1.410000000000001
0.1420000000000001, 1.3737184525924415, 1.420000000000001
0.1430000000000001, 1.3796591652847934, 1.430000000000001
0.1440000000000001, 1.3855994001666934, 1.440000000000001
0.1450000000000001, 1.3915391592957247, 1.450000000000001
0.1460000000000001, 1.3974784443379233, 1.460000000000001
0.1470000000000001, 1.4034172565905525, 1.470000000000001
0.1480000000000001, 1.4093555970059473, 1.480000000000001
0.1490000000000001, 1.415293466216319, 1.490000000000001
0.1500000000000001, 1.4212308645594143, 1.500000000000001
0.1510000000000001, 1.4271677921049297, 1.5100000000000011
0.1520000000000001, 1.4331042486815844, 1.5200000000000011
0.1530000000000001, 1.4390402339047625, 1.5300000000000011
0.1540000000000001, 1.4449757472046423, 1.5400000000000011
0.1550000000000001, 1.4509107878547323, 1.5500000000000012
0.1560000000000001, 1.4568453550007494, 1.5600000000000012
0.1570000000000001, 1.4627794476897718, 1.5700000000000012
0.1580000000000001, 1.4687130648996156, 1.5800000000000012
0.1590000000000001, 1.4746462055683867, 1.5900000000000012
0.16000000000000011, 1.4805788686241683, 1.6000000000000012
0.16100000000000012, 1.4865110530148145, 1.6100000000000012
0.16200000000000012, 1.4924427577378234, 1.6200000000000012
0.16300000000000012, 1.498373981870279, 1.6300000000000012
0.16400000000000012, 1.5043047245988475, 1.6400000000000012
0.16500000000000012, 1.5102349852498307, 1.6500000000000012
0.16600000000000012, 1.5161647633192832, 1.6600000000000013
0.16700000000000012, 1.5220940585032035, 1.6700000000000013
0.16800000000000012, 1.5280228707278205, 1.6800000000000013
0.16900000000000012, 1.53395120018, 1.6900000000000013
0.17000000000000012, 1.5398790473378028, 1.7000000000000013
0.17100000000000012, 1.5458064130012321, 1.7100000000000013
0.17200000000000013, 1.5517332983232097, 1.7200000000000013
0.17300000000000013, 1.5576597048408303, 1.7300000000000013
0.17400000000000013, 1.5635856345069434, 1.7400000000000013
0.17500000000000013, 1.569511089722118, 1.7500000000000013
0.17600000000000013, 1.5754360733670485, 1.7600000000000013
0.17700000000000013, 1.5813605888354645, 1.7700000000000014
0.17800000000000013, 1.587284640067608, 1.7800000000000014
0.17900000000000013, 1.5932082315843468, 1.7900000000000014
0.18000000000000013, 1.5991313685219937, 1.8000000000000014
0.18100000000000013, 1.605054056667902, 1.8100000000000014
0.18200000000000013, 1.610976302496913, 1.8200000000000014
0.18300000000000013, 1.6168981132087303, 1.8300000000000014
0.18400000000000014, 1.6228194967662954, 1.8400000000000014
0.18500000000000014, 1.6287404619352464, 1.8500000000000014
0.18600000000000014, 1.6346610183245336, 1.8600000000000014
0.18700000000000014, 1.640581176428277, 1.8700000000000014
0.18800000000000014, 1.6465009476689392, 1.8800000000000014
0.18900000000000014, 1.6524203444419012, 1.8900000000000015
0.19000000000000014, 1.6583393801615163, 1.9000000000000015
0.19100000000000014, 1.6642580693087252, 1.9100000000000015
0.19200000000000014, 1.6701764274803157, 1.9200000000000015
0.19300000000000014, 1.6760944714399038, 1.9300000000000015
0.19400000000000014, 1.6820122191707216, 1.9400000000000015
0.19500000000000015, 1.6879296899302905, 1.9500000000000015
0.19600000000000015, 1.6938469043070614, 1.9600000000000015
0.19700000000000015, 1.6997638842791032, 1.9700000000000015
0.19800000000000015, 1.7056806532749194, 1.9800000000000015
0.19900000000000015, 1.711597236236473, 1.9900000000000015
0.20000000000000015, 1.717513659684501, 2.0000000000000013
0.20100000000000015, 1.7234299517861948, 2.010000000000001
0.20200000000000015, 1.7293461424253302, 2.020000000000001
0.20300000000000015, 1.7352622632749226, 2.0300000000000007
0.20400000000000015, 1.7411783478724867, 2.0400000000000005
0.20500000000000015, 1.74709443169798, 2.0500000000000003
0.20600000000000016, 1.7530105522545054, 2.06
0.20700000000000016, 1.7589267491518537, 2.07
0.20800000000000016, 1.7648430641929593, 2.0799999999999996
0.20900000000000016, 1.7707595414633488, 2.0899999999999994
0.21000000000000016, 1.7766762274236567, 0.005604897606803938
0.21100000000000016, 1.7825931710052845, 0.015604897606803725
0.21200000000000016, 1.788510423709279, 0.02560489760680351
0.21300000000000016, 1.7944280397085046, 0.0356048976068033
0.21400000000000016, 1.8003460759531835, 0.045604897606803085
0.21500000000000016, 1.806264592279879, 0.05560489760680287
0.21600000000000016, 1.8121836515239949, 0.06560489760680266
0.21700000000000016, 1.8181033196358634, 0.07560489760680245
0.21800000000000017, 1.8240236658004962, 0.08560489760680223
0.21900000000000017, 1.8299447625610685, 0.09560489760680202
0.22000000000000017, 1.835866685946209, 0.1056048976068018
0.22100000000000017, 1.841789515601165, 0.1156048976068016
0.22200000000000017, 1.847713334922915, 0.12560489760680138
0.22300000000000017, 1.8536382311992938, 0.13560489760680117
0.22400000000000017, 1.8595642957522023, 0.14560489760680095
0.22500000000000017, 1.865491624084964, 0.15560489760680074
0.22600000000000017, 1.871420316033897, 0.16560489760680053
0.22700000000000017, 1.8773504759241624, 0.17560489760680031
0.22800000000000017, 1.883282212729952, 0.1856048976068001
0.22900000000000018, 1.8892156402390716, 0.1956048976067999
0.23000000000000018, 1.8951508772219783, 0.20560489760679967
0.23100000000000018, 1.901088047605324, 0.21560489760679946
0.23200000000000018, 1.9070272806500523, 0.22560489760679925
0.23300000000000018, 1.9129687111340954, 0.23560489760679904
0.23400000000000018, 1.9189124795397081, 0.24560489760679882
0.23500000000000018, 1.9248587322454733, 0.2556048976067986
0.23600000000000018, 1.9308076217230044, 0.2656048976067984
0.23700000000000018, 1.9367593067383622, 0.2756048976067982
0.23800000000000018, 1.9427139525581958, 0.28560489760679797
0.23900000000000018, 1.9486717311606048, 0.29560489760679776
0.24000000000000019, 1.9546328214507072, 0.30560489760679754
0.2410000000000002, 1.960597409480886, 0.31560489760679733
0.2420000000000002, 1.9665656886756706, 0.3256048976067971
0.2430000000000002, 1.972537860061186, 0.3356048976067969
0.2440000000000002, 1.9785141324990925, 0.3456048976067967
0.2450000000000002, 1.984494722924903, 0.3556048976067965
0.2460000000000002, 1.9904798565905497, 0.36560489760679626
0.2470000000000002, 1.9964697673110323, 0.37560489760679605
0.2480000000000002, 2.0024646977149554, 0.38560489760679584
0.2490000000000002, 2.0084648994987195, 0.3956048976067956
0.25000000000000017, 2.0144706336840894, 0.4056048976067954
0.25100000000000017, 2.0204821708788163, 0.4156048976067952
0.25200000000000017, 2.0264997915399436, 0.425604897606795
0.25300000000000017, 2.0325237862393597, 0.43560489760679477
0.25400000000000017, 2.0385544559311017, 0.44560489760679456
0.25500000000000017, 2.0445921122198443, 0.45560489760679435
0.25600000000000017, 2.0506370776299288, 0.46560489760679413
0.2570000000000002, 2.0566896858741996, 0.4756048976067939
0.2580000000000002, 2.0627502821218213, 0.4856048976067937
0.2590000000000002, 2.0688192232641494, 0.4956048976067935
0.2600000000000002, 2.0748968781776105, 0.5056048976067933
0.2610000000000002, 2.080983627982427, 0.5156048976067931
0.2620000000000002, 2.0870798662958863, 0.5256048976067929
0.2630000000000002, 2.0931859994787074, 0.5356048976067926
0.2640000000000002, 0.004907344479714304, 0.5456048976067924
0.2650000000000002, 0.011034538636207625, 0.5556048976067922
0.2660000000000002, 0.01717292553016092, 0.565604897606792
0.2670000000000002, 0.02332296476199547, 0.5756048976067918
0.2680000000000002, 0.029485129741651406, 0.5856048976067916
0.2690000000000002, 0.03565990785355666, 0.5956048976067914
0.2700000000000002, 0.04184780059948734, 0.6056048976067911
0.2710000000000002, 0.04804932371627357, 0.6156048976067909
0.2720000000000002, 0.05426500726504546, 0.6256048976067907
0.2730000000000002, 0.06049539568844642, 0.6356048976067905
0.2740000000000002, 0.06674104783197521, 0.6456048976067903
0.2750000000000002, 0.07300253692533065, 0.6556048976067901
0.2760000000000002, 0.0792804505193514, 0.6656048976067899
0.2770000000000002, 0.08557539037386608, 0.6756048976067897
0.2780000000000002, 0.09188797229147694, 0.6856048976067894
0.2790000000000002, 0.09821882589203623, 0.6956048976067892
0.2800000000000002, 0.10456859432231091, 0.705604897606789
0.2810000000000002, 0.11093793389509177, 0.7156048976067888
0.2820000000000002, 0.11732751365178684, 0.7256048976067886
0.2830000000000002, 0.12373801484236324, 0.7356048976067884
0.2840000000000002, 0.1301701303163636, 0.7456048976067882
0.2850000000000002, 0.13662456381864052, 0.755604897606788
0.2860000000000002, 0.14310202918343995, 0.7656048976067877
0.2870000000000002, 0.1496032494205175, 0.7756048976067875
0.2880000000000002, 0.15612895568713236, 0.7856048976067873
0.2890000000000002, 0.16267988614000606, 0.7956048976067871
0.2900000000000002, 0.16925678466171634, 0.8056048976067869
0.2910000000000002, 0.17586039945649157, 0.8156048976067867
0.2920000000000002, 0.18249148151102812, 0.8256048976067865
0.2930000000000002, 0.1891507829167609, 0.8356048976067862
0.2940000000000002, 0.19583905505100052, 0.845604897606786
0.2950000000000002, 0.20255704661551555, 0.8556048976067858
0.2960000000000002, 0.20930550153250405, 0.8656048976067856
0.2970000000000002, 0.21608515669944284, 0.8756048976067854
0.2980000000000002, 0.22289673960607193, 0.8856048976067852
0.2990000000000002, 0.2297409658187073, 0.895604897606785
0.3000000000000002, 0.23661853633922592, 0.9056048976067848
0.3010000000000002, 0.2435301348483656, 0.9156048976067845
0.3020000000000002, 0.25047642484544186, 0.9256048976067843
0.3030000000000002, 0.2574580466991625, 0.9356048976067841
0.3040000000000002, 0.2644756146268672, 0.9456048976067839
0.3050000000000002, 0.27152971362221123, 0.9556048976067837
0.3060000000000002, 0.2786208963539689, 0.9656048976067835
0.3070000000000002, 0.28574968006121404, 0.9756048976067833
0.3080000000000002, 0.29291654347253937, 0.985604897606783
0.3090000000000002, 0.30012192377917213, 0.9956048976067828
0.3100000000000002, 0.3073662136937032, 1.0056048976067826
0.3110000000000002, 0.3146497586276267, 1.0156048976067824
0.3120000000000002, 0.3219728540218867, 1.0256048976067822
0.3130000000000002, 0.32933574286508405, 1.035604897606782
0.3140000000000002, 0.33673861343383704, 1.0456048976067818
0.3150000000000002, 0.3441815972889568, 1.0556048976067816
0.3160000000000002, 0.351664767559575, 1.0656048976067813
0.3170000000000002, 0.3591881375450887, 1.0756048976067811
0.3180000000000002, 0.3667516596617997, 1.085604897606781
0.31900000000000023, 0.3743552247574393, 1.0956048976067807
0.32000000000000023, 0.3819986618124114, 1.1056048976067805
0.32100000000000023, 0.38968173804166506, 1.1156048976067803
0.32200000000000023, 0.39740415940568097, 1.12560489760678
0.32300000000000023, 0.4051655715332787, 1.1356048976067799
0.32400000000000023, 0.4129655610529199, 1.1456048976067796
0.32500000000000023, 0.4208036573230829, 1.1556048976067794
0.32600000000000023, 0.42867933454623897, 1.1656048976067792
0.32700000000000023, 0.43659201424515404, 1.175604897606779
0.32800000000000024, 0.44454106807479965, 1.1856048976067788
0.32900000000000024, 0.4525258209382623, 1.1956048976067786
0.33000000000000024, 0.46054555437077527, 1.2056048976067784
0.33100000000000024, 0.46859951015249424, 1.2156048976067781
0.33200000000000024, 0.4766868941079858, 1.225604897606778
0.33300000000000024, 0.4848068800486103, 1.2356048976067777
0.33400000000000024, 0.492958613813121, 1.2456048976067775
0.33500000000000024, 0.5011412173618393, 1.2556048976067773
0.33600000000000024, 0.5093537928806722, 1.265604897606777
0.33700000000000024, 0.5175954268529521, 1.2756048976067769
0.33800000000000024, 0.5258651940595152, 1.2856048976067767
0.33900000000000025, 0.5341621614704968, 1.2956048976067764
0.34000000000000025, 0.5424853919958967, 1.3056048976067762
0.34100000000000025, 0.5508339480659208, 1.315604897606776
0.34200000000000025, 0.5592068950163407, 1.3256048976067758
0.34300000000000025, 0.5676033042584829, 1.3356048976067756
0.34400000000000025, 0.5760222562178576, 1.3456048976067754
0.34500000000000025, 0.5844628430297729, 1.3556048976067752
0.34600000000000025, 0.5929241709844342, 1.365604897606775
0.34700000000000025, 0.6014053627179496, 1.3756048976067747
0.34800000000000025, 0.6099055591492655, 1.3856048976067745
0.34900000000000025, 0.6184239211663116, 1.3956048976067743
0.35000000000000026, 0.6269596310674981, 1.405604897606774
0.35100000000000026, 0.6355118937671631, 1.4156048976067739
0.35200000000000026, 0.6440799377756283, 1.4256048976067737
0.35300000000000026, 0.6526630159661537, 1.4356048976067735
0.35400000000000026, 0.6612604061423553, 1.4456048976067732
0.35500000000000026, 0.6698714114205369, 1.455604897606773
0.35600000000000026, 0.678495360441957, 1.4656048976067728
0.35700000000000026, 0.68713160743031, 1.4756048976067726
0.35800000000000026, 0.6957795321097056, 1.4856048976067724
0.35900000000000026, 0.7044385394982005, 1.4956048976067722
0.36000000000000026, 0.713108059591514, 1.505604897606772
0.36100000000000027, 0.7217875469509925, 1.5156048976067718
0.36200000000000027, 0.7304764802091865, 1.5256048976067715
0.36300000000000027, 0.7391743615056141, 1.5356048976067713
0.36400000000000027, 0.7478807158644405, 1.545604897606771
0.36500000000000027, 0.7565950905248982, 1.555604897606771
0.36600000000000027, 0.765317054234377, 1.5656048976067707
0.36700000000000027, 0.7740461965131917, 1.5756048976067705
0.36800000000000027, 0.7827821268991397, 1.5856048976067703
0.36900000000000027, 0.7915244741791025, 1.59560489760677
0.3700000000000003, 0.8002728856140955, 1.6056048976067698
0.3710000000000003, 0.8090270261633963, 1.6156048976067696
0.3720000000000003, 0.8177865777126332, 1.6256048976067694
0.3730000000000003, 0.8265512383100253, 1.6356048976067692
0.3740000000000003, 0.8353207214143366, 1.645604897606769
0.3750000000000003, 0.8440947551575197, 1.6556048976067688
0.3760000000000003, 0.8528730816244972, 1.6656048976067686
0.3770000000000003, 0.8616554561520546, 1.6756048976067683
0.3780000000000003, 0.8704416466483935, 1.6856048976067681
0.3790000000000003, 0.8792314329345072, 1.695604897606768
0.3800000000000003, 0.8880246061082184, 1.7056048976067677
0.3810000000000003, 0.8968209679314163, 1.7156048976067675
0.3820000000000003, 0.9056203302407773, 1.7256048976067673
0.3830000000000003, 0.9144225143820406, 1.735604897606767
0.3840000000000003, 0.9232273506677124, 1.7456048976067668
0.3850000000000003, 0.932034677857922, 1.7556048976067666
0.3860000000000003, 0.9408443426640161, 1.7656048976067664
0.3870000000000003, 0.9496561992743655, 1.7756048976067662
0.3880000000000003, 0.9584701089017797, 1.785604897606766
0.3890000000000003, 0.9672859393518403, 1.7956048976067658
0.3900000000000003, 0.976103564611416, 1.8056048976067656
0.3910000000000003, 0.9849228644565842, 1.8156048976067654
0.3920000000000003, 0.9937437240791449, 1.8256048976067651
0.3930000000000003, 1.0025660337309037, 1.835604897606765
0.3940000000000003, 1.0113896883848819, 1.8456048976067647
0.3950000000000003, 1.0202145874126143, 1.8556048976067645
0.3960000000000003, 1.0290406342766976, 1.8656048976067643
0.3970000000000003, 1.0378677362377569, 1.875604897606764
0.3980000000000003, 1.0466958040750165, 1.8856048976067639
0.3990000000000003, 1.0555247518196729, 1.8956048976067637
0.4000000000000003, 1.0643544965002865, 1.9056048976067634
0.4010000000000003, 1.0731849578994348, 1.9156048976067637
0.4020000000000003, 1.082016058320884, 1.9256048976067635
0.4030000000000003, 1.0908477223665685, 1.9356048976067632
0.4040000000000003, 1.0996798767226865, 1.945604897606763
0.4050000000000003, 1.108512449954246, 1.9556048976067628
0.4060000000000003, 1.1173453723074247, 1.9656048976067626
0.4070000000000003, 1.1261785755191265, 1.9756048976067624
0.4080000000000003, 1.1350119926331508, 1.9856048976067622
0.4090000000000003, 1.1438455578224072, 1.995604897606762
0.4100000000000003, 1.1526792062166424, 2.0056048976067617
0.4110000000000003, 1.161512873735166, 2.0156048976067615
0.4120000000000003, 1.1703464969240867, 2.0256048976067613
0.4130000000000003, 1.1791800127975955, 2.035604897606761
0.4140000000000003, 1.1880133586828658, 2.045604897606761
0.4150000000000003, 1.1968464720681458, 2.0556048976067607
0.4160000000000003, 1.205679290453665, 2.0656048976067605
0.4170000000000003, 1.2145117512049897, 2.0756048976067603
0.4180000000000003, 1.2233437914084853, 2.08560489760676
0.4190000000000003, 1.2321753477285835, 0.0012097952135645684
0.4200000000000003, 1.241006356266563, 0.011209795213564355
0.4210000000000003, 1.2498367524205944, 0.021209795213564142
0.4220000000000003, 1.258666470746821, 0.03120979521356393
0.4230000000000003, 1.26749544482128, 0.041209795213563716
0.4240000000000003, 1.2763236071025088, 0.0512097952135635
0.4250000000000003, 1.2851508887947065, 0.06120979521356329
0.4260000000000003, 1.2939772197113655, 0.07120979521356308
0.4270000000000003, 1.3028025281393316, 0.08120979521356286
0.4280000000000003, 1.3116267407032889, 0.09120979521356265
0.4290000000000003, 1.3204497822307233, 0.10120979521356244
0.4300000000000003, 1.3292715756174678, 0.11120979521356222
0.4310000000000003, 1.3380920416939928, 0.12120979521356201
0.43200000000000033, 1.3469110990926718, 0.1312097952135618
0.43300000000000033, 1.3557286641163215, 0.14120979521356158
0.43400000000000033, 1.3645446506083978, 0.15120979521356137
0.43500000000000033, 1.3733589698253144, 0.16120979521356116
0.43600000000000033, 1.3821715303114432, 0.17120979521356094
0.43700000000000033, 1.3909822377774677, 0.18120979521356073
0.43800000000000033, 1.399790994982868, 0.19120979521356052
0.43900000000000033, 1.408597701623452, 0.2012097952135603
0.44000000000000034, 1.4174022542249762, 0.2112097952135601
0.44100000000000034, 1.426204546044059, 0.22120979521355988
0.44200000000000034, 1.4350044669777526, 0.23120979521355967
0.44300000000000034, 1.443801903483323, 0.24120979521355945
0.44400000000000034, 1.4525967385099774, 0.25120979521355924
0.44500000000000034, 1.4613888514445041, 0.261209795213559
0.44600000000000034, 1.4701781180730102, 0.2712097952135588
0.44700000000000034, 1.4789644105611948, 0.2812097952135586
0.44800000000000034, 1.4877475974558698, 0.2912097952135584
0.44900000000000034, 1.49652754371072, 0.3012097952135582
0.45000000000000034, 1.5053041107396052, 0.31120979521355796
0.45100000000000035, 1.514077156501036, 0.32120979521355775
0.45200000000000035, 1.5228465356177927, 0.33120979521355753
0.45300000000000035, 1.531612099536035, 0.3412097952135573
0.45400000000000035, 1.5403736967286168, 0.3512097952135571
0.45500000000000035, 1.5491311729477295, 0.3612097952135569
0.45600000000000035, 1.557884371532401, 0.3712097952135567
0.45700000000000035, 1.566633133776806, 0.38120979521355647
0.45800000000000035, 1.5753772993657655, 0.39120979521355626
0.45900000000000035, 1.5841167068842488, 0.40120979521355604
0.46000000000000035, 1.592851194408115, 0.41120979521355583
0.46100000000000035, 1.6015806001837567, 0.4212097952135556
0.46200000000000035, 1.6103047634046987, 0.4312097952135554
0.46300000000000036, 1.6190235250935858, 0.4412097952135552
0.46400000000000036, 1.6277367290983253, 0.451209795213555
0.46500000000000036, 1.6364442232114436, 0.46120979521355476
0.46600000000000036, 1.6451458604219291, 0.47120979521355455
0.46700000000000036, 1.653841500308995, 0.48120979521355434
0.46800000000000036, 1.6625310105872328, 0.4912097952135541
0.46900000000000036, 1.6712142688125833, 0.5012097952135539
0.47000000000000036, 1.679891164258343, 0.5112097952135537
0.47100000000000036, 1.6885615999700967, 0.5212097952135535
0.47200000000000036, 1.697225495007935, 0.5312097952135533
0.47300000000000036, 1.7058827868836035, 0.5412097952135531
0.47400000000000037, 1.7145334341992928, 0.5512097952135528
0.47500000000000037, 1.7231774194936014, 0.5612097952135526
0.47600000000000037, 1.7318147522987415, 0.5712097952135524
0.47700000000000037, 1.740445472411336, 0.5812097952135522
0.47800000000000037, 1.7490696533770986, 0.591209795213552
0.47900000000000037, 1.7576874061873173, 0.6012097952135518
0.48000000000000037, 1.7662988831823565, 0.6112097952135516
0.48100000000000037, 1.7749042821543246, 0.6212097952135514
0.4820000000000004, 1.7835038506376506, 0.6312097952135511
0.4830000000000004, 1.7920978903725513, 0.6412097952135509
0.4840000000000004, 1.8006867619222797, 0.6512097952135507
0.4850000000000004, 1.809270889420643, 0.6612097952135505
0.4860000000000004, 1.8178507654215919, 0.6712097952135503
0.4870000000000004, 1.8264269558177548, 0.6812097952135501
0.4880000000000004, 1.8350001047897027, 0.6912097952135499
0.4890000000000004, 1.843570939742495, 0.7012097952135496
0.4900000000000004, 1.8521402761808314, 0.7112097952135494
0.4910000000000004, 1.8607090224689382, 0.7212097952135492
0.4920000000000004, 1.869278184416312, 0.731209795213549
0.4930000000000004, 1.8778488696257227, 0.7412097952135488
0.4940000000000004, 1.8864222915355566, 0.7512097952135486
0.4950000000000004, 1.8949997730848143, 0.7612097952135484
0.4960000000000004, 1.9035827499259765, 0.7712097952135482
0.4970000000000004, 1.9121727731086602, 0.7812097952135479
0.4980000000000004, 1.9207715111556083, 0.7912097952135477
0.4990000000000004, 1.9293807514522316, 0.8012097952135475
0.5000000000000003, 1.9380024008717096, 0.8112097952135473
0.5010000000000003, 1.9466384855596481, 0.8212097952135471
0.5020000000000003, 1.955291149805531, 0.8312097952135469
0.5030000000000003, 1.963962653932692, 0.8412097952135467
0.5040000000000003, 1.9726553711442878, 0.8512097952135464
0.5050000000000003, 1.9813717832696818, 0.8612097952135462
0.5060000000000003, 1.9901144753637507, 0.871209795213546
0.5070000000000003, 1.9988861291207543, 0.8812097952135458
0.5080000000000003, 2.007689515074541, 0.8912097952135456
0.5090000000000003, 2.0165274835678377, 0.9012097952135454
0.5100000000000003, 2.0254029544852012, 0.9112097952135452
0.5110000000000003, 2.034318905756796, 0.921209795213545
0.5120000000000003, 2.043278360653542, 0.9312097952135447
0.5130000000000003, 2.0522843739083796, 0.9412097952135445
0.5140000000000003, 2.061340016713546, 0.9512097952135443
0.5150000000000003, 2.0704483606599458, 0.9612097952135441
0.5160000000000003, 2.0796124607021356, 0.9712097952135439
0.5170000000000003, 2.088835337251209, 0.9812097952135437
0.5180000000000003, 0.0037248551249193795, 0.9912097952135435
0.5190000000000003, 0.013074113858443148, 1.0012097952135433
0.5200000000000004, 0.022490813645102747, 1.011209795213543
0.5210000000000004, 0.03197764496219335, 1.0212097952135428
0.5220000000000004, 0.041537166199600684, 1.0312097952135426
0.5230000000000004, 0.051171783889962796, 1.0412097952135424
0.5240000000000004, 0.060883733409170304, 1.0512097952135422
0.5250000000000004, 0.07067506042870075, 1.061209795213542
0.5260000000000004, 0.08054760341640943, 1.0712097952135418
0.5270000000000004, 0.09050297749145653, 1.0812097952135415
0.5280000000000004, 0.100542559940477, 1.0912097952135413
0.5290000000000004, 0.11066747769445406, 1.1012097952135411
0.5300000000000004, 0.12087859704791448, 1.111209795213541
0.5310000000000004, 0.13117651587335377, 1.1212097952135407
0.5320000000000004, 0.14156155854416497, 1.1312097952135405
0.5330000000000004, 0.15203377372934934, 1.1412097952135403
0.5340000000000004, 0.162592935164259, 1.15120979521354
0.5350000000000004, 0.17323854543548745, 1.1612097952135398
0.5360000000000004, 0.1839698427473948, 1.1712097952135396
0.5370000000000004, 0.19478581056556266, 1.1812097952135394
0.5380000000000004, 0.20568518996200513, 1.1912097952135392
0.5390000000000004, 0.2166664944213803, 1.201209795213539
0.5400000000000004, 0.22772802680985915, 1.2112097952135388
0.5410000000000004, 0.2388678981611676, 1.2212097952135386
0.5420000000000004, 0.25008404789967464, 1.2312097952135383
0.5430000000000004, 0.2613742650993691, 1.2412097952135381
0.5440000000000004, 0.27273621037062146, 1.251209795213538
0.5450000000000004, 0.28416743797327904, 1.2612097952135377
0.5460000000000004, 0.29566541777390754, 1.2712097952135375
0.5470000000000004, 0.307227556695028, 1.2812097952135373
0.5480000000000004, 0.31885121934301974, 1.291209795213537
0.5490000000000004, 0.3305337475464727, 1.3012097952135369
0.5500000000000004, 0.3422724785858282, 1.3112097952135366
0.5510000000000004, 0.3540647619456969, 1.3212097952135364
0.5520000000000004, 0.36590797447123613, 1.3312097952135362
0.5530000000000004, 0.3777995338574911, 1.341209795213536
0.5540000000000004, 0.38973691044428094, 1.3512097952135358
0.5550000000000004, 0.4017176373279341, 1.3612097952135356
0.5560000000000004, 0.4137393188343177, 1.3712097952135354
0.5570000000000004, 0.42579963742482274, 1.3812097952135352
0.5580000000000004, 0.43789635912831937, 1.391209795213535
0.5590000000000004, 0.45002733760775016, 1.4012097952135347
0.5600000000000004, 0.4621905169805274, 1.4112097952135345
0.5610000000000004, 0.47438393351771957, 1.4212097952135343
0.5620000000000004, 0.4866057163488522, 1.431209795213534
0.5630000000000004, 0.49885408729767544, 1.4412097952135339
0.5640000000000004, 0.5111273599700823, 1.4512097952135337
0.5650000000000004, 0.5234239382091896, 1.4612097952135334
0.5660000000000004, 0.5357423140249287, 1.4712097952135332
0.5670000000000004, 0.548081065096861, 1.481209795213533
0.5680000000000004, 0.5604388519397681, 1.4912097952135328
0.5690000000000004, 0.5728144148121803, 1.5012097952135326
0.5700000000000004, 0.5852065704387588, 1.5112097952135324
0.5710000000000004, 0.5976142086084364, 1.5212097952135322
0.5720000000000004, 0.6100362887017603, 1.531209795213532
0.5730000000000004, 0.6224718361929114, 1.5412097952135317
0.5740000000000004, 0.6349199391646208, 1.5512097952135315
0.5750000000000004, 0.6473797448675764, 1.5612097952135313
0.5760000000000004, 0.6598504563500098, 1.571209795213531
0.5770000000000004, 0.6723313291779034, 1.5812097952135309
0.5780000000000004, 0.684821668261657, 1.5912097952135307
0.5790000000000004, 0.6973208248010714, 1.6012097952135305
0.5800000000000004, 0.7098281933570671, 1.6112097952135302
0.5810000000000004, 0.7223432090556612, 1.62120979521353
0.5820000000000004, 0.7348653449272522, 1.6312097952135298
0.5830000000000004, 0.7473941093822569, 1.6412097952135296
0.5840000000000004, 0.7599290438224502, 1.6512097952135294
0.5850000000000004, 0.772469720386022, 1.6612097952135292
0.5860000000000004, 0.7850157398233, 1.671209795213529
0.5870000000000004, 0.7975667294992475, 1.6812097952135288
0.5880000000000004, 0.8101223415182313, 1.6912097952135285
0.5890000000000004, 0.8226822509660972, 1.7012097952135283
0.5900000000000004, 0.8352461542642855, 1.7112097952135281
0.5910000000000004, 0.8478137676305444, 1.721209795213528
0.5920000000000004, 0.8603848256406978, 1.7312097952135277
0.5930000000000004, 0.872959079885935, 1.7412097952135275
0.5940000000000004, 0.8855362977201438, 1.7512097952135273
0.5950000000000004, 0.8981162610919284, 1.761209795213527
0.5960000000000004, 0.9106987654560967, 1.7712097952135268
0.5970000000000004, 0.9232836187595943, 1.7812097952135266
0.5980000000000004, 0.93587064049707, 1.7912097952135264
0.5990000000000004, 0.9484596608314657, 1.8012097952135262
0.6000000000000004, 0.9610505197752772, 1.811209795213526
0.6010000000000004, 0.9736430664283544, 1.8212097952135258
0.6020000000000004, 0.9862371582683505, 1.8312097952135256
0.6030000000000004, 0.9988326604901872, 1.8412097952135253
0.6040000000000004, 1.0114294453911175, 1.8512097952135251
0.6050000000000004, 1.024027391798226, 1.861209795213525
0.6060000000000004, 1.0366263845354213, 1.8712097952135247
0.6070000000000004, 1.0492263139272016, 1.8812097952135245
0.6080000000000004, 1.0618270753367067, 1.8912097952135243
0.6090000000000004, 1.0744285687357689, 1.901209795213524
0.6100000000000004, 1.0870306983048943, 1.9112097952135239
0.6110000000000004, 1.099633372061306, 1.9212097952135236
0.6120000000000004, 1.1122365015133795, 1.9312097952135234
0.6130000000000004, 1.1248400013400053, 1.9412097952135232
0.6140000000000004, 1.1374437890936004, 1.951209795213523
0.6150000000000004, 1.1500477849256834, 1.9612097952135228
0.6160000000000004, 1.1626519113341223, 1.9712097952135226
0.6170000000000004, 1.1752560929313614, 1.9812097952135224
0.6180000000000004, 1.187860256233117, 1.9912097952135221
0.6190000000000004, 1.2004643294672306, 2.001209795213522
0.6200000000000004, 1.2130682424025787, 2.0112097952135217
0.6210000000000004, 1.2256719261981264, 2.0212097952135215
0.6220000000000004, 1.2382753132724291, 2.0312097952135213
0.6230000000000004, 1.250878337194103, 2.041209795213521
0.6240000000000004, 1.263480932594005, 2.051209795213521
0.6250000000000004, 1.2760830351000827, 2.0612097952135207
0.6260000000000004, 1.2886845812961019, 2.0712097952135204
0.6270000000000004, 1.3012855087056927, 2.0812097952135202
0.6280000000000004, 1.3138857558034038, 2.09120979521352
0.6290000000000004, 1.3264852620546979, 0.006814692820324542
0.6300000000000004, 1.3390839679870838, 0.01681469282032433
0.6310000000000004, 1.3516818152948273, 0.026814692820324115
0.6320000000000005, 1.364278746979922, 0.0368146928203239
0.6330000000000005, 1.3768747075322585, 0.04681469282032369
0.6340000000000005, 1.3894696431521272, 0.056814692820323476
0.6350000000000005, 1.4020635020184118, 0.06681469282032326
0.6360000000000005, 1.4146562346059977, 0.07681469282032305
0.6370000000000005, 1.4272477940560337, 0.08681469282032284
0.6380000000000005, 1.4398381366027886, 0.09681469282032262
0.6390000000000005, 1.4524272220608356, 0.10681469282032241
0.6400000000000005, 1.4650150143762506, 0.1168146928203222
0.6410000000000005, 1.477601482245329, 0.12681469282032198
0.6420000000000005, 1.4901865998040735, 0.13681469282032177
0.6430000000000005, 1.502770347391282, 0.14681469282032156
0.6440000000000005, 1.5153527123875135, 0.15681469282032134
0.6450000000000005, 1.5279336901314915, 0.16681469282032113
0.6460000000000005, 1.5405132849145842, 0.17681469282032092
0.6470000000000005, 1.5530915110528838, 0.1868146928203207
0.6480000000000005, 1.5656683940350815, 0.1968146928203205
0.6490000000000005, 1.578243971742764, 0.20681469282032028
0.6500000000000005, 1.5908182957379813, 0.21681469282032007
0.6510000000000005, 1.6033914326109002, 0.22681469282031985
0.6520000000000005, 1.6159634653781536, 0.23681469282031964
0.6530000000000005, 1.6285344949200544, 0.24681469282031943
0.6540000000000005, 1.641104641442281, 0.2568146928203192
0.6550000000000005, 1.6536740459449666, 0.266814692820319
0.6560000000000005, 1.6662428716793913, 0.2768146928203188
0.6570000000000005, 1.6788113055698144, 0.2868146928203186
0.6580000000000005, 1.6913795595754033, 0.29681469282031836
0.6590000000000005, 1.7039478719649157, 0.30681469282031815
0.6600000000000005, 1.7165165084748004, 0.31681469282031793
0.6610000000000005, 1.729085763319886, 0.3268146928203177
0.6620000000000005, 1.7416559600249029, 0.3368146928203175
0.6630000000000005, 1.7542274520448826, 0.3468146928203173
0.6640000000000005, 1.7668006231430953, 0.3568146928203171
0.6650000000000005, 1.7793758874967045, 0.36681469282031687
0.6660000000000005, 1.791953689502833, 0.37681469282031665
0.6670000000000005, 1.804534503261233, 0.38681469282031644
0.6680000000000005, 1.8171188317142812, 0.39681469282031623
0.6690000000000005, 1.8297072054304993, 0.406814692820316
0.6700000000000005, 1.842300181024135, 0.4168146928203158
0.6710000000000005, 1.8548983392104157, 0.4268146928203156
0.6720000000000005, 1.8675022825036809, 0.4368146928203154
0.6730000000000005, 1.8801126325735291, 0.44681469282031516
0.6740000000000005, 1.8927300272820897, 0.45681469282031495
0.6750000000000005, 1.9053551174332943, 0.46681469282031474
0.6760000000000005, 1.9179885632723046, 0.4768146928203145
0.6770000000000005, 1.9306310307797387, 0.4868146928203143
0.6780000000000005, 1.9432831878108328, 0.4968146928203141
0.6790000000000005, 1.9559457001339062, 0.5068146928203139
0.6800000000000005, 1.9686192274253314, 0.5168146928203137
0.6810000000000005, 1.9813044192795202, 0.5268146928203135
0.6820000000000005, 1.9940019112921847, 0.5368146928203132
0.6830000000000005, 2.0067123212733096, 0.546814692820313
0.6840000000000005, 2.01943624564299, 0.5568146928203128
0.6850000000000005, 2.032174256058674, 0.5668146928203126
0.6860000000000005, 2.0449268963165856, 0.5768146928203124
0.6870000000000005, 2.0576946795634337, 0.5868146928203122
0.6880000000000005, 2.0704780858471903, 0.596814692820312
0.6890000000000005, 2.0832775600280025, 0.6068146928203118
0.6900000000000005, 0.001698407669282087, 0.6168146928203115
0.6910000000000005, 0.014531203273692395, 0.6268146928203113
0.6920000000000005, 0.027381174964328903, 0.6368146928203111
0.6930000000000005, 0.04024861346645947, 0.6468146928203109
0.6940000000000005, 0.05313376947732662, 0.6568146928203107
0.6950000000000005, 0.06603685376342883, 0.6668146928203105
0.6960000000000005, 0.07895803756804076, 0.6768146928203103
0.6970000000000005, 0.09189745330160681, 0.68681469282031
0.6980000000000005, 0.10485519548525746, 0.6968146928203098
0.6990000000000005, 0.11783132191622103, 0.7068146928203096
0.7000000000000005, 0.13082585502326483, 0.7168146928203094
0.7010000000000005, 0.1438387833804211, 0.7268146928203092
0.7020000000000005, 0.15687006334804776, 0.736814692820309
0.7030000000000005, 0.16991962081160095, 0.7468146928203088
0.7040000000000005, 0.182987352990287, 0.7568146928203086
0.7050000000000005, 0.19607313028988615, 0.7668146928203083
0.7060000000000005, 0.20917679817638346, 0.7768146928203081
0.7070000000000005, 0.22229817904957416, 0.7868146928203079
0.7080000000000005, 0.23543707409834846, 0.7968146928203077
0.7090000000000005, 0.24859326512194313, 0.8068146928203075
0.7100000000000005, 0.26176651630391357, 0.8168146928203073
0.7110000000000005, 0.27495657592798795, 0.8268146928203071
0.7120000000000005, 0.2881631780271525, 0.8368146928203068
0.7130000000000005, 0.30138604395940893, 0.8468146928203066
0.7140000000000005, 0.3146248839054677, 0.8568146928203064
0.7150000000000005, 0.3278793982853254, 0.8668146928203062
0.7160000000000005, 0.34114927909212023, 0.876814692820306
0.7170000000000005, 0.35443421114291374, 0.8868146928203058
0.7180000000000005, 0.3677338732471216, 0.8968146928203056
0.7190000000000005, 0.3810479392942008, 0.9068146928203054
0.7200000000000005, 0.3943760792629125, 0.9168146928203051
0.7210000000000005, 0.4077179601550598, 0.9268146928203049
0.7220000000000005, 0.42107324685701775, 0.9368146928203047
0.7230000000000005, 0.43444160293268785, 0.9468146928203045
0.7240000000000005, 0.4478226913517056, 0.9568146928203043
0.7250000000000005, 0.4612161751568409, 0.9668146928203041
0.7260000000000005, 0.47462171807455844, 0.9768146928203039
0.7270000000000005, 0.4880389850726732, 0.9868146928203037
0.7280000000000005, 0.5014676428689415, 0.9968146928203034
0.7290000000000005, 0.5149073603942962, 1.0068146928203032
0.7300000000000005, 0.5283578092142736, 1.016814692820303
0.7310000000000005, 0.5418186639119722, 1.0268146928203028
0.7320000000000005, 0.5552896024356904, 1.0368146928203026
0.7330000000000005, 0.5687703064141512, 1.0468146928203024
0.7340000000000005, 0.5822604614420093, 1.0568146928203022
0.7350000000000005, 0.595759757338095, 1.066814692820302
0.7360000000000005, 0.6092678883786244, 1.0768146928203017
0.7370000000000005, 0.6227845535073953, 1.0868146928203015
0.7380000000000005, 0.6363094565247596, 1.0968146928203013
0.7390000000000005, 0.6498423062569834, 1.106814692820301
0.7400000000000005, 0.6633828167073985, 1.1168146928203009
0.7410000000000005, 0.6769307071905959, 1.1268146928203007
0.7420000000000005, 0.6904857024507343, 1.1368146928203005
0.7430000000000005, 0.7040475327649145, 1.1468146928203002
0.7440000000000005, 0.71761593403243, 1.1568146928203
0.7450000000000006, 0.731190647850601, 1.1668146928202998
0.7460000000000006, 0.7447714215778025, 1.1768146928202996
0.7470000000000006, 0.758358008384223, 1.1868146928202994
0.7480000000000006, 0.7719501672908131, 1.1968146928202992
0.7490000000000006, 0.7855476631968492, 1.206814692820299
0.7500000000000006, 0.7991502668964876, 1.2168146928202987
0.7510000000000006, 0.8127577550846596, 1.2268146928202985
0.7520000000000006, 0.8263699103526476, 1.2368146928202983
0.7530000000000006, 0.8399865211736652, 1.246814692820298
0.7540000000000006, 0.8536073818787817, 1.256814692820298
0.7550000000000006, 0.867232292623513, 1.2668146928202977
0.7560000000000006, 0.8808610593454502, 1.2768146928202975
0.7570000000000006, 0.8944934937132794, 1.2868146928202973
0.7580000000000006, 0.908129413067591, 1.296814692820297
0.7590000000000006, 0.9217686403538887, 1.3068146928202968
0.7600000000000006, 0.9354110040482397, 1.3168146928202966
0.7610000000000006, 0.9490563380760224, 1.3268146928202964
0.7620000000000006, 0.9627044817242614, 1.3368146928202962
0.7630000000000006, 0.9763552795480543, 1.346814692820296
0.7640000000000006, 0.9900085812716255, 1.3568146928202958
0.7650000000000006, 1.003664241684541, 1.3668146928202956
0.7660000000000006, 1.0173221205336618, 1.3768146928202953
0.7670000000000006, 1.030982082411397, 1.3868146928202951
0.7680000000000006, 1.0446439966408465, 1.396814692820295
0.7690000000000006, 1.0583077371584237, 1.4068146928202947
0.7700000000000006, 1.0719731823945469, 1.4168146928202945
0.7710000000000006, 1.0856402151529934, 1.4268146928202943
0.7720000000000006, 1.0993087224895066, 1.436814692820294
0.7730000000000006, 1.1129785955902372, 1.4468146928202938
0.7740000000000006, 1.126649729650588, 1.4568146928202936
0.7750000000000006, 1.1403220237550324, 1.4668146928202934
0.7760000000000006, 1.1539953807584449, 1.4768146928202932
0.7770000000000006, 1.1676697071694861, 1.486814692820293
0.7780000000000006, 1.1813449130365439, 1.4968146928202928
0.7790000000000006, 1.1950209118367385, 1.5068146928202926
0.7800000000000006, 1.2086976203684512, 1.5168146928202924
0.7810000000000006, 1.2223749586478365, 1.5268146928202921
0.7820000000000006, 1.2360528498097367, 1.536814692820292
0.7830000000000006, 1.2497312200133979, 1.5468146928202917
0.7840000000000006, 1.2634099983533607, 1.5568146928202915
0.7850000000000006, 1.2770891167758633, 1.5668146928202913
0.7860000000000006, 1.2907685100010657, 1.576814692820291
0.7870000000000006, 1.3044481154513643, 1.5868146928202909
0.7880000000000006, 1.3181278731860426, 1.5968146928202906
0.7890000000000006, 1.3318077258424457, 1.6068146928202904
0.7900000000000006, 1.3454876185838347, 1.6168146928202902
0.7910000000000006, 1.3591674990540272, 1.62681469282029
0.7920000000000006, 1.3728473173388829, 1.6368146928202898
0.7930000000000006, 1.3865270259346274, 1.6468146928202896
0.7940000000000006, 1.4002065797229677, 1.6568146928202894
0.7950000000000006, 1.4138859359528673, 1.6668146928202892
0.7960000000000006, 1.4275650542287983, 1.676814692820289
0.7970000000000006, 1.4412438965052075, 1.6868146928202887
0.7980000000000006, 1.4549224270868613, 1.6968146928202885
0.7990000000000006, 1.468600612634646, 1.7068146928202883
0.8000000000000006, 1.4822784221763352, 1.716814692820288
0.8010000000000006, 1.4959558271217301, 1.7268146928202879
0.8020000000000006, 1.509632801281509, 1.7368146928202877
0.8030000000000006, 1.5233093208890343, 1.7468146928202875
0.8040000000000006, 1.536985364624282, 1.7568146928202872
0.8050000000000006, 1.5506609136389797, 1.766814692820287
0.8060000000000006, 1.564335951581977, 1.7768146928202868
0.8070000000000006, 1.5780104646238011, 1.7868146928202866
0.8080000000000006, 1.5916844414793077, 1.7968146928202864
0.8090000000000006, 1.6053578734273013, 1.8068146928202862
0.8100000000000006, 1.619030754325975, 1.816814692820286
0.8110000000000006, 1.632703080623028, 1.8268146928202857
0.8120000000000006, 1.6463748513593317, 1.8368146928202855
0.8130000000000006, 1.6600460681650708, 1.8468146928202853
0.8140000000000006, 1.673716735247345, 1.856814692820285
0.8150000000000006, 1.6873868593683112, 1.866814692820285
0.8160000000000006, 1.7010564498130738, 1.8768146928202847
0.8170000000000006, 1.714725518346658, 1.8868146928202845
0.8180000000000006, 1.7283940791595769, 1.8968146928202843
0.8190000000000006, 1.7420621488016814, 1.906814692820284
0.8200000000000006, 1.755729746104191, 1.9168146928202838
0.8210000000000006, 1.7693968920899903, 1.9268146928202836
0.8220000000000006, 1.7830636098725319, 1.9368146928202834
0.8230000000000006, 1.7967299245438615, 1.9468146928202832
0.8240000000000006, 1.8103958630525487, 1.956814692820283
0.8250000000000006, 1.824061454072448, 1.9668146928202828
0.8260000000000006, 1.8377267278634553, 1.9768146928202825
0.8270000000000006, 1.8513917161255553, 1.9868146928202823
0.8280000000000006, 1.865056451847606, 1.9968146928202821
0.8290000000000006, 1.878720969152392, 2.006814692820282
0.8300000000000006, 1.8923853031395592, 2.0168146928202817
0.8310000000000006, 1.906049489728066, 2.0268146928202815
0.8320000000000006, 1.9197135654997646, 2.0368146928202813
0.8330000000000006, 1.9333775675456786, 2.046814692820281
0.8340000000000006, 1.9470415333164515, 2.056814692820281
0.8350000000000006, 1.9607055004783214, 2.0668146928202806
0.8360000000000006, 1.9743695067757927, 2.0768146928202804
0.8370000000000006, 1.9880335899020332, 2.08681469282028
0.8380000000000006, 2.001697787377783, 0.002419590427084728
0.8390000000000006, 2.0153621364393666, 0.012419590427084515
0.8400000000000006, 2.0290266739361624, 0.0224195904270843
0.8410000000000006, 2.042691436237661, 0.03241959042708409
0.8420000000000006, 2.056356459150033, 0.042419590427083875
0.8430000000000006, 2.0700217778419057, 0.05241959042708366
0.8440000000000006, 2.083687426778868, 0.06241959042708345
0.8450000000000006, 0.0029583372728669843, 0.07241959042708324
0.8460000000000006, 0.016624747004868823, 0.08241959042708302
0.8470000000000006, 0.030291585621968764, 0.09241959042708281
0.8480000000000006, 0.043958884271887655, 0.1024195904270826
0.8490000000000006, 0.05762667317589276, 0.11241959042708238
0.8500000000000006, 0.07129498159830483, 0.12241959042708217
0.8510000000000006, 0.08496383781837658, 0.13241959042708196
0.8520000000000006, 0.09863326910358161, 0.14241959042708174
0.8530000000000006, 0.11230330168344516, 0.15241959042708153
0.8540000000000006, 0.12597396072310296, 0.16241959042708132
0.8550000000000006, 0.13964527029594187, 0.1724195904270811
0.8560000000000006, 0.1533172533547731, 0.1824195904270809
0.8570000000000007, 0.16698993170113674, 0.19241959042708068
0.8580000000000007, 0.1806633259524819, 0.20241959042708046
0.8590000000000007, 0.1943374555071138, 0.21241959042708025
0.8600000000000007, 0.20801233850694345, 0.22241959042708004
0.8610000000000007, 0.2216879917981771, 0.23241959042707983
0.8620000000000007, 0.23536443089025028, 0.2424195904270796
0.8630000000000007, 0.2490416699133675, 0.2524195904270794
0.8640000000000007, 0.2627197215751149, 0.2624195904270792
0.8650000000000007, 0.27639859711667825, 0.272419590427079
0.8660000000000007, 0.2900783062692387, 0.28241959042707876
0.8670000000000007, 0.3037588572111414, 0.29241959042707855
0.8680000000000007, 0.31744025652642804, 0.30241959042707833
0.8690000000000007, 0.3311225091653256, 0.3124195904270781
0.8700000000000007, 0.3448056184072179, 0.3224195904270779
0.8710000000000007, 0.3584895858266197, 0.3324195904270777
0.8720000000000007, 0.37217441126255046, 0.3424195904270775
0.8730000000000007, 0.3858600927916953, 0.35241959042707727
0.8740000000000007, 0.3995466267055985, 0.36241959042707705
0.8750000000000007, 0.41323400749209505, 0.37241959042707684
0.8760000000000007, 0.4269222278210698, 0.3824195904270766
0.8770000000000007, 0.4406112785345506, 0.3924195904270764
0.8780000000000007, 0.45430114864107907, 0.4024195904270762
0.8790000000000007, 0.4679918253141917, 0.412419590427076
0.8800000000000007, 0.48168329389479503, 0.4224195904270758
0.8810000000000007, 0.49537553789716426, 0.43241959042707556
0.8820000000000007, 0.5090685390182177, 0.44241959042707535
0.8830000000000007, 0.5227622771496989, 0.45241959042707514
0.8840000000000007, 0.5364567303928673, 0.4624195904270749
0.8850000000000007, 0.5501518750752599, 0.4724195904270747
0.8860000000000007, 0.5638476857691082, 0.4824195904270745
0.8870000000000007, 0.5775441353109692, 0.4924195904270743
0.8880000000000007, 0.5912411948221461, 0.5024195904270741
0.8890000000000007, 0.6049388337294967, 0.5124195904270739
0.8900000000000007, 0.6186370197862558, 0.5224195904270736
0.8910000000000007, 0.6323357190925041, 0.5324195904270734
0.8920000000000007, 0.6460348961149869, 0.5424195904270732
0.8930000000000007, 0.65973451370599, 0.552419590427073
0.8940000000000007, 0.6734345331210392, 0.5624195904270728
0.8950000000000007, 0.6871349140352265, 0.5724195904270726
0.8960000000000007, 0.7008356145580166, 0.5824195904270724
0.8970000000000007, 0.7145365912464019, 0.5924195904270722
0.8980000000000007, 0.7282377991163571, 0.6024195904270719
0.8990000000000007, 0.7419391916525448, 0.6124195904270717
0.9000000000000007, 0.7556407208162756, 0.6224195904270715
0.9010000000000007, 0.7693423370517678, 0.6324195904270713
0.9020000000000007, 0.7830439892907712, 0.6424195904270711
0.9030000000000007, 0.7967456249556388, 0.6524195904270709
0.9040000000000007, 0.8104471899609909, 0.6624195904270707
0.9050000000000007, 0.8241486287140827, 0.6724195904270704
0.9060000000000007, 0.8378498841140551, 0.6824195904270702
0.9070000000000007, 0.8515508975502204, 0.69241959042707
0.9080000000000007, 0.8652516088995839, 0.7024195904270698
0.9090000000000007, 0.8789519565237711, 0.7124195904270696
0.9100000000000007, 0.892651877265557, 0.7224195904270694
0.9110000000000007, 0.9063513064451847, 0.7324195904270692
0.9120000000000007, 0.9200501778566714, 0.742419590427069
0.9130000000000007, 0.933748423764273, 0.7524195904270687
0.9140000000000007, 0.9474459748992832, 0.7624195904270685
0.9150000000000007, 0.9611427604573297, 0.7724195904270683
0.9160000000000007, 0.9748387080963337, 0.7824195904270681
0.9170000000000007, 0.9885337439352497, 0.7924195904270679
0.9180000000000007, 1.00222779255372, 0.8024195904270677
0.9190000000000007, 1.0159207769927452, 0.8124195904270675
0.9200000000000007, 1.0296126187564667, 0.8224195904270672
0.9210000000000007, 1.0433032378151204, 0.832419590427067
0.9220000000000007, 1.0569925526092216, 0.8424195904270668
0.9230000000000007, 1.0706804800550138, 0.8524195904270666
0.9240000000000007, 1.0843669355511931, 0.8624195904270664
0.9250000000000007, 1.0980518329869184, 0.8724195904270662
0.9260000000000007, 1.111735084751075, 0.882419590427066
0.9270000000000007, 1.125416601742776, 0.8924195904270658
0.9280000000000007, 1.1390962933830515, 0.9024195904270655
0.9290000000000007, 1.1527740676276608, 0.9124195904270653
0.9300000000000007, 1.1664498309809819, 0.9224195904270651
0.9310000000000007, 1.1801234885108887, 0.9324195904270649
0.9320000000000007, 1.1937949438645497, 0.9424195904270647
0.9330000000000007, 1.2074640992850671, 0.9524195904270645
0.9340000000000007, 1.2211308556288838, 0.9624195904270643
0.9350000000000007, 1.23479511238388, 0.972419590427064
0.9360000000000007, 1.248456767688097, 0.9824195904270638
0.9370000000000007, 1.2621157183490368, 0.9924195904270636
0.9380000000000007, 1.2757718598634824, 1.0024195904270634
0.9390000000000007, 1.2894250864378218, 1.0124195904270632
0.9400000000000007, 1.3030752910088719, 1.022419590427063
0.9410000000000007, 1.3167223652652051, 1.0324195904270628
0.9420000000000007, 1.3303661996690241, 1.0424195904270626
0.9430000000000007, 1.344006683478657, 1.0524195904270623
0.9440000000000007, 1.3576437047717622, 1.0624195904270621
0.9450000000000007, 1.3712771504693766, 1.072419590427062
0.9460000000000007, 1.3849069063609853, 1.0824195904270617
0.9470000000000007, 1.3985328571308102, 1.0924195904270615
0.9480000000000007, 1.4121548863855615, 1.1024195904270613
0.9490000000000007, 1.4257728766839648, 1.112419590427061
0.9500000000000007, 1.4393867095683888, 1.1224195904270609
0.9510000000000007, 1.4529962655989639, 1.1324195904270606
0.9520000000000007, 1.4666014243906442, 1.1424195904270604
0.9530000000000007, 1.480202064653703, 1.1524195904270602
0.9540000000000007, 1.4937980642382254, 1.16241959042706
0.9550000000000007, 1.507389300183199, 1.1724195904270598
0.9560000000000007, 1.520975648770893, 1.1824195904270596
0.9570000000000007, 1.534556985587276, 1.1924195904270594
0.9580000000000007, 1.548133185589263, 1.2024195904270591
0.9590000000000007, 1.5617041231796893, 1.212419590427059
0.9600000000000007, 1.5752696722909683, 1.2224195904270587
0.9610000000000007, 1.5888297064784318, 1.2324195904270585
0.9620000000000007, 1.602384099024487, 1.2424195904270583
0.9630000000000007, 1.615932723054728, 1.252419590427058
0.9640000000000007, 1.6294754516672647, 1.2624195904270579
0.9650000000000007, 1.6430121580765782, 1.2724195904270577
0.9660000000000007, 1.6565427157732593, 1.2824195904270574
0.9670000000000007, 1.67006699870109, 1.2924195904270572
0.9680000000000007, 1.6835848814529264, 1.302419590427057
0.9690000000000007, 1.697096239486914, 1.3124195904270568
0.9700000000000008, 1.7106009493645775, 1.3224195904270566
0.9710000000000008, 1.7240988890123177, 1.3324195904270564
0.9720000000000008, 1.7375899380078632, 1.3424195904270562
0.9730000000000008, 1.7510739778931512, 1.352419590427056
0.9740000000000008, 1.7645508925150395, 1.3624195904270557
0.9750000000000008, 1.778020568395151, 1.3724195904270555
0.9760000000000008, 1.7914828951299864, 1.3824195904270553
0.9770000000000008, 1.8049377658222436, 1.392419590427055
0.9780000000000008, 1.818385077544006, 1.4024195904270549
0.9790000000000008, 1.8318247318321799, 1.4124195904270547
0.9800000000000008, 1.845256635216133, 1.4224195904270545
0.9810000000000008, 1.8586806997770822, 1.4324195904270542
0.9820000000000008, 1.8720968437382144, 1.442419590427054
0.9830000000000008, 1.8855049920839555, 1.4524195904270538
0.9840000000000008, 1.8989050772061038, 1.4624195904270536
0.9850000000000008, 1.9122970395738133, 1.4724195904270534
0.9860000000000008, 1.9256808284235891, 1.4824195904270532
0.9870000000000008, 1.9390564024645638, 1.492419590427053
0.9880000000000008, 1.9524237305934182, 1.5024195904270528
0.9890000000000008, 1.9657827926123108, 1.5124195904270525
0.9900000000000008, 1.979133579942216, 1.5224195904270523
0.9910000000000008, 1.9924760963230792, 1.5324195904270521
0.9920000000000008, 2.005810358491262, 1.542419590427052
0.9930000000000008, 2.0191363968238427, 1.5524195904270517
0.9940000000000008, 2.032454255938605, 1.5624195904270515
0.9950000000000008, 2.045763995237852, 1.5724195904270513
0.9960000000000008, 2.0590656893837735, 1.582419590427051
0.9970000000000008, 2.07235942869284, 1.5924195904270508
0.9980000000000008, 2.085645319436715, 1.6024195904270506
0.9990000000000008, 0.004528381644346435, 1.6124195904270504
